{
  "0x2e72": 6.314723491668701,
  "0x2e73": 3.344682455062866,
  "0x3b48": 9.900278091430664,
  "0x3b49": 3.748314142227173,
  "0x46b0": 8.826510429382324,
  "0x46b1": 4.1699395179748535,
  "0x5128": 7.211453914642334,
  "0x5129": 3.3984627723693848,
  "0x59b6": 4.307910442352295,
  "0x59b7": 3.174553155899048,
  "0x6154": 5.816133975982666,
  "0x6155": 2.957282066345215,
  "0x6708": 5.283945560455322,
  "0x6709": 2.821004867553711,
  "0x7140": 7.680117130279541,
  "0x7141": 3.7082674503326416,
  "0x2e74": 6.499516010284424,
  "0x2e75": 3.4002370834350586,
  "0x3b4a": 9.899985313415527,
  "0x3b4b": 3.8003203868865967,
  "0x46b2": 8.804614067077637,
  "0x46b3": 4.1958394050598145,
  "0x512a": 7.39617395401001,
  "0x512b": 3.504758834838867,
  "0x59b8": 4.200937747955322,
  "0x59b9": 3.2996177673339844,
  "0x6156": 6.0010857582092285,
  "0x6157": 3.098654270172119,
  "0x670a": 5.686160564422607,
  "0x670b": 3.0874433517456055,
  "0x7142": 7.680858135223389,
  "0x7143": 3.707742214202881,
  "0x2e76": 6.499516010284424,
  "0x2e77": 3.3935484886169434,
  "0x3b4c": 9.899985313415527,
  "0x3b4d": 3.800694704055786,
  "0x46b4": 8.804987907409668,
  "0x46b5": 4.196213245391846,
  "0x512c": 7.49062967300415,
  "0x512d": 3.4540464878082275,
  "0x59ba": 4.295020580291748,
  "0x59bb": 3.2485313415527344,
  "0x6158": 6.010146617889404,
  "0x6159": 3.1282827854156494,
  "0x670c": 5.657379150390625,
  "0x670d": 3.1497950553894043,
  "0x7144": 7.654516696929932,
  "0x7145": 3.7147676944732666,
  "0x2e78": 6.668976783752441,
  "0x2e79": 3.391710042953491,
  "0x3b4e": 9.899985313415527,
  "0x3b4f": 3.800694704055786,
  "0x46b6": 8.821138381958008,
  "0x46b7": 4.154995918273926,
  "0x512e": 7.696903705596924,
  "0x512f": 3.39255952835083,
  "0x59bc": 4.332925319671631,
  "0x59bd": 3.162193775177002,
  "0x615a": 6.131928443908691,
  "0x615b": 3.041945219039917,
  "0x670e": 5.877089977264404,
  "0x670f": 3.0923633575439453,
  "0x7146": 7.6322550773620605,
  "0x7147": 3.643171787261963,
  "0x2e7a": 6.668976783752441,
  "0x2e7b": 3.391710042953491,
  "0x3b50": 9.899985313415527,
  "0x3b51": 3.800694704055786,
  "0x46b8": 8.821138381958008,
  "0x46b9": 4.154995918273926,
  "0x5130": 7.740748882293701,
  "0x5131": 3.39255952835083,
  "0x59be": 4.376771450042725,
  "0x59bf": 3.162193775177002,
  "0x615c": 6.126605987548828,
  "0x615d": 3.041945219039917,
  "0x6710": 5.9195876121521,
  "0x6711": 3.0923633575439453,
  "0x7148": 7.6322550773620605,
  "0x7149": 3.643171787261963,
  "0x2e7c": 6.668976783752441,
  "0x2e7d": 3.391710042953491,
  "0x3b52": 9.899985313415527,
  "0x3b53": 3.800694704055786,
  "0x46ba": 8.821138381958008,
  "0x46bb": 4.154995918273926,
  "0x5132": 7.740748882293701,
  "0x5133": 3.39255952835083,
  "0x59c0": 4.376771450042725,
  "0x59c1": 3.162193775177002,
  "0x615e": 6.126605987548828,
  "0x615f": 3.041945219039917,
  "0x6712": 5.9195876121521,
  "0x6713": 3.0923633575439453,
  "0x714a": 7.6322550773620605,
  "0x714b": 3.643171787261963,
  "0x2e7e": 6.668976783752441,
  "0x2e7f": 3.391710042953491,
  "0x3b54": 9.899985313415527,
  "0x3b55": 3.800694704055786,
  "0x46bc": 8.821138381958008,
  "0x46bd": 4.154995918273926,
  "0x5134": 7.740748882293701,
  "0x5135": 3.39255952835083,
  "0x59c2": 4.376771450042725,
  "0x59c3": 3.162193775177002,
  "0x6160": 6.126605987548828,
  "0x6161": 3.041945219039917,
  "0x6714": 5.9195876121521,
  "0x6715": 3.0923633575439453,
  "0x714c": 7.6322550773620605,
  "0x714d": 3.643171787261963
}