{
  "0x3094": 0.0,
  "0x3095": 1.0999999999999996,
  "0x3d6a": 9.6,
  "0x3d6b": 1.4000000000000004,
  "0x48d2": 8.3,
  "0x48d3": 0.9000000000000004,
  "0x534a": 3.9,
  "0x534b": 2.3,
  "0x5bd8": 2.7,
  "0x5bd9": 3.1,
  "0x6376": 3.1,
  "0x6377": 1.7000000000000002,
  "0x692a": 1.7000000000000002,
  "0x692b": 0.0,
  "0x6dec": 5.9,
  "0x6ded": 3.5,
  "0x7362": 9.4,
  "0x7363": 0.2000000000000001,
  "0x77e6": 6.9,
  "0x77e7": 1.5,
  "0x3096": 6.4,
  "0x3097": 3.1,
  "0x3d6c": 10.3,
  "0x3d6d": 3.2,
  "0x48d4": 8.4,
  "0x48d5": 2.5,
  "0x534c": 2.3000000000000007,
  "0x534d": 0.0,
  "0x5bda": 5.6,
  "0x5bdb": 0.7000000000000002,
  "0x6378": 7.4,
  "0x6379": 1.6,
  "0x692c": 5.5,
  "0x692d": 2.5,
  "0x6dee": 8.1,
  "0x6def": 3.1,
  "0x7364": 3.6,
  "0x7365": 1.7999999999999998,
  "0x77e8": 4.5,
  "0x77e9": 0.0,
  "0x3098": 7.0,
  "0x3099": 0.0,
  "0x3d6e": 10.0,
  "0x3d6f": 1.5999999999999996,
  "0x48d6": 7.699999999999998,
  "0x48d7": 0.2999999999999998,
  "0x534e": 4.0,
  "0x534f": 4.2,
  "0x5bdc": 4.800000000000002,
  "0x5bdd": 0.5,
  "0x637a": 4.6,
  "0x637b": 2.4,
  "0x692e": 7.300000000000002,
  "0x692f": 0.2999999999999998,
  "0x6df0": 11.2,
  "0x6df1": 0.7000000000000002,
  "0x7366": 3.4000000000000004,
  "0x7367": 2.1,
  "0x77ea": 7.9,
  "0x77eb": 2.9,
  "0x309a": 8.1,
  "0x309b": 2.7,
  "0x3d70": 7.300000000000002,
  "0x3d71": 4.1,
  "0x48d8": 10.2,
  "0x48d9": 4.1,
  "0x5350": 7.5,
  "0x5351": 0.4000000000000004,
  "0x5bde": 4.6,
  "0x5bdf": 1.2999999999999998,
  "0x637c": 4.8,
  "0x637d": 0.0,
  "0x6930": 3.9,
  "0x6931": 1.4,
  "0x6df2": 8.3,
  "0x6df3": 4.2,
  "0x7368": 3.5,
  "0x7369": 1.5999999999999996,
  "0x77ec": 4.9,
  "0x77ed": 5.0,
  "0x309c": 8.5,
  "0x309d": 0.0,
  "0x3d72": 9.4,
  "0x3d73": 2.1,
  "0x48da": 9.4,
  "0x48db": 2.3,
  "0x5352": 10.4,
  "0x5353": 1.5999999999999996,
  "0x5be0": 2.5,
  "0x5be1": 2.9000000000000004,
  "0x637e": 1.4000000000000004,
  "0x637f": 1.4,
  "0x6932": 3.0,
  "0x6933": 0.0,
  "0x6df4": 11.1,
  "0x6df5": 4.3,
  "0x736a": 7.800000000000002,
  "0x736b": 0.7999999999999998,
  "0x77ee": 11.2,
  "0x77ef": 3.9,
  "0x309e": 6.3,
  "0x309f": 1.5,
  "0x3d74": 6.5,
  "0x3d75": 0.7999999999999998,
  "0x48dc": 0.5999999999999996,
  "0x48dd": 0.0,
  "0x5354": 5.3,
  "0x5355": 2.0,
  "0x5be2": 3.2,
  "0x5be3": 0.0,
  "0x6380": 4.4,
  "0x6381": 0.0,
  "0x6934": 0.2999999999999998,
  "0x6935": 2.3,
  "0x6df6": 3.9,
  "0x6df7": 3.1,
  "0x736c": 2.1,
  "0x736d": 0.5999999999999996,
  "0x77f0": 4.5,
  "0x77f1": 0.8999999999999999,
  "0x30a0": 6.699999999999998,
  "0x30a1": 2.7,
  "0x3d76": 9.7,
  "0x3d77": 0.8999999999999999,
  "0x48de": 3.3000000000000007,
  "0x48df": 0.2999999999999998,
  "0x5356": 4.8,
  "0x5357": 1.6,
  "0x5be4": 2.2,
  "0x5be5": 0.1,
  "0x6382": 1.4000000000000004,
  "0x6383": 0.1,
  "0x6936": 5.6,
  "0x6937": 1.7999999999999998,
  "0x6df8": 3.5,
  "0x6df9": 4.6,
  "0x736e": 6.9,
  "0x736f": 0.0,
  "0x77f2": 6.699999999999998,
  "0x77f3": 0.9000000000000004
}