{
  "0x3078": 0.7999999999999998,
  "0x3079": 2.8,
  "0x3d4e": 7.0,
  "0x3d4f": 2.6,
  "0x48b6": 5.4,
  "0x48b7": 1.2999999999999998,
  "0x532e": 6.4,
  "0x532f": 1.4,
  "0x5bbc": 2.4000000000000004,
  "0x5bbd": 2.0,
  "0x635a": 6.1,
  "0x635b": 0.0,
  "0x690e": 0.0,
  "0x690f": 2.4,
  "0x6dd0": 6.1,
  "0x6dd1": 3.3,
  "0x7346": 9.1,
  "0x7347": 3.3,
  "0x77ca": 4.6,
  "0x77cb": 0.4000000000000004,
  "0x307a": 2.4000000000000004,
  "0x307b": 3.8,
  "0x3d50": 9.3,
  "0x3d51": 2.5,
  "0x48b8": 3.3000000000000007,
  "0x48b9": 2.2,
  "0x5330": 2.4000000000000004,
  "0x5331": 0.0,
  "0x5bbe": 5.199999999999998,
  "0x5bbf": 0.0,
  "0x635c": 0.7000000000000002,
  "0x635d": 0.0,
  "0x6910": 5.8,
  "0x6911": 2.4,
  "0x6dd2": 7.300000000000002,
  "0x6dd3": 1.6,
  "0x7348": 0.7000000000000002,
  "0x7349": 3.3,
  "0x77cc": 4.9,
  "0x77cd": 3.5,
  "0x307c": 8.6,
  "0x307d": 1.2999999999999998,
  "0x3d52": 7.6,
  "0x3d53": 0.2999999999999998,
  "0x48ba": 4.300000000000002,
  "0x48bb": 1.5,
  "0x5332": 8.1,
  "0x5333": 3.8,
  "0x5bc0": 3.7,
  "0x5bc1": 0.2000000000000001,
  "0x635e": 5.6,
  "0x635f": 0.2999999999999998,
  "0x6912": 3.1,
  "0x6913": 2.0,
  "0x6dd4": 6.300000000000002,
  "0x6dd5": 3.2,
  "0x734a": 8.5,
  "0x734b": 3.0,
  "0x77ce": 8.9,
  "0x77cf": 3.3,
  "0x307e": 4.699999999999998,
  "0x307f": 1.4000000000000004,
  "0x3d54": 10.8,
  "0x3d55": 1.9000000000000004,
  "0x48bc": 4.800000000000002,
  "0x48bd": 1.4000000000000004,
  "0x5334": 8.4,
  "0x5335": 1.7000000000000002,
  "0x5bc2": 1.7999999999999998,
  "0x5bc3": 0.2999999999999998,
  "0x6360": 0.9000000000000004,
  "0x6361": 1.5,
  "0x6914": 1.7999999999999998,
  "0x6915": 2.1,
  "0x6dd6": 11.2,
  "0x6dd7": 2.6,
  "0x734c": 9.2,
  "0x734d": 2.4000000000000004,
  "0x77d0": 9.7,
  "0x77d1": 3.0,
  "0x3080": 2.7,
  "0x3081": 2.9,
  "0x3d56": 9.8,
  "0x3d57": 2.6,
  "0x48be": 6.199999999999998,
  "0x48bf": 0.0,
  "0x5336": 5.800000000000002,
  "0x5337": 1.2999999999999998,
  "0x5bc4": 2.4000000000000004,
  "0x5bc5": 0.6000000000000001,
  "0x6362": 4.5,
  "0x6363": 0.5,
  "0x6916": 3.7,
  "0x6917": 2.0,
  "0x6dd8": 6.5,
  "0x6dd9": 2.7,
  "0x734e": 5.300000000000002,
  "0x734f": 3.8,
  "0x77d2": 8.8,
  "0x77d3": 0.5,
  "0x3082": 6.1,
  "0x3083": 1.4,
  "0x3d58": 2.3000000000000007,
  "0x3d59": 0.0,
  "0x48c0": 4.6,
  "0x48c1": 1.9,
  "0x5338": 3.0,
  "0x5339": 3.6,
  "0x5bc6": 6.7,
  "0x5bc7": 0.1,
  "0x6364": 0.7999999999999998,
  "0x6365": 2.3,
  "0x6918": 4.7,
  "0x6919": 0.0,
  "0x6dda": 9.2,
  "0x6ddb": 1.7000000000000002,
  "0x7350": 7.699999999999998,
  "0x7351": 0.6000000000000001,
  "0x77d4": 6.8,
  "0x77d5": 0.0,
  "0x3084": 2.9000000000000004,
  "0x3085": 1.1,
  "0x3d5a": 7.5,
  "0x3d5b": 2.2,
  "0x48c2": 8.0,
  "0x48c3": 2.9,
  "0x533a": 3.8000000000000007,
  "0x533b": 0.9000000000000004,
  "0x5bc8": 1.2999999999999998,
  "0x5bc9": 0.8999999999999999,
  "0x6366": 3.0,
  "0x6367": 1.7000000000000002,
  "0x691a": 0.0,
  "0x691b": 0.0,
  "0x6ddc": 7.5,
  "0x6ddd": 0.7999999999999998,
  "0x7352": 5.1,
  "0x7353": 1.7000000000000002,
  "0x77d6": 9.2,
  "0x77d7": 0.0
}