{
  "0x2e3a": 5.817790985107422,
  "0x2e3b": 3.023089647293091,
  "0x3b10": 7.2674641609191895,
  "0x3b11": 3.8201205730438232,
  "0x4678": 7.674433708190918,
  "0x4679": 3.1277263164520264,
  "0x50f0": 6.571317195892334,
  "0x50f1": 3.416149139404297,
  "0x597e": 5.437381744384766,
  "0x597f": 2.8021275997161865,
  "0x611c": 5.697711944580078,
  "0x611d": 3.0214900970458984,
  "0x66d0": 5.120647430419922,
  "0x66d1": 2.8366260528564453,
  "0x2e3c": 5.889272689819336,
  "0x2e3d": 3.0598902702331543,
  "0x3b12": 7.369318962097168,
  "0x3b13": 3.8549675941467285,
  "0x467a": 8.125208854675293,
  "0x467b": 3.1822474002838135,
  "0x50f2": 6.5120391845703125,
  "0x50f3": 3.4190168380737305,
  "0x5980": 5.368527889251709,
  "0x5981": 2.8021275997161865,
  "0x611e": 5.808191299438477,
  "0x611f": 3.0214900970458984,
  "0x66d2": 5.102377891540527,
  "0x66d3": 2.8366260528564453,
  "0x2e3e": 5.889272689819336,
  "0x2e3f": 3.0598902702331543,
  "0x3b14": 7.369318962097168,
  "0x3b15": 3.8549675941467285,
  "0x467c": 8.125208854675293,
  "0x467d": 3.1822474002838135,
  "0x50f4": 6.5120391845703125,
  "0x50f5": 3.4190168380737305,
  "0x5982": 5.368527889251709,
  "0x5983": 2.8021275997161865,
  "0x6120": 5.808191299438477,
  "0x6121": 3.0214900970458984,
  "0x66d4": 5.102377891540527,
  "0x66d5": 2.8366260528564453,
  "0x2e40": 5.877852439880371,
  "0x2e41": 3.062415599822998,
  "0x3b16": 7.383169651031494,
  "0x3b17": 3.8218955993652344,
  "0x467e": 8.099818229675293,
  "0x467f": 3.192769765853882,
  "0x50f6": 6.49378776550293,
  "0x50f7": 3.4083900451660156,
  "0x5984": 5.3760881423950195,
  "0x5985": 2.8048291206359863,
  "0x6122": 5.789900302886963,
  "0x6123": 3.013594388961792,
  "0x66d6": 5.089181423187256,
  "0x66d7": 2.831054210662842,
  "0x2e42": 6.299529075622559,
  "0x2e43": 3.0004148483276367,
  "0x3b18": 7.3005900382995605,
  "0x3b19": 4.000175952911377,
  "0x4680": 9.094490051269531,
  "0x4681": 3.1030924320220947,
  "0x50f8": 6.500022888183594,
  "0x50f9": 3.59853458404541,
  "0x5986": 5.20326042175293,
  "0x5987": 2.9971609115600586,
  "0x6124": 6.798946380615234,
  "0x6125": 3.0010156631469727,
  "0x66d8": 5.762982368469238,
  "0x66d9": 2.860074043273926,
  "0x2e44": 6.299529075622559,
  "0x2e45": 3.0004148483276367,
  "0x3b1a": 7.3005900382995605,
  "0x3b1b": 4.000175952911377,
  "0x4682": 9.094490051269531,
  "0x4683": 3.1030924320220947,
  "0x50fa": 6.500022888183594,
  "0x50fb": 3.59853458404541,
  "0x5988": 5.20326042175293,
  "0x5989": 2.9971609115600586,
  "0x6126": 6.798946380615234,
  "0x6127": 3.0010156631469727,
  "0x66da": 5.762982368469238,
  "0x66db": 2.860074043273926,
  "0x2e46": 6.299529075622559,
  "0x2e47": 3.0004148483276367,
  "0x3b1c": 7.3005900382995605,
  "0x3b1d": 4.000175952911377,
  "0x4684": 9.094490051269531,
  "0x4685": 3.1030924320220947,
  "0x50fc": 6.500022888183594,
  "0x50fd": 3.59853458404541,
  "0x598a": 5.20326042175293,
  "0x598b": 2.9971609115600586,
  "0x6128": 6.798946380615234,
  "0x6129": 3.0010156631469727,
  "0x66dc": 5.762982368469238,
  "0x66dd": 2.860074043273926
}