{
  "0x2f8a": 1.8035322427749634,
  "0x2f8b": 1.3014460802078247,
  "0x3c60": 9.29771614074707,
  "0x3c61": 5.198211669921875,
  "0x47c8": 8.794246673583984,
  "0x47c9": 1.9106676578521729,
  "0x5240": 4.400138854980469,
  "0x5241": 2.310436248779297,
  "0x5ace": 0.6217947602272034,
  "0x5acf": 4.77998161315918,
  "0x626c": 5.327682018280029,
  "0x626d": 2.3252508640289307,
  "0x6820": 2.429809808731079,
  "0x6821": -0.013147018849849701,
  "0x6ce2": 8.781688690185547,
  "0x6ce3": 1.2179895639419556,
  "0x7258": 5.2170796394348145,
  "0x7259": 4.088959217071533,
  "0x76dc": 9.191096305847168,
  "0x76dd": 1.7043935060501099,
  "0x2f8c": 1.8035322427749634,
  "0x2f8d": 1.3014460802078247,
  "0x3c62": 9.29771614074707,
  "0x3c63": 5.198211669921875,
  "0x47ca": 8.794246673583984,
  "0x47cb": 1.9106676578521729,
  "0x5242": 4.400138854980469,
  "0x5243": 2.310436248779297,
  "0x5ad0": 0.6217947602272034,
  "0x5ad1": 4.77998161315918,
  "0x626e": 5.370590686798096,
  "0x626f": 2.3252508640289307,
  "0x6822": 2.429809808731079,
  "0x6823": 1.472740650177002,
  "0x6ce4": 8.781688690185547,
  "0x6ce5": 1.2179895639419556,
  "0x725a": 5.2170796394348145,
  "0x725b": 4.088959217071533,
  "0x76de": 9.191096305847168,
  "0x76df": 1.7043935060501099,
  "0x2f8e": 1.8035322427749634,
  "0x2f8f": 1.3014460802078247,
  "0x3c64": 9.29771614074707,
  "0x3c65": 5.198211669921875,
  "0x47cc": 8.794246673583984,
  "0x47cd": 1.9106676578521729,
  "0x5244": 4.400138854980469,
  "0x5245": 2.310436248779297,
  "0x5ad2": 0.6217947602272034,
  "0x5ad3": 4.77998161315918,
  "0x6270": 5.370590686798096,
  "0x6271": 2.3252508640289307,
  "0x6824": 2.429809808731079,
  "0x6825": 1.472740650177002,
  "0x6ce6": 8.781688690185547,
  "0x6ce7": 1.2179895639419556,
  "0x725c": 5.2170796394348145,
  "0x725d": 4.088959217071533,
  "0x76e0": 9.191096305847168,
  "0x76e1": 1.7043935060501099,
  "0x2f90": 1.8035322427749634,
  "0x2f91": 1.3014460802078247,
  "0x3c66": 9.29771614074707,
  "0x3c67": 5.198211669921875,
  "0x47ce": 8.794246673583984,
  "0x47cf": 1.9106676578521729,
  "0x5246": 4.400138854980469,
  "0x5247": 2.310436248779297,
  "0x5ad4": 0.6217947602272034,
  "0x5ad5": 4.77998161315918,
  "0x6272": 5.370590686798096,
  "0x6273": 0.15269167721271515,
  "0x6826": 2.429809808731079,
  "0x6827": 1.472740650177002,
  "0x6ce8": 8.781688690185547,
  "0x6ce9": 1.2179895639419556,
  "0x725e": 5.2170796394348145,
  "0x725f": 4.088959217071533,
  "0x76e2": 9.191096305847168,
  "0x76e3": 1.7043935060501099,
  "0x2f92": 1.8035322427749634,
  "0x2f93": 1.3014460802078247,
  "0x3c68": 9.29771614074707,
  "0x3c69": 5.198211669921875,
  "0x47d0": 8.794246673583984,
  "0x47d1": 1.9106676578521729,
  "0x5248": 4.400138854980469,
  "0x5249": 2.310436248779297,
  "0x5ad6": 0.6217947602272034,
  "0x5ad7": 4.77998161315918,
  "0x6274": 5.370590686798096,
  "0x6275": 2.3252508640289307,
  "0x6828": 2.429809808731079,
  "0x6829": 1.472740650177002,
  "0x6cea": 8.781688690185547,
  "0x6ceb": 1.2179895639419556,
  "0x7260": 5.2170796394348145,
  "0x7261": 4.088959217071533,
  "0x76e4": 9.191096305847168,
  "0x76e5": 1.7043935060501099,
  "0x2f94": 1.8035322427749634,
  "0x2f95": 1.3014460802078247,
  "0x3c6a": 9.29771614074707,
  "0x3c6b": 5.198211669921875,
  "0x47d2": 8.794246673583984,
  "0x47d3": 1.9106676578521729,
  "0x524a": 4.400138854980469,
  "0x524b": 2.310436248779297,
  "0x5ad8": 0.6217947602272034,
  "0x5ad9": 4.77998161315918,
  "0x6276": 5.370590686798096,
  "0x6277": 2.3252508640289307,
  "0x682a": 2.371633529663086,
  "0x682b": 1.472740650177002,
  "0x6cec": 8.781688690185547,
  "0x6ced": 1.2179895639419556,
  "0x7262": 5.2170796394348145,
  "0x7263": 4.088959217071533,
  "0x76e6": 9.191096305847168,
  "0x76e7": 1.7043935060501099,
  "0x2f96": 1.8035322427749634,
  "0x2f97": 1.3014460802078247,
  "0x3c6c": 9.29771614074707,
  "0x3c6d": 5.198211669921875,
  "0x47d4": 8.794246673583984,
  "0x47d5": 1.9106676578521729,
  "0x524c": 4.400138854980469,
  "0x524d": 2.310436248779297,
  "0x5ada": 0.6217947602272034,
  "0x5adb": 1.0819944143295288,
  "0x6278": 5.370590686798096,
  "0x6279": 0.15269167721271515,
  "0x682c": 2.429809808731079,
  "0x682d": 1.472740650177002,
  "0x6cee": 8.781688690185547,
  "0x6cef": 1.2179895639419556,
  "0x7264": 5.2170796394348145,
  "0x7265": 4.088959217071533,
  "0x76e8": 9.191096305847168,
  "0x76e9": 1.7043935060501099
}