{
  "0x2e64": 6.396777153015137,
  "0x2e65": 3.6004018783569336,
  "0x3b3a": 6.611493110656738,
  "0x3b3b": 4.193613052368164,
  "0x46a2": 6.997437000274658,
  "0x46a3": 3.9978089332580566,
  "0x511a": 6.9894890785217285,
  "0x511b": 2.7113218307495117,
  "0x59a8": 5.2056403160095215,
  "0x59a9": 2.8002753257751465,
  "0x6146": 5.692367076873779,
  "0x6147": 2.504786729812622,
  "0x66fa": 5.400926113128662,
  "0x66fb": 3.0978007316589355,
  "0x2e66": 6.396777153015137,
  "0x2e67": 3.6004018783569336,
  "0x3b3c": 6.611493110656738,
  "0x3b3d": 4.193613052368164,
  "0x46a4": 6.997437000274658,
  "0x46a5": 3.9978089332580566,
  "0x511c": 6.9894890785217285,
  "0x511d": 2.7113218307495117,
  "0x59aa": 5.2056403160095215,
  "0x59ab": 2.8002753257751465,
  "0x6148": 5.692367076873779,
  "0x6149": 2.504786729812622,
  "0x66fc": 5.400926113128662,
  "0x66fd": 3.0978007316589355,
  "0x2e68": 6.396777153015137,
  "0x2e69": 3.6004018783569336,
  "0x3b3e": 6.611493110656738,
  "0x3b3f": 4.193613052368164,
  "0x46a6": 6.997437000274658,
  "0x46a7": 3.9978089332580566,
  "0x511e": 6.9894890785217285,
  "0x511f": 2.7113218307495117,
  "0x59ac": 5.2056403160095215,
  "0x59ad": 2.8002753257751465,
  "0x614a": 5.692367076873779,
  "0x614b": 2.504786729812622,
  "0x66fe": 5.400926113128662,
  "0x66ff": 3.0978007316589355,
  "0x2e6a": 6.396777153015137,
  "0x2e6b": 3.6004018783569336,
  "0x3b40": 6.611493110656738,
  "0x3b41": 4.193613052368164,
  "0x46a8": 6.997437000274658,
  "0x46a9": 3.9978089332580566,
  "0x5120": 6.9894890785217285,
  "0x5121": 2.7113218307495117,
  "0x59ae": 5.2056403160095215,
  "0x59af": 2.8002753257751465,
  "0x614c": 5.692367076873779,
  "0x614d": 2.504786729812622,
  "0x6700": 5.400926113128662,
  "0x6701": 3.0978007316589355,
  "0x2e6c": 6.396777153015137,
  "0x2e6d": 3.6004018783569336,
  "0x3b42": 6.611493110656738,
  "0x3b43": 4.193613052368164,
  "0x46aa": 6.997437000274658,
  "0x46ab": 3.9978089332580566,
  "0x5122": 6.9894890785217285,
  "0x5123": 2.7113218307495117,
  "0x59b0": 5.2056403160095215,
  "0x59b1": 2.8002753257751465,
  "0x614e": 5.692367076873779,
  "0x614f": 2.504786729812622,
  "0x6702": 5.400926113128662,
  "0x6703": 3.0978007316589355,
  "0x2e6e": 6.396777153015137,
  "0x2e6f": 3.6004018783569336,
  "0x3b44": 6.611493110656738,
  "0x3b45": 4.193613052368164,
  "0x46ac": 6.997437000274658,
  "0x46ad": 3.9978089332580566,
  "0x5124": 6.9894890785217285,
  "0x5125": 2.7113218307495117,
  "0x59b2": 5.2056403160095215,
  "0x59b3": 2.8002753257751465,
  "0x6150": 5.692367076873779,
  "0x6151": 2.504786729812622,
  "0x6704": 5.400926113128662,
  "0x6705": 3.0978007316589355,
  "0x2e70": 6.396777153015137,
  "0x2e71": 3.6004018783569336,
  "0x3b46": 6.611493110656738,
  "0x3b47": 4.193613052368164,
  "0x46ae": 6.997437000274658,
  "0x46af": 3.9978089332580566,
  "0x5126": 6.9894890785217285,
  "0x5127": 2.7113218307495117,
  "0x59b4": 5.2056403160095215,
  "0x59b5": 2.8002753257751465,
  "0x6152": 5.692367076873779,
  "0x6153": 2.504786729812622,
  "0x6706": 5.400926113128662,
  "0x6707": 3.0978007316589355,
  "0x713e": 5.2005696296691895,
  "0x713f": 4.178072452545166
}