{
  "0x2ca4": 7.999428749084473,
  "0x2ca5": 3.5004234313964844,
  "0x397a": 10.200543403625488,
  "0x397b": 5.698347568511963,
  "0x44e2": 10.293499946594238,
  "0x44e3": 3.9049062728881836,
  "0x4f5a": 9.603059768676758,
  "0x4f5b": 4.896699905395508,
  "0x57e8": 7.702863693237305,
  "0x57e9": 3.297928810119629,
  "0x5f86": 7.596700668334961,
  "0x5f87": 2.8027095794677734,
  "0x2ca6": 7.999428749084473,
  "0x2ca7": 3.5004234313964844,
  "0x397c": 10.200543403625488,
  "0x397d": 5.698347568511963,
  "0x44e4": 10.293499946594238,
  "0x44e5": 3.9049062728881836,
  "0x4f5c": 9.603059768676758,
  "0x4f5d": 4.896699905395508,
  "0x57ea": 7.702863693237305,
  "0x57eb": 3.297928810119629,
  "0x5f88": 7.596700668334961,
  "0x5f89": 2.8027095794677734,
  "0x2ca8": 7.999428749084473,
  "0x2ca9": 3.5004234313964844,
  "0x397e": 10.200543403625488,
  "0x397f": 5.698347568511963,
  "0x44e6": 10.293499946594238,
  "0x44e7": 3.9049062728881836,
  "0x4f5e": 9.603059768676758,
  "0x4f5f": 4.896699905395508,
  "0x57ec": 7.702863693237305,
  "0x57ed": 3.297928810119629,
  "0x5f8a": 7.596700668334961,
  "0x5f8b": 2.8027095794677734,
  "0x2caa": 7.999428749084473,
  "0x2cab": 3.5004234313964844,
  "0x3980": 10.200543403625488,
  "0x3981": 5.698347568511963,
  "0x44e8": 10.293499946594238,
  "0x44e9": 3.9049062728881836,
  "0x4f60": 9.603059768676758,
  "0x4f61": 4.896699905395508,
  "0x57ee": 7.702863693237305,
  "0x57ef": 3.297928810119629,
  "0x5f8c": 7.596700668334961,
  "0x5f8d": 2.8027095794677734,
  "0x2cac": 7.999428749084473,
  "0x2cad": 3.5004234313964844,
  "0x3982": 10.200543403625488,
  "0x3983": 5.698347568511963,
  "0x44ea": 10.293499946594238,
  "0x44eb": 3.9049062728881836,
  "0x4f62": 9.603059768676758,
  "0x4f63": 4.896699905395508,
  "0x57f0": 7.702863693237305,
  "0x57f1": 3.297928810119629,
  "0x5f8e": 7.596700668334961,
  "0x5f8f": 2.8027095794677734,
  "0x2cae": 7.999428749084473,
  "0x2caf": 3.5004234313964844,
  "0x3984": 10.200543403625488,
  "0x3985": 5.698347568511963,
  "0x44ec": 10.293499946594238,
  "0x44ed": 3.9049062728881836,
  "0x4f64": 9.603059768676758,
  "0x4f65": 4.896699905395508,
  "0x57f2": 7.702863693237305,
  "0x57f3": 3.297928810119629,
  "0x5f90": 7.596700668334961,
  "0x5f91": 2.8027095794677734,
  "0x2cb0": 7.999428749084473,
  "0x2cb1": 3.5004234313964844,
  "0x3986": 10.200543403625488,
  "0x3987": 5.698347568511963,
  "0x44ee": 10.293499946594238,
  "0x44ef": 3.9049062728881836,
  "0x4f66": 9.603059768676758,
  "0x4f67": 4.896699905395508,
  "0x57f4": 7.702863693237305,
  "0x57f5": 3.297928810119629,
  "0x5f92": 7.596700668334961,
  "0x5f93": 2.8027095794677734
}