{
  "0x3086": 2.901305675506592,
  "0x3087": 1.100860834121704,
  "0x3d5c": 7.498923301696777,
  "0x3d5d": 2.202025890350342,
  "0x48c4": 7.99361515045166,
  "0x48c5": 2.902355670928955,
  "0x533c": 3.7585387229919434,
  "0x533d": 0.9265705943107605,
  "0x5bca": 1.3070216178894043,
  "0x5bcb": 0.8953320980072021,
  "0x6368": 2.989419460296631,
  "0x6369": 1.7038778066635132,
  "0x691c": 0.1997414529323578,
  "0x691d": 1.3969513177871704,
  "0x6dde": 7.515467643737793,
  "0x6ddf": 0.7924598455429077,
  "0x7354": 5.168771743774414,
  "0x7355": 1.6437369585037231,
  "0x77d8": 9.196084976196289,
  "0x77d9": 1.4623079299926758,
  "0x3088": 2.901305675506592,
  "0x3089": 1.100860834121704,
  "0x3d5e": 7.498923301696777,
  "0x3d5f": 2.202025890350342,
  "0x48c6": 7.99361515045166,
  "0x48c7": 2.902355670928955,
  "0x533e": 3.7585387229919434,
  "0x533f": -0.4291606843471527,
  "0x5bcc": 1.3070216178894043,
  "0x5bcd": 0.8953320980072021,
  "0x636a": 2.989419460296631,
  "0x636b": 1.7038778066635132,
  "0x691e": 3.2787973880767822,
  "0x691f": 0.043474551290273666,
  "0x6de0": 7.515467643737793,
  "0x6de1": -0.06509418785572052,
  "0x7356": 5.168771743774414,
  "0x7357": 1.6437369585037231,
  "0x77da": 9.196084976196289,
  "0x77db": 1.4623079299926758,
  "0x308a": 2.901305675506592,
  "0x308b": -0.42025822401046753,
  "0x3d60": 7.498923301696777,
  "0x3d61": 2.202025890350342,
  "0x48c8": 7.99361515045166,
  "0x48c9": 2.902355670928955,
  "0x5340": 3.7585387229919434,
  "0x5341": 0.9265705943107605,
  "0x5bce": 1.3070216178894043,
  "0x5bcf": 0.025464162230491638,
  "0x636c": 2.989419460296631,
  "0x636d": 1.7038778066635132,
  "0x6920": 3.2787973880767822,
  "0x6921": 1.3969513177871704,
  "0x6de2": 7.515467643737793,
  "0x6de3": 0.7924598455429077,
  "0x7358": 5.168771743774414,
  "0x7359": 1.6437369585037231,
  "0x77dc": 9.196084976196289,
  "0x77dd": -0.004193750210106373,
  "0x308c": 2.901305675506592,
  "0x308d": 1.100860834121704,
  "0x3d62": 7.498923301696777,
  "0x3d63": 2.202025890350342,
  "0x48ca": 7.99361515045166,
  "0x48cb": 2.902355670928955,
  "0x5342": 3.7585387229919434,
  "0x5343": 0.9265705943107605,
  "0x5bd0": 1.3070216178894043,
  "0x5bd1": 0.8953320980072021,
  "0x636e": 2.989419460296631,
  "0x636f": 1.7038778066635132,
  "0x6922": 3.2787973880767822,
  "0x6923": 1.3969513177871704,
  "0x6de4": 7.515467643737793,
  "0x6de5": 0.7924598455429077,
  "0x735a": 5.168771743774414,
  "0x735b": 1.6437369585037231,
  "0x77de": 9.196084976196289,
  "0x77df": 1.4623079299926758,
  "0x308e": 2.901305675506592,
  "0x308f": 1.100860834121704,
  "0x3d64": 7.498923301696777,
  "0x3d65": 2.202025890350342,
  "0x48cc": 7.99361515045166,
  "0x48cd": 2.902355670928955,
  "0x5344": 3.7585387229919434,
  "0x5345": 0.9265705943107605,
  "0x5bd2": 1.3070216178894043,
  "0x5bd3": 0.8953320980072021,
  "0x6370": 2.989419460296631,
  "0x6371": 1.7038778066635132,
  "0x6924": 3.2787973880767822,
  "0x6925": 1.3969513177871704,
  "0x6de6": 7.515467643737793,
  "0x6de7": 0.7924598455429077,
  "0x735c": 5.168771743774414,
  "0x735d": 1.6437369585037231,
  "0x77e0": 9.196084976196289,
  "0x77e1": 1.4623079299926758,
  "0x3090": 2.901305675506592,
  "0x3091": 1.100860834121704,
  "0x3d66": 7.498923301696777,
  "0x3d67": 0.41820502281188965,
  "0x48ce": 7.99361515045166,
  "0x48cf": 2.902355670928955,
  "0x5346": 3.7585387229919434,
  "0x5347": 0.9265705943107605,
  "0x5bd4": 1.3070216178894043,
  "0x5bd5": 0.8953320980072021,
  "0x6372": 2.989419460296631,
  "0x6373": 1.7038778066635132,
  "0x6926": 3.3644769191741943,
  "0x6927": -0.034791093319654465,
  "0x6de8": 7.515467643737793,
  "0x6de9": 0.7924598455429077,
  "0x735e": 5.2529730796813965,
  "0x735f": 1.4821304082870483,
  "0x77e2": 9.196084976196289,
  "0x77e3": 1.4623079299926758,
  "0x3092": 2.901305675506592,
  "0x3093": 1.100860834121704,
  "0x3d68": 7.498923301696777,
  "0x3d69": 2.202025890350342,
  "0x48d0": 7.99361515045166,
  "0x48d1": 2.902355670928955,
  "0x5348": 3.7585387229919434,
  "0x5349": 0.9265705943107605,
  "0x5bd6": 1.3070216178894043,
  "0x5bd7": 0.8953320980072021,
  "0x6374": 2.989419460296631,
  "0x6375": 0.06765493750572205,
  "0x6928": 2.9604625701904297,
  "0x6929": 0.13275457918643951,
  "0x6dea": 7.515467643737793,
  "0x6deb": 0.7924598455429077,
  "0x7360": 5.2200188636779785,
  "0x7361": 1.4491766691207886,
  "0x77e4": 9.196084976196289,
  "0x77e5": 1.4623079299926758
}