{
  "0x2f28": 4.838381767272949,
  "0x2f29": 2.2972490787506104,
  "0x3bfe": 8.03110122680664,
  "0x3bff": 3.6793360710144043,
  "0x4766": 6.281407833099365,
  "0x4767": 2.724801540374756,
  "0x51de": 6.748392105102539,
  "0x51df": 3.2435104846954346,
  "0x5a6c": 5.07747220993042,
  "0x5a6d": 1.4803862571716309,
  "0x620a": 4.542377471923828,
  "0x620b": 2.2154390811920166,
  "0x67be": 4.143487930297852,
  "0x67bf": 1.4193233251571655,
  "0x6c80": 7.519286632537842,
  "0x6c81": 3.5016379356384277,
  "0x71f6": 6.559131145477295,
  "0x71f7": 3.3272275924682617,
  "0x2f2a": 4.882691383361816,
  "0x2f2b": 2.2987310886383057,
  "0x3c00": 8.049193382263184,
  "0x3c01": 3.6654574871063232,
  "0x4768": 6.19612455368042,
  "0x4769": 2.710904121398926,
  "0x51e0": 6.469780445098877,
  "0x51e1": 3.251132011413574,
  "0x5a6e": 5.096475124359131,
  "0x5a6f": 1.4818683862686157,
  "0x620c": 4.496850967407227,
  "0x620d": 2.2147915363311768,
  "0x67c0": 4.163092136383057,
  "0x67c1": 1.4223600625991821,
  "0x6c82": 7.5168304443359375,
  "0x6c83": 3.5079212188720703,
  "0x71f8": 6.466655731201172,
  "0x71f9": 3.320773124694824,
  "0x2f2c": 4.898735046386719,
  "0x2f2d": 2.7002573013305664,
  "0x3c02": 8.057257652282715,
  "0x3c03": 3.6983449459075928,
  "0x476a": 6.195823669433594,
  "0x476b": 2.7098636627197266,
  "0x51e2": 6.481449127197266,
  "0x51e3": 3.3255090713500977,
  "0x5a70": 5.09965181350708,
  "0x5a71": 1.4005681276321411,
  "0x620e": 4.498154640197754,
  "0x620f": 2.355046510696411,
  "0x67c2": 4.1627912521362305,
  "0x67c3": 1.4056602716445923,
  "0x6c84": 7.516529560089111,
  "0x6c85": 3.4912214279174805,
  "0x71fa": 6.483015060424805,
  "0x71fb": 3.3514959812164307,
  "0x2f2e": 4.898735046386719,
  "0x2f2f": 2.7002573013305664,
  "0x3c04": 8.057257652282715,
  "0x3c05": 3.6983449459075928,
  "0x476c": 6.195823669433594,
  "0x476d": 2.7098636627197266,
  "0x51e4": 6.481449127197266,
  "0x51e5": 3.3255090713500977,
  "0x5a72": 5.09965181350708,
  "0x5a73": 1.4005681276321411,
  "0x6210": 4.498154640197754,
  "0x6211": 2.355046510696411,
  "0x67c4": 4.1627912521362305,
  "0x67c5": 1.4056602716445923,
  "0x6c86": 7.270442008972168,
  "0x6c87": 3.4920294284820557,
  "0x71fc": 6.483015060424805,
  "0x71fd": 3.3514959812164307,
  "0x2f30": 4.898735046386719,
  "0x2f31": 2.7002573013305664,
  "0x3c06": 8.057257652282715,
  "0x3c07": 3.6983449459075928,
  "0x476e": 6.195823669433594,
  "0x476f": 2.7098636627197266,
  "0x51e6": 6.476441383361816,
  "0x51e7": 3.2911837100982666,
  "0x5a74": 5.09965181350708,
  "0x5a75": 1.4005681276321411,
  "0x6212": 4.498154640197754,
  "0x6213": 2.355046510696411,
  "0x67c6": 4.1627912521362305,
  "0x67c7": 1.4056602716445923,
  "0x6c88": 7.270442008972168,
  "0x6c89": 3.4920294284820557,
  "0x71fe": 6.483015060424805,
  "0x71ff": 3.3514959812164307,
  "0x2f32": 4.899285793304443,
  "0x2f33": 2.7002573013305664,
  "0x3c08": 8.057257652282715,
  "0x3c09": 3.6983449459075928,
  "0x4770": 6.195823669433594,
  "0x4771": 2.7098636627197266,
  "0x51e8": 6.476441383361816,
  "0x51e9": 3.2911837100982666,
  "0x5a76": 5.09965181350708,
  "0x5a77": 1.4005681276321411,
  "0x6214": 4.498154640197754,
  "0x6215": 2.355046510696411,
  "0x67c8": 4.1627912521362305,
  "0x67c9": 1.4056602716445923,
  "0x6c8a": 7.270442008972168,
  "0x6c8b": 3.4920294284820557,
  "0x7200": 6.483015060424805,
  "0x7201": 3.3514959812164307,
  "0x2f34": 4.899539470672607,
  "0x2f35": 2.427264451980591,
  "0x3c0a": 8.057257652282715,
  "0x3c0b": 3.6983449459075928,
  "0x4772": 6.195823669433594,
  "0x4773": 2.7098636627197266,
  "0x51ea": 6.476441383361816,
  "0x51eb": 3.2911837100982666,
  "0x5a78": 5.09965181350708,
  "0x5a79": 1.4005681276321411,
  "0x6216": 4.498154640197754,
  "0x6217": 2.355046510696411,
  "0x67ca": 4.1627912521362305,
  "0x67cb": 1.4056602716445923,
  "0x6c8c": 7.270442008972168,
  "0x6c8d": 3.4920294284820557,
  "0x7202": 6.483015060424805,
  "0x7203": 3.3514959812164307
}