{
  "0x2e72": 6.301700115203857,
  "0x2e73": 3.3435466289520264,
  "0x3b48": 9.894501686096191,
  "0x3b49": 3.801021099090576,
  "0x46b0": 8.82262897491455,
  "0x46b1": 4.184131145477295,
  "0x5128": 7.1952948570251465,
  "0x5129": 3.389348268508911,
  "0x59b6": 4.270143508911133,
  "0x59b7": 3.1759753227233887,
  "0x6154": 5.790455341339111,
  "0x6155": 2.973451614379883,
  "0x6708": 5.313693046569824,
  "0x6709": 2.806037664413452,
  "0x7140": 7.696045875549316,
  "0x7141": 3.652327299118042,
  "0x2e74": 6.499763011932373,
  "0x2e75": 3.4005286693573,
  "0x3b4a": 9.899164199829102,
  "0x3b4b": 3.799790382385254,
  "0x46b2": 8.804121971130371,
  "0x46b3": 4.196279048919678,
  "0x512a": 7.39595365524292,
  "0x512b": 3.5037009716033936,
  "0x59b8": 4.201023101806641,
  "0x59b9": 3.2994790077209473,
  "0x6156": 6.001392841339111,
  "0x6157": 3.0980849266052246,
  "0x670a": 5.6759352684021,
  "0x670b": 3.0893940925598145,
  "0x7142": 7.728424072265625,
  "0x7143": 3.6471879482269287,
  "0x2e76": 6.501306056976318,
  "0x2e77": 3.4021904468536377,
  "0x3b4c": 9.900800704956055,
  "0x3b4d": 3.797227621078491,
  "0x46b4": 8.805001258850098,
  "0x46b5": 4.196959495544434,
  "0x512c": 7.487265110015869,
  "0x512d": 3.488065481185913,
  "0x59ba": 4.324624538421631,
  "0x59bb": 3.2701053619384766,
  "0x6158": 6.009182453155518,
  "0x6159": 3.1695680618286133,
  "0x670c": 5.634045124053955,
  "0x670d": 3.1700916290283203,
  "0x7144": 7.698978424072266,
  "0x7145": 3.6779346466064453,
  "0x2e78": 6.66301965713501,
  "0x2e79": 3.4154880046844482,
  "0x3b4e": 9.908970832824707,
  "0x3b4f": 3.7876951694488525,
  "0x46b6": 8.813172340393066,
  "0x46b7": 4.170877933502197,
  "0x512e": 7.677622318267822,
  "0x512f": 3.4151556491851807,
  "0x59bc": 4.375936985015869,
  "0x59bd": 3.164304256439209,
  "0x615a": 6.111648082733154,
  "0x615b": 3.0637664794921875,
  "0x670e": 5.876448154449463,
  "0x670f": 3.0473814010620117,
  "0x7146": 7.725347518920898,
  "0x7147": 3.621701717376709,
  "0x2e7a": 6.651453495025635,
  "0x2e7b": 3.4284656047821045,
  "0x3b50": 9.908970832824707,
  "0x3b51": 3.7876951694488525,
  "0x46b8": 8.813172340393066,
  "0x46b9": 4.171082496643066,
  "0x5130": 7.700267314910889,
  "0x5131": 3.441610097885132,
  "0x59be": 4.419783115386963,
  "0x59bf": 3.16389799118042,
  "0x615c": 6.106325626373291,
  "0x615d": 3.0633602142333984,
  "0x6710": 5.916882514953613,
  "0x6711": 3.049626588821411,
  "0x7148": 7.725347518920898,
  "0x7149": 3.624572277069092,
  "0x2e7c": 6.651453495025635,
  "0x2e7d": 3.4284656047821045,
  "0x3b52": 9.908970832824707,
  "0x3b53": 3.7876951694488525,
  "0x46ba": 8.813172340393066,
  "0x46bb": 4.171082496643066,
  "0x5132": 7.700267314910889,
  "0x5133": 3.441610097885132,
  "0x59c0": 4.419783115386963,
  "0x59c1": 3.16389799118042,
  "0x615e": 6.106325626373291,
  "0x615f": 3.0633602142333984,
  "0x6712": 5.916882514953613,
  "0x6713": 3.049626588821411,
  "0x714a": 7.725347518920898,
  "0x714b": 3.624572277069092,
  "0x2e7e": 6.651453495025635,
  "0x2e7f": 3.4284656047821045,
  "0x3b54": 9.908970832824707,
  "0x3b55": 3.7876951694488525,
  "0x46bc": 8.813172340393066,
  "0x46bd": 4.171082496643066,
  "0x5134": 7.700267314910889,
  "0x5135": 3.441610097885132,
  "0x59c2": 4.419783115386963,
  "0x59c3": 3.16389799118042,
  "0x6160": 6.106325626373291,
  "0x6161": 3.0633602142333984,
  "0x6714": 5.916882514953613,
  "0x6715": 3.049626588821411,
  "0x714c": 7.725347518920898,
  "0x714d": 3.624572277069092
}