{
  "0x2ffa": 0.9961174130439758,
  "0x2ffb": 1.3055037260055542,
  "0x3cd0": 7.70975399017334,
  "0x3cd1": 2.7626006603240967,
  "0x4838": 8.799365043640137,
  "0x4839": 2.897826671600342,
  "0x52b0": 7.399853706359863,
  "0x52b1": 0.8983359336853027,
  "0x5b3e": 6.794312477111816,
  "0x5b3f": 1.8052031993865967,
  "0x62dc": 3.51847767829895,
  "0x62dd": 2.1845178604125977,
  "0x6890": 6.284065246582031,
  "0x6891": 0.8063841462135315,
  "0x6d52": 5.598387241363525,
  "0x6d53": 3.1081326007843018,
  "0x72c8": 9.201083183288574,
  "0x72c9": 3.0958778858184814,
  "0x774c": 9.296039581298828,
  "0x774d": 3.804074764251709,
  "0x2ffc": 0.9961174130439758,
  "0x2ffd": 1.3055037260055542,
  "0x3cd2": 7.70975399017334,
  "0x3cd3": 2.7626006603240967,
  "0x483a": 8.799365043640137,
  "0x483b": 2.897826671600342,
  "0x52b2": 7.399853706359863,
  "0x52b3": 0.8983359336853027,
  "0x5b40": 6.794312477111816,
  "0x5b41": 1.8052031993865967,
  "0x62de": 3.51847767829895,
  "0x62df": 2.1845178604125977,
  "0x6892": 6.284065246582031,
  "0x6893": 0.8063841462135315,
  "0x6d54": 5.598387241363525,
  "0x6d55": 3.1081326007843018,
  "0x72ca": 9.201083183288574,
  "0x72cb": 3.0958778858184814,
  "0x774e": 9.296039581298828,
  "0x774f": 3.804074764251709,
  "0x2ffe": 0.996344268321991,
  "0x2fff": 1.3055037260055542,
  "0x3cd4": 7.701503753662109,
  "0x3cd5": 2.8975932598114014,
  "0x483c": 8.809926986694336,
  "0x483d": 2.889246702194214,
  "0x52b4": 7.399853706359863,
  "0x52b5": 0.8983359336853027,
  "0x5b42": 6.794312477111816,
  "0x5b43": 1.8052031993865967,
  "0x62e0": 3.51847767829895,
  "0x62e1": 0.6031498908996582,
  "0x6894": 6.284065246582031,
  "0x6895": 0.8063841462135315,
  "0x6d56": 5.598387241363525,
  "0x6d57": 3.1081326007843018,
  "0x72cc": 9.201083183288574,
  "0x72cd": 3.0958778858184814,
  "0x7750": 9.296039581298828,
  "0x7751": 3.804074764251709,
  "0x3000": 0.996344268321991,
  "0x3001": 1.3055037260055542,
  "0x3cd6": 7.701503753662109,
  "0x3cd7": 2.8975932598114014,
  "0x483e": 8.809926986694336,
  "0x483f": 2.889246702194214,
  "0x52b6": 7.399853706359863,
  "0x52b7": 0.8983359336853027,
  "0x5b44": 6.794312477111816,
  "0x5b45": 1.8052031993865967,
  "0x62e2": 3.51847767829895,
  "0x62e3": 2.1845178604125977,
  "0x6896": 6.258824348449707,
  "0x6897": 0.9018912315368652,
  "0x6d58": 5.598387241363525,
  "0x6d59": 3.1081326007843018,
  "0x72ce": 9.201083183288574,
  "0x72cf": 3.0958778858184814,
  "0x7752": 9.296039581298828,
  "0x7753": 3.804074764251709,
  "0x3002": 0.996344268321991,
  "0x3003": -0.40200355648994446,
  "0x3cd8": 7.701503753662109,
  "0x3cd9": 2.8975932598114014,
  "0x4840": 8.732444763183594,
  "0x4841": 2.9198217391967773,
  "0x52b8": 7.399853706359863,
  "0x52b9": 0.8983359336853027,
  "0x5b46": 6.794312477111816,
  "0x5b47": 1.8052031993865967,
  "0x62e4": 3.51847767829895,
  "0x62e5": 2.1845178604125977,
  "0x6898": 6.258824348449707,
  "0x6899": 0.9018912315368652,
  "0x6d5a": 5.598387241363525,
  "0x6d5b": 3.1081326007843018,
  "0x72d0": 9.201083183288574,
  "0x72d1": 3.0958778858184814,
  "0x7754": 9.296039581298828,
  "0x7755": 3.804074764251709,
  "0x3004": 0.996344268321991,
  "0x3005": -0.40200355648994446,
  "0x3cda": 7.701503753662109,
  "0x3cdb": 2.8975932598114014,
  "0x4842": 8.809865951538086,
  "0x4843": 2.8768069744110107,
  "0x52ba": 7.399853706359863,
  "0x52bb": 0.8983359336853027,
  "0x5b48": 6.794312477111816,
  "0x5b49": 0.14304353296756744,
  "0x62e6": 3.51847767829895,
  "0x62e7": 0.6031498908996582,
  "0x689a": 6.258824348449707,
  "0x689b": 0.9018912315368652,
  "0x6d5c": 5.617193222045898,
  "0x6d5d": 3.010254144668579,
  "0x72d2": 9.201083183288574,
  "0x72d3": 3.0958778858184814,
  "0x7756": 9.296039581298828,
  "0x7757": 3.804074764251709,
  "0x3006": 0.996344268321991,
  "0x3007": 1.3055037260055542,
  "0x3cdc": 7.701503753662109,
  "0x3cdd": 2.8975932598114014,
  "0x4844": 8.809865951538086,
  "0x4845": 2.8768069744110107,
  "0x52bc": 7.399853706359863,
  "0x52bd": 0.8983359336853027,
  "0x5b4a": 6.794312477111816,
  "0x5b4b": 0.14304353296756744,
  "0x62e8": 3.51847767829895,
  "0x62e9": 0.6031498908996582,
  "0x689c": 6.258824348449707,
  "0x689d": -0.06384125351905823,
  "0x6d5e": 5.6129584312438965,
  "0x6d5f": 3.138847827911377,
  "0x72d4": 9.201083183288574,
  "0x72d5": 3.0958778858184814,
  "0x7758": 9.296039581298828,
  "0x7759": 3.804074764251709
}