{
  "0x2dae": 7.300849437713623,
  "0x2daf": 3.600095748901367,
  "0x3a84": 10.099493980407715,
  "0x3a85": 4.200004577636719,
  "0x45ec": 9.79849910736084,
  "0x45ed": 4.201409339904785,
  "0x5064": 9.49876880645752,
  "0x5065": 4.098822116851807,
  "0x58f2": 6.9485182762146,
  "0x58f3": 3.310730457305908,
  "0x6090": 6.298677444458008,
  "0x6091": 3.202012300491333,
  "0x2db0": 7.300849437713623,
  "0x2db1": 3.600095748901367,
  "0x3a86": 10.099493980407715,
  "0x3a87": 4.200004577636719,
  "0x45ee": 9.79849910736084,
  "0x45ef": 4.201409339904785,
  "0x5066": 9.49876880645752,
  "0x5067": 4.098822116851807,
  "0x58f4": 6.9485182762146,
  "0x58f5": 3.310730457305908,
  "0x6092": 6.298677444458008,
  "0x6093": 3.202012300491333,
  "0x2db2": 7.300849437713623,
  "0x2db3": 3.600095748901367,
  "0x3a88": 10.099493980407715,
  "0x3a89": 4.200004577636719,
  "0x45f0": 9.79849910736084,
  "0x45f1": 4.201409339904785,
  "0x5068": 9.49876880645752,
  "0x5069": 4.098822116851807,
  "0x58f6": 6.9485182762146,
  "0x58f7": 3.310730457305908,
  "0x6094": 6.298677444458008,
  "0x6095": 3.202012300491333,
  "0x2db4": 7.300849437713623,
  "0x2db5": 3.600095748901367,
  "0x3a8a": 10.099493980407715,
  "0x3a8b": 4.200004577636719,
  "0x45f2": 9.79849910736084,
  "0x45f3": 4.201409339904785,
  "0x506a": 9.49876880645752,
  "0x506b": 4.098822116851807,
  "0x58f8": 6.9485182762146,
  "0x58f9": 3.310730457305908,
  "0x6096": 6.298677444458008,
  "0x6097": 3.202012300491333,
  "0x2db6": 7.300849437713623,
  "0x2db7": 3.600095748901367,
  "0x3a8c": 10.099493980407715,
  "0x3a8d": 4.200004577636719,
  "0x45f4": 9.79849910736084,
  "0x45f5": 4.201409339904785,
  "0x506c": 9.49876880645752,
  "0x506d": 4.098822116851807,
  "0x58fa": 6.9485182762146,
  "0x58fb": 3.310730457305908,
  "0x6098": 6.298677444458008,
  "0x6099": 3.202012300491333,
  "0x2db8": 7.300849437713623,
  "0x2db9": 3.600095748901367,
  "0x3a8e": 10.099493980407715,
  "0x3a8f": 4.200004577636719,
  "0x45f6": 9.79849910736084,
  "0x45f7": 4.201409339904785,
  "0x506e": 9.49876880645752,
  "0x506f": 4.098822116851807,
  "0x58fc": 6.9485182762146,
  "0x58fd": 3.310730457305908,
  "0x609a": 6.298677444458008,
  "0x609b": 3.202012300491333,
  "0x2dba": 7.300849437713623,
  "0x2dbb": 3.600095748901367,
  "0x3a90": 10.099493980407715,
  "0x3a91": 4.200004577636719,
  "0x45f8": 9.79849910736084,
  "0x45f9": 4.201409339904785,
  "0x5070": 9.49876880645752,
  "0x5071": 4.098822116851807,
  "0x58fe": 6.9485182762146,
  "0x58ff": 3.310730457305908,
  "0x609c": 6.298677444458008,
  "0x609d": 3.202012300491333
}