{
  "date.value": {
    "0x2be0": 1.5522624e+18,
    "0x2be1": 1.5522624e+18,
    "0x38b6": 1.5522624e+18,
    "0x38b7": 1.5522624e+18,
    "0x441e": 1.5522624e+18,
    "0x441f": 1.5522624e+18,
    "0x4e96": 1.5522624e+18,
    "0x4e97": 1.5522624e+18,
    "0x5724": 1.5522624e+18,
    "0x5725": 1.5522624e+18,
    "0x2be2": 1.5523488e+18,
    "0x2be3": 1.5523488e+18,
    "0x38b8": 1.5523488e+18,
    "0x38b9": 1.5523488e+18,
    "0x4420": 1.5523488e+18,
    "0x4421": 1.5523488e+18,
    "0x4e98": 1.5523488e+18,
    "0x4e99": 1.5523488e+18,
    "0x5726": 1.5523488e+18,
    "0x5727": 1.5523488e+18,
    "0x2be4": 1.5524352e+18,
    "0x2be5": 1.5524352e+18,
    "0x38ba": 1.5524352e+18,
    "0x38bb": 1.5524352e+18,
    "0x4422": 1.5524352e+18,
    "0x4423": 1.5524352e+18,
    "0x4e9a": 1.5524352e+18,
    "0x4e9b": 1.5524352e+18,
    "0x5728": 1.5524352e+18,
    "0x5729": 1.5524352e+18,
    "0x2be6": 1.5525216e+18,
    "0x2be7": 1.5525216e+18,
    "0x38bc": 1.5525216e+18,
    "0x38bd": 1.5525216e+18,
    "0x4424": 1.5525216e+18,
    "0x4425": 1.5525216e+18,
    "0x4e9c": 1.5525216e+18,
    "0x4e9d": 1.5525216e+18,
    "0x572a": 1.5525216e+18,
    "0x572b": 1.5525216e+18,
    "0x2be8": 1.552608e+18,
    "0x2be9": 1.552608e+18,
    "0x38be": 1.552608e+18,
    "0x38bf": 1.552608e+18,
    "0x4426": 1.552608e+18,
    "0x4427": 1.552608e+18,
    "0x4e9e": 1.552608e+18,
    "0x4e9f": 1.552608e+18,
    "0x572c": 1.552608e+18,
    "0x572d": 1.552608e+18,
    "0x2bea": 1.5526944e+18,
    "0x2beb": 1.5526944e+18,
    "0x38c0": 1.5526944e+18,
    "0x38c1": 1.5526944e+18,
    "0x4428": 1.5526944e+18,
    "0x4429": 1.5526944e+18,
    "0x4ea0": 1.5526944e+18,
    "0x4ea1": 1.5526944e+18,
    "0x572e": 1.5526944e+18,
    "0x572f": 1.5526944e+18,
    "0x2bec": 1.5527808e+18,
    "0x2bed": 1.5527808e+18,
    "0x38c2": 1.5527808e+18,
    "0x38c3": 1.5527808e+18,
    "0x442a": 1.5527808e+18,
    "0x442b": 1.5527808e+18,
    "0x4ea2": 1.5527808e+18,
    "0x4ea3": 1.5527808e+18,
    "0x5730": 1.5527808e+18,
    "0x5731": 1.5527808e+18
  },
  "warehouse_ID.value": {
    "0x2be0": 0.1,
    "0x2be1": 0.1,
    "0x38b6": 0.30000000000000004,
    "0x38b7": 0.30000000000000004,
    "0x441e": 0.5,
    "0x441f": 0.5,
    "0x4e96": 0.7000000000000001,
    "0x4e97": 0.7000000000000001,
    "0x5724": 0.9,
    "0x5725": 0.9,
    "0x2be2": 0.1,
    "0x2be3": 0.1,
    "0x38b8": 0.30000000000000004,
    "0x38b9": 0.30000000000000004,
    "0x4420": 0.5,
    "0x4421": 0.5,
    "0x4e98": 0.7000000000000001,
    "0x4e99": 0.7000000000000001,
    "0x5726": 0.9,
    "0x5727": 0.9,
    "0x2be4": 0.1,
    "0x2be5": 0.1,
    "0x38ba": 0.30000000000000004,
    "0x38bb": 0.30000000000000004,
    "0x4422": 0.5,
    "0x4423": 0.5,
    "0x4e9a": 0.7000000000000001,
    "0x4e9b": 0.7000000000000001,
    "0x5728": 0.9,
    "0x5729": 0.9,
    "0x2be6": 0.1,
    "0x2be7": 0.1,
    "0x38bc": 0.30000000000000004,
    "0x38bd": 0.30000000000000004,
    "0x4424": 0.5,
    "0x4425": 0.5,
    "0x4e9c": 0.7000000000000001,
    "0x4e9d": 0.7000000000000001,
    "0x572a": 0.9,
    "0x572b": 0.9,
    "0x2be8": 0.1,
    "0x2be9": 0.1,
    "0x38be": 0.30000000000000004,
    "0x38bf": 0.30000000000000004,
    "0x4426": 0.5,
    "0x4427": 0.5,
    "0x4e9e": 0.7000000000000001,
    "0x4e9f": 0.7000000000000001,
    "0x572c": 0.9,
    "0x572d": 0.9,
    "0x2bea": 0.1,
    "0x2beb": 0.1,
    "0x38c0": 0.30000000000000004,
    "0x38c1": 0.30000000000000004,
    "0x4428": 0.5,
    "0x4429": 0.5,
    "0x4ea0": 0.7000000000000001,
    "0x4ea1": 0.7000000000000001,
    "0x572e": 0.9,
    "0x572f": 0.9,
    "0x2bec": 0.1,
    "0x2bed": 0.1,
    "0x38c2": 0.30000000000000004,
    "0x38c3": 0.30000000000000004,
    "0x442a": 0.5,
    "0x442b": 0.5,
    "0x4ea2": 0.7000000000000001,
    "0x4ea3": 0.7000000000000001,
    "0x5730": 0.9,
    "0x5731": 0.9
  },
  "Product_Type.value": {
    "0x2be0": 0.25,
    "0x2be1": 0.75,
    "0x38b6": 0.25,
    "0x38b7": 0.75,
    "0x441e": 0.25,
    "0x441f": 0.75,
    "0x4e96": 0.25,
    "0x4e97": 0.75,
    "0x5724": 0.25,
    "0x5725": 0.75,
    "0x2be2": 0.25,
    "0x2be3": 0.75,
    "0x38b8": 0.25,
    "0x38b9": 0.75,
    "0x4420": 0.25,
    "0x4421": 0.75,
    "0x4e98": 0.25,
    "0x4e99": 0.75,
    "0x5726": 0.25,
    "0x5727": 0.75,
    "0x2be4": 0.25,
    "0x2be5": 0.75,
    "0x38ba": 0.25,
    "0x38bb": 0.75,
    "0x4422": 0.25,
    "0x4423": 0.75,
    "0x4e9a": 0.25,
    "0x4e9b": 0.75,
    "0x5728": 0.25,
    "0x5729": 0.75,
    "0x2be6": 0.25,
    "0x2be7": 0.75,
    "0x38bc": 0.25,
    "0x38bd": 0.75,
    "0x4424": 0.25,
    "0x4425": 0.75,
    "0x4e9c": 0.25,
    "0x4e9d": 0.75,
    "0x572a": 0.25,
    "0x572b": 0.75,
    "0x2be8": 0.25,
    "0x2be9": 0.75,
    "0x38be": 0.25,
    "0x38bf": 0.75,
    "0x4426": 0.25,
    "0x4427": 0.75,
    "0x4e9e": 0.25,
    "0x4e9f": 0.75,
    "0x572c": 0.25,
    "0x572d": 0.75,
    "0x2bea": 0.25,
    "0x2beb": 0.75,
    "0x38c0": 0.25,
    "0x38c1": 0.75,
    "0x4428": 0.25,
    "0x4429": 0.75,
    "0x4ea0": 0.25,
    "0x4ea1": 0.75,
    "0x572e": 0.25,
    "0x572f": 0.75,
    "0x2bec": 0.25,
    "0x2bed": 0.75,
    "0x38c2": 0.25,
    "0x38c3": 0.75,
    "0x442a": 0.25,
    "0x442b": 0.75,
    "0x4ea2": 0.25,
    "0x4ea3": 0.75,
    "0x5730": 0.25,
    "0x5731": 0.75
  },
  "year.value": {
    "0x2be0": 2019,
    "0x2be1": 2019,
    "0x38b6": 2019,
    "0x38b7": 2019,
    "0x441e": 2019,
    "0x441f": 2019,
    "0x4e96": 2019,
    "0x4e97": 2019,
    "0x5724": 2019,
    "0x5725": 2019,
    "0x2be2": 2019,
    "0x2be3": 2019,
    "0x38b8": 2019,
    "0x38b9": 2019,
    "0x4420": 2019,
    "0x4421": 2019,
    "0x4e98": 2019,
    "0x4e99": 2019,
    "0x5726": 2019,
    "0x5727": 2019,
    "0x2be4": 2019,
    "0x2be5": 2019,
    "0x38ba": 2019,
    "0x38bb": 2019,
    "0x4422": 2019,
    "0x4423": 2019,
    "0x4e9a": 2019,
    "0x4e9b": 2019,
    "0x5728": 2019,
    "0x5729": 2019,
    "0x2be6": 2019,
    "0x2be7": 2019,
    "0x38bc": 2019,
    "0x38bd": 2019,
    "0x4424": 2019,
    "0x4425": 2019,
    "0x4e9c": 2019,
    "0x4e9d": 2019,
    "0x572a": 2019,
    "0x572b": 2019,
    "0x2be8": 2019,
    "0x2be9": 2019,
    "0x38be": 2019,
    "0x38bf": 2019,
    "0x4426": 2019,
    "0x4427": 2019,
    "0x4e9e": 2019,
    "0x4e9f": 2019,
    "0x572c": 2019,
    "0x572d": 2019,
    "0x2bea": 2019,
    "0x2beb": 2019,
    "0x38c0": 2019,
    "0x38c1": 2019,
    "0x4428": 2019,
    "0x4429": 2019,
    "0x4ea0": 2019,
    "0x4ea1": 2019,
    "0x572e": 2019,
    "0x572f": 2019,
    "0x2bec": 2019,
    "0x2bed": 2019,
    "0x38c2": 2019,
    "0x38c3": 2019,
    "0x442a": 2019,
    "0x442b": 2019,
    "0x4ea2": 2019,
    "0x4ea3": 2019,
    "0x5730": 2019,
    "0x5731": 2019
  },
  "month.value": {
    "0x2be0": 3,
    "0x2be1": 3,
    "0x38b6": 3,
    "0x38b7": 3,
    "0x441e": 3,
    "0x441f": 3,
    "0x4e96": 3,
    "0x4e97": 3,
    "0x5724": 3,
    "0x5725": 3,
    "0x2be2": 3,
    "0x2be3": 3,
    "0x38b8": 3,
    "0x38b9": 3,
    "0x4420": 3,
    "0x4421": 3,
    "0x4e98": 3,
    "0x4e99": 3,
    "0x5726": 3,
    "0x5727": 3,
    "0x2be4": 3,
    "0x2be5": 3,
    "0x38ba": 3,
    "0x38bb": 3,
    "0x4422": 3,
    "0x4423": 3,
    "0x4e9a": 3,
    "0x4e9b": 3,
    "0x5728": 3,
    "0x5729": 3,
    "0x2be6": 3,
    "0x2be7": 3,
    "0x38bc": 3,
    "0x38bd": 3,
    "0x4424": 3,
    "0x4425": 3,
    "0x4e9c": 3,
    "0x4e9d": 3,
    "0x572a": 3,
    "0x572b": 3,
    "0x2be8": 3,
    "0x2be9": 3,
    "0x38be": 3,
    "0x38bf": 3,
    "0x4426": 3,
    "0x4427": 3,
    "0x4e9e": 3,
    "0x4e9f": 3,
    "0x572c": 3,
    "0x572d": 3,
    "0x2bea": 3,
    "0x2beb": 3,
    "0x38c0": 3,
    "0x38c1": 3,
    "0x4428": 3,
    "0x4429": 3,
    "0x4ea0": 3,
    "0x4ea1": 3,
    "0x572e": 3,
    "0x572f": 3,
    "0x2bec": 3,
    "0x2bed": 3,
    "0x38c2": 3,
    "0x38c3": 3,
    "0x442a": 3,
    "0x442b": 3,
    "0x4ea2": 3,
    "0x4ea3": 3,
    "0x5730": 3,
    "0x5731": 3
  },
  "is_weekend.value": {
    "0x2be0": 0.35714285714285715,
    "0x2be1": 0.35714285714285715,