{
  "0x2be0": 6.700409412384033,
  "0x2be1": 4.098146438598633,
  "0x38b6": 9.200057983398438,
  "0x38b7": 4.402707576751709,
  "0x441e": 7.399846076965332,
  "0x441f": 3.399918794631958,
  "0x4e96": 8.797532081604004,
  "0x4e97": 3.200265884399414,
  "0x5724": 6.300654888153076,
  "0x5725": 3.6000232696533203,
  "0x2be2": 6.700409412384033,
  "0x2be3": 4.098146438598633,
  "0x38b8": 9.200057983398438,
  "0x38b9": 4.402707576751709,
  "0x4420": 7.399846076965332,
  "0x4421": 3.399918794631958,
  "0x4e98": 8.797532081604004,
  "0x4e99": 3.200265884399414,
  "0x5726": 6.300654888153076,
  "0x5727": 3.6000232696533203,
  "0x2be4": 6.700409412384033,
  "0x2be5": 4.098146438598633,
  "0x38ba": 9.200057983398438,
  "0x38bb": 4.402707576751709,
  "0x4422": 7.399846076965332,
  "0x4423": 3.399918794631958,
  "0x4e9a": 8.797532081604004,
  "0x4e9b": 3.200265884399414,
  "0x5728": 6.300654888153076,
  "0x5729": 3.6000232696533203,
  "0x2be6": 6.700409412384033,
  "0x2be7": 4.098146438598633,
  "0x38bc": 9.200057983398438,
  "0x38bd": 4.402707576751709,
  "0x4424": 7.399846076965332,
  "0x4425": 3.399918794631958,
  "0x4e9c": 8.797532081604004,
  "0x4e9d": 3.200265884399414,
  "0x572a": 6.300654888153076,
  "0x572b": 3.6000232696533203,
  "0x2be8": 6.700409412384033,
  "0x2be9": 4.098146438598633,
  "0x38be": 9.200057983398438,
  "0x38bf": 4.402707576751709,
  "0x4426": 7.399846076965332,
  "0x4427": 3.399918794631958,
  "0x4e9e": 8.797532081604004,
  "0x4e9f": 3.200265884399414,
  "0x572c": 6.300654888153076,
  "0x572d": 3.6000232696533203,
  "0x2bea": 6.700409412384033,
  "0x2beb": 4.098146438598633,
  "0x38c0": 9.200057983398438,
  "0x38c1": 4.402707576751709,
  "0x4428": 7.399846076965332,
  "0x4429": 3.399918794631958,
  "0x4ea0": 8.797532081604004,
  "0x4ea1": 3.200265884399414,
  "0x572e": 6.300654888153076,
  "0x572f": 3.6000232696533203,
  "0x2bec": 6.700409412384033,
  "0x2bed": 4.098146438598633,
  "0x38c2": 9.200057983398438,
  "0x38c3": 4.402707576751709,
  "0x442a": 7.399846076965332,
  "0x442b": 3.399918794631958,
  "0x4ea2": 8.797532081604004,
  "0x4ea3": 3.200265884399414,
  "0x5730": 6.300654888153076,
  "0x5731": 3.6000232696533203
}