{
  "0x2e3a": 5.864344120025635,
  "0x2e3b": 3.0687806606292725,
  "0x3b10": 7.364529132843018,
  "0x3b11": 3.9243457317352295,
  "0x4678": 7.750949859619141,
  "0x4679": 3.1827287673950195,
  "0x50f0": 6.556399345397949,
  "0x50f1": 3.4553520679473877,
  "0x597e": 5.453030109405518,
  "0x597f": 2.8920562267303467,
  "0x611c": 5.877784252166748,
  "0x611d": 3.0129337310791016,
  "0x66d0": 4.56522274017334,
  "0x66d1": 3.283165216445923,
  "0x2e3c": 5.882082939147949,
  "0x2e3d": 3.0722172260284424,
  "0x3b12": 7.341741561889648,
  "0x3b13": 3.927218437194824,
  "0x467a": 7.988071441650391,
  "0x467b": 3.174184560775757,
  "0x50f2": 6.385543346405029,
  "0x50f3": 3.5150949954986572,
  "0x5980": 5.439471244812012,
  "0x5981": 2.8985114097595215,
  "0x611e": 5.94069766998291,
  "0x611f": 3.0145251750946045,
  "0x66d2": 4.528581142425537,
  "0x66d3": 3.316173791885376,
  "0x2e3e": 5.884647846221924,
  "0x2e3f": 3.075153112411499,
  "0x3b14": 7.341527462005615,
  "0x3b15": 3.927374839782715,
  "0x467c": 7.987857341766357,
  "0x467d": 3.1517536640167236,
  "0x50f4": 6.388322353363037,
  "0x50f5": 3.4952871799468994,
  "0x5982": 5.430939674377441,
  "0x5983": 2.872116804122925,
  "0x6120": 5.943603992462158,
  "0x6121": 2.9929370880126953,
  "0x66d4": 4.533199787139893,
  "0x66d5": 3.2994697093963623,
  "0x2e40": 5.867506980895996,
  "0x2e41": 3.0878400802612305,
  "0x3b16": 7.333720684051514,
  "0x3b17": 3.911701202392578,
  "0x467e": 7.963289737701416,
  "0x467f": 3.1597964763641357,
  "0x50f6": 6.38035774230957,
  "0x50f7": 3.487736463546753,
  "0x5984": 5.417684555053711,
  "0x5985": 2.8704307079315186,
  "0x6122": 5.93971586227417,
  "0x6123": 2.9877686500549316,
  "0x66d6": 4.532412052154541,
  "0x66d7": 3.2974016666412354,
  "0x2e42": 6.297698974609375,
  "0x2e43": 3.000786542892456,
  "0x3b18": 7.301161289215088,
  "0x3b19": 3.999851703643799,
  "0x4680": 9.096552848815918,
  "0x4681": 3.101956605911255,
  "0x50f8": 6.50158166885376,
  "0x50f9": 3.5976288318634033,
  "0x5986": 5.20333194732666,
  "0x5987": 2.996356725692749,
  "0x6124": 6.798788547515869,
  "0x6125": 3.0022048950195312,
  "0x66d8": 5.188051700592041,
  "0x66d9": 3.330772638320923,
  "0x2e44": 6.297698974609375,
  "0x2e45": 3.000786542892456,
  "0x3b1a": 7.301161289215088,
  "0x3b1b": 3.999851703643799,
  "0x4682": 9.096552848815918,
  "0x4683": 3.101956605911255,
  "0x50fa": 6.50158166885376,
  "0x50fb": 3.5976288318634033,
  "0x5988": 5.20333194732666,
  "0x5989": 2.996356725692749,
  "0x6126": 6.798788547515869,
  "0x6127": 3.0022048950195312,
  "0x66da": 5.188051700592041,
  "0x66db": 3.330772638320923,
  "0x2e46": 6.297698974609375,
  "0x2e47": 3.000786542892456,
  "0x3b1c": 7.301161289215088,
  "0x3b1d": 3.999851703643799,
  "0x4684": 9.096552848815918,
  "0x4685": 3.101956605911255,
  "0x50fc": 6.50158166885376,
  "0x50fd": 3.5976288318634033,
  "0x598a": 5.20333194732666,
  "0x598b": 2.996356725692749,
  "0x6128": 6.798788547515869,
  "0x6129": 3.0022048950195312,
  "0x66dc": 5.188051700592041,
  "0x66dd": 3.330772638320923
}