{
  "0x2f44": 4.800280570983887,
  "0x2f45": 3.29750657081604,
  "0x3c1a": 8.098304748535156,
  "0x3c1b": 2.407534122467041,
  "0x4782": 8.497714042663574,
  "0x4783": 2.799635171890259,
  "0x51fa": 10.692549705505371,
  "0x51fb": 3.9012269973754883,
  "0x5a88": 6.69179105758667,
  "0x5a89": 1.6028820276260376,
  "0x6226": 4.113818168640137,
  "0x6227": 1.7932873964309692,
  "0x67da": 1.5919543504714966,
  "0x67db": 1.7429699897766113,
  "0x6c9c": 6.59566068649292,
  "0x6c9d": 3.3887267112731934,
  "0x7212": 5.298986911773682,
  "0x7213": 3.8964598178863525,
  "0x2f46": 4.800280570983887,
  "0x2f47": 3.29750657081604,
  "0x3c1c": 8.098304748535156,
  "0x3c1d": 2.407534122467041,
  "0x4784": 8.497714042663574,
  "0x4785": 2.799635171890259,
  "0x51fc": 10.692549705505371,
  "0x51fd": 3.9012269973754883,
  "0x5a8a": 6.69179105758667,
  "0x5a8b": 1.6028820276260376,
  "0x6228": 4.113818168640137,
  "0x6229": 1.7932873964309692,
  "0x67dc": 1.5919543504714966,
  "0x67dd": 1.7429699897766113,
  "0x6c9e": 6.59566068649292,
  "0x6c9f": 3.3887267112731934,
  "0x7214": 5.298986911773682,
  "0x7215": 3.8964598178863525,
  "0x2f48": 4.800280570983887,
  "0x2f49": 3.29750657081604,
  "0x3c1e": 8.150607109069824,
  "0x3c1f": 2.4905037879943848,
  "0x4786": 8.497714042663574,
  "0x4787": 2.799635171890259,
  "0x51fe": 10.673413276672363,
  "0x51ff": 3.900040626525879,
  "0x5a8c": 6.69179105758667,
  "0x5a8d": 1.6028820276260376,
  "0x622a": 4.113818168640137,
  "0x622b": 1.7932873964309692,
  "0x67de": 1.742109775543213,
  "0x67df": 1.7977163791656494,
  "0x6ca0": 6.59566068649292,
  "0x6ca1": 3.3887267112731934,
  "0x7216": 5.298986911773682,
  "0x7217": 3.8964598178863525,
  "0x2f4a": 4.800280570983887,
  "0x2f4b": 3.29750657081604,
  "0x3c20": 8.150607109069824,
  "0x3c21": 2.4905037879943848,
  "0x4788": 8.497714042663574,
  "0x4789": 2.799635171890259,
  "0x5200": 10.673413276672363,
  "0x5201": 3.900040626525879,
  "0x5a8e": 6.69179105758667,
  "0x5a8f": 1.6028820276260376,
  "0x622c": 4.113818168640137,
  "0x622d": 1.7932873964309692,
  "0x67e0": 1.742109775543213,
  "0x67e1": 1.7977163791656494,
  "0x6ca2": 6.59566068649292,
  "0x6ca3": 3.3887267112731934,
  "0x7218": 5.298986911773682,
  "0x7219": 3.8964598178863525,
  "0x2f4c": 4.800280570983887,
  "0x2f4d": 3.29750657081604,
  "0x3c22": 8.150607109069824,
  "0x3c23": 2.4905037879943848,
  "0x478a": 8.497714042663574,
  "0x478b": 2.799635171890259,
  "0x5202": 10.673413276672363,
  "0x5203": 3.900040626525879,
  "0x5a90": 6.69179105758667,
  "0x5a91": 1.6028820276260376,
  "0x622e": 4.113818168640137,
  "0x622f": 1.7932873964309692,
  "0x67e2": 1.742109775543213,
  "0x67e3": 1.7977163791656494,
  "0x6ca4": 6.59566068649292,
  "0x6ca5": 3.3887267112731934,
  "0x721a": 5.298986911773682,
  "0x721b": 3.8964598178863525,
  "0x2f4e": 4.800280570983887,
  "0x2f4f": 3.29750657081604,
  "0x3c24": 8.150607109069824,
  "0x3c25": 2.4905037879943848,
  "0x478c": 8.497714042663574,
  "0x478d": 2.799635171890259,
  "0x5204": 10.673413276672363,
  "0x5205": 3.900040626525879,
  "0x5a92": 6.69179105758667,
  "0x5a93": 1.6028820276260376,
  "0x6230": 4.113818168640137,
  "0x6231": 1.7932873964309692,
  "0x67e4": 1.742109775543213,
  "0x67e5": 1.7977163791656494,
  "0x6ca6": 6.59566068649292,
  "0x6ca7": 3.3887267112731934,
  "0x721c": 5.298986911773682,
  "0x721d": 3.8964598178863525,
  "0x2f50": 4.800280570983887,
  "0x2f51": 3.29750657081604,
  "0x3c26": 8.150607109069824,
  "0x3c27": 2.4905037879943848,
  "0x478e": 8.497714042663574,
  "0x478f": 2.799635171890259,
  "0x5206": 10.673413276672363,
  "0x5207": 3.900040626525879,
  "0x5a94": 6.69179105758667,
  "0x5a95": 1.6028820276260376,
  "0x6232": 4.113818168640137,
  "0x6233": 1.7932873964309692,
  "0x67e6": 1.742109775543213,
  "0x67e7": 1.7977163791656494,
  "0x6ca8": 6.59566068649292,
  "0x6ca9": 3.3887267112731934,
  "0x721e": 5.298986911773682,
  "0x721f": 3.8964598178863525
}