{
  "0x2fd0": 5.6025896072387695,
  "0x2fd1": 1.1987948417663574,
  "0x3ca6": 12.197493553161621,
  "0x3ca7": 3.505661725997925,
  "0x480e": 8.102696418762207,
  "0x480f": 1.5945652723312378,
  "0x5286": 7.824056625366211,
  "0x5287": 3.0770936012268066,
  "0x5b14": 3.204092264175415,
  "0x5b15": 0.5103415250778198,
  "0x62b2": 3.2964069843292236,
  "0x62b3": 2.7052950859069824,
  "0x6866": 2.010408878326416,
  "0x6867": 2.7012441158294678,
  "0x6d28": 6.202425479888916,
  "0x6d29": 2.989213705062866,
  "0x729e": 8.681726455688477,
  "0x729f": 0.920638918876648,
  "0x7722": 10.602142333984375,
  "0x7723": 3.2947137355804443,
  "0x2fd2": 5.6025896072387695,
  "0x2fd3": 1.1987948417663574,
  "0x3ca8": 12.197493553161621,
  "0x3ca9": 3.505661725997925,
  "0x4810": 8.089167594909668,
  "0x4811": 1.6136224269866943,
  "0x5288": 7.215655326843262,
  "0x5289": 3.0770936012268066,
  "0x5b16": 3.1786012649536133,
  "0x5b17": 0.5064852237701416,
  "0x62b4": 3.2964069843292236,
  "0x62b5": 2.7052950859069824,
  "0x6868": 2.010408878326416,
  "0x6869": 2.7012441158294678,
  "0x6d2a": 6.202425479888916,
  "0x6d2b": 2.989213705062866,
  "0x72a0": 8.681726455688477,
  "0x72a1": 0.920638918876648,
  "0x7724": 10.602142333984375,
  "0x7725": 3.2947137355804443,
  "0x2fd4": 5.6025896072387695,
  "0x2fd5": 1.1987948417663574,
  "0x3caa": 12.197493553161621,
  "0x3cab": 3.505661725997925,
  "0x4812": 8.089167594909668,
  "0x4813": 1.6136224269866943,
  "0x528a": 7.215710639953613,
  "0x528b": 2.866792678833008,
  "0x5b18": 3.1786012649536133,
  "0x5b19": 0.5064852237701416,
  "0x62b6": 3.2964069843292236,
  "0x62b7": 2.7052950859069824,
  "0x686a": 2.1239349842071533,
  "0x686b": 2.7114474773406982,
  "0x6d2c": 6.202425479888916,
  "0x6d2d": 2.989213705062866,
  "0x72a2": 8.681726455688477,
  "0x72a3": 0.920638918876648,
  "0x7726": 10.602142333984375,
  "0x7727": 3.2947137355804443,
  "0x2fd6": 5.6025896072387695,
  "0x2fd7": 1.1987948417663574,
  "0x3cac": 12.197493553161621,
  "0x3cad": 3.505661725997925,
  "0x4814": 8.089167594909668,
  "0x4815": 1.4105957746505737,
  "0x528c": 7.093671798706055,
  "0x528d": 2.764613389968872,
  "0x5b1a": 3.1786012649536133,
  "0x5b1b": 0.5064852237701416,
  "0x62b8": 3.2964069843292236,
  "0x62b9": 2.7052950859069824,
  "0x686c": 2.2092974185943604,
  "0x686d": 0.36771491169929504,
  "0x6d2e": 6.202425479888916,
  "0x6d2f": 2.989213705062866,
  "0x72a4": 8.681726455688477,
  "0x72a5": 0.920638918876648,
  "0x7728": 10.602142333984375,
  "0x7729": 3.2947137355804443,
  "0x2fd8": 5.6025896072387695,
  "0x2fd9": 1.1987948417663574,
  "0x3cae": 11.583576202392578,
  "0x3caf": 3.5148375034332275,
  "0x4816": 4.413654327392578,
  "0x4817": 1.6565649509429932,
  "0x528e": 7.093671798706055,
  "0x528f": 2.764613389968872,
  "0x5b1c": 3.1786012649536133,
  "0x5b1d": 0.5064852237701416,
  "0x62ba": 3.2964069843292236,
  "0x62bb": 2.7052950859069824,
  "0x686e": 2.2092974185943604,
  "0x686f": 2.7968099117279053,
  "0x6d30": 6.202425479888916,
  "0x6d31": 2.989213705062866,
  "0x72a6": 8.681726455688477,
  "0x72a7": 0.920638918876648,
  "0x772a": 10.602142333984375,
  "0x772b": 3.2947137355804443,
  "0x2fda": 5.6025896072387695,
  "0x2fdb": 0.030353795737028122,
  "0x3cb0": 11.583576202392578,
  "0x3cb1": 3.5148375034332275,
  "0x4818": 4.413654327392578,
  "0x4819": 1.6565649509429932,
  "0x5290": 7.093671798706055,
  "0x5291": 2.275902271270752,
  "0x5b1e": 3.1786012649536133,
  "0x5b1f": 0.5064852237701416,
  "0x62bc": 3.2964069843292236,
  "0x62bd": 2.7052950859069824,
  "0x6870": 2.2092974185943604,
  "0x6871": 0.36771491169929504,
  "0x6d32": 6.202425479888916,
  "0x6d33": 2.989213705062866,
  "0x72a8": 8.681726455688477,
  "0x72a9": 0.920638918876648,
  "0x772c": 10.602142333984375,
  "0x772d": 3.2947137355804443,
  "0x2fdc": 5.6025896072387695,
  "0x2fdd": 0.030353795737028122,
  "0x3cb2": 11.583576202392578,
  "0x3cb3": 3.5148375034332275,
  "0x481a": 4.413654327392578,
  "0x481b": 0.0618845634162426,
  "0x5292": 7.093671798706055,
  "0x5293": 2.275902271270752,
  "0x5b20": 3.1786012649536133,
  "0x5b21": 0.5064852237701416,
  "0x62be": 3.2964069843292236,
  "0x62bf": 0.3133171796798706,
  "0x6872": 2.2092974185943604,
  "0x6873": 2.7968099117279053,
  "0x6d34": 6.202425479888916,
  "0x6d35": 2.989213705062866,
  "0x72aa": 8.681726455688477,
  "0x72ab": 0.920638918876648,
  "0x772e": 10.602142333984375,
  "0x772f": 3.2947137355804443
}