{
  "0x2fb4": 2.7040610313415527,
  "0x2fb5": 2.4956817626953125,
  "0x3c8a": 8.599689483642578,
  "0x3c8b": 1.5999027490615845,
  "0x47f2": 8.41086483001709,
  "0x47f3": 2.59542179107666,
  "0x526a": 5.9693779945373535,
  "0x526b": 0.22361692786216736,
  "0x5af8": 6.779269218444824,
  "0x5af9": 1.0147398710250854,
  "0x6296": 5.329073429107666,
  "0x6297": 2.180061101913452,
  "0x684a": 6.49245548248291,
  "0x684b": 0.15106327831745148,
  "0x6d0c": 8.496850967407227,
  "0x6d0d": 0.2070721685886383,
  "0x7282": 8.393326759338379,
  "0x7283": 1.0247434377670288,
  "0x7706": 9.191827774047852,
  "0x7707": 2.203939914703369,
  "0x2fb6": 2.7040610313415527,
  "0x2fb7": 2.4956817626953125,
  "0x3c8c": 8.599689483642578,
  "0x3c8d": 1.5999027490615845,
  "0x47f4": 8.41086483001709,
  "0x47f5": 2.59542179107666,
  "0x526c": 5.9693779945373535,
  "0x526d": 0.22361692786216736,
  "0x5afa": 6.779722690582275,
  "0x5afb": -0.14415127038955688,
  "0x6298": 5.329526901245117,
  "0x6299": 2.1805148124694824,
  "0x684c": 6.49245548248291,
  "0x684d": 0.15106327831745148,
  "0x6d0e": 8.496850967407227,
  "0x6d0f": 0.2070721685886383,
  "0x7284": 8.393326759338379,
  "0x7285": 1.0247434377670288,
  "0x7708": 9.191827774047852,
  "0x7709": 2.203939914703369,
  "0x2fb8": 2.7040610313415527,
  "0x2fb9": 2.4956817626953125,
  "0x3c8e": 8.599689483642578,
  "0x3c8f": 1.5999027490615845,
  "0x47f6": 8.41086483001709,
  "0x47f7": 2.59542179107666,
  "0x526e": 5.9693779945373535,
  "0x526f": 0.22361692786216736,
  "0x5afc": 6.779722690582275,
  "0x5afd": 1.0151935815811157,
  "0x629a": 5.329526901245117,
  "0x629b": 2.1805148124694824,
  "0x684e": 6.5034260749816895,
  "0x684f": 0.10680564492940903,
  "0x6d10": 8.496850967407227,
  "0x6d11": 0.2070721685886383,
  "0x7286": 8.393326759338379,
  "0x7287": 1.0247434377670288,
  "0x770a": 9.191827774047852,
  "0x770b": 2.203939914703369,
  "0x2fba": 2.7040610313415527,
  "0x2fbb": 2.4956817626953125,
  "0x3c90": 8.599689483642578,
  "0x3c91": 1.5999027490615845,
  "0x47f8": 8.41086483001709,
  "0x47f9": 2.59542179107666,
  "0x5270": 5.9523844718933105,
  "0x5271": 0.22884157299995422,
  "0x5afe": 6.779722690582275,
  "0x5aff": 1.0151935815811157,
  "0x629c": 5.329526901245117,
  "0x629d": 2.1805148124694824,
  "0x6850": 5.941882610321045,
  "0x6851": 0.07498767226934433,
  "0x6d12": 8.496850967407227,
  "0x6d13": 0.2070721685886383,
  "0x7288": 8.393326759338379,
  "0x7289": 1.0247434377670288,
  "0x770c": 9.191827774047852,
  "0x770d": 2.203939914703369,
  "0x2fbc": 2.7040610313415527,
  "0x2fbd": 2.4956817626953125,
  "0x3c92": 8.599689483642578,
  "0x3c93": 1.5999027490615845,
  "0x47fa": 8.41086483001709,
  "0x47fb": 2.59542179107666,
  "0x5272": 5.9523844718933105,
  "0x5273": 0.22884157299995422,
  "0x5b00": 6.779722690582275,
  "0x5b01": 1.0151935815811157,
  "0x629e": 5.329526901245117,
  "0x629f": 2.1805148124694824,
  "0x6852": 5.941882610321045,
  "0x6853": -0.08557454496622086,
  "0x6d14": 8.496850967407227,
  "0x6d15": 0.2070721685886383,
  "0x728a": 8.393326759338379,
  "0x728b": 1.0247434377670288,
  "0x770e": 9.191827774047852,
  "0x770f": 2.203939914703369,
  "0x2fbe": 2.7040610313415527,
  "0x2fbf": 2.4956817626953125,
  "0x3c94": 8.599689483642578,
  "0x3c95": 1.5999027490615845,
  "0x47fc": 8.41086483001709,
  "0x47fd": 2.59542179107666,
  "0x5274": 5.9523844718933105,
  "0x5275": 0.22884157299995422,
  "0x5b02": 6.779722690582275,
  "0x5b03": 1.0151935815811157,
  "0x62a0": 5.329526901245117,
  "0x62a1": 2.1805148124694824,
  "0x6854": 5.941882610321045,
  "0x6855": -0.08557454496622086,
  "0x6d16": 8.496850967407227,
  "0x6d17": 0.2070721685886383,
  "0x728c": 8.393326759338379,
  "0x728d": 1.0247434377670288,
  "0x7710": 9.191827774047852,
  "0x7711": 2.203939914703369,
  "0x2fc0": 2.7040610313415527,
  "0x2fc1": 2.4956817626953125,
  "0x3c96": 8.599689483642578,
  "0x3c97": 1.5999027490615845,
  "0x47fe": 8.41086483001709,
  "0x47ff": 2.59542179107666,
  "0x5276": 5.9523844718933105,
  "0x5277": 0.22884157299995422,
  "0x5b04": 6.779722690582275,
  "0x5b05": 1.0151935815811157,
  "0x62a2": 5.329526901245117,
  "0x62a3": 2.1805148124694824,
  "0x6856": 5.941882610321045,
  "0x6857": 0.07498767226934433,
  "0x6d18": 8.496850967407227,
  "0x6d19": 0.2070721685886383,
  "0x728e": 8.393326759338379,
  "0x728f": 1.0247434377670288,
  "0x7712": 9.191827774047852,
  "0x7713": 2.203939914703369
}