{
  "0x2f28": 4.897453784942627,
  "0x2f29": 2.3554718494415283,
  "0x3bfe": 8.076820373535156,
  "0x3bff": 3.732816457748413,
  "0x4766": 6.279738903045654,
  "0x4767": 2.7013368606567383,
  "0x51de": 6.700878143310547,
  "0x51df": 3.243534803390503,
  "0x5a6c": 5.15676212310791,
  "0x5a6d": 1.4702612161636353,
  "0x620a": 4.503803730010986,
  "0x620b": 2.2198736667633057,
  "0x67be": 4.162990093231201,
  "0x67bf": 1.4410028457641602,
  "0x6c80": 8.69602108001709,
  "0x6c81": 3.6107394695281982,
  "0x71f6": 6.554779529571533,
  "0x71f7": 3.313230276107788,
  "0x2f2a": 4.89890718460083,
  "0x2f2b": 2.3467421531677246,
  "0x3c00": 8.057303428649902,
  "0x3c01": 3.7031161785125732,
  "0x4768": 6.2554240226745605,
  "0x4769": 2.7145791053771973,
  "0x51e0": 6.6081438064575195,
  "0x51e1": 3.262178659439087,
  "0x5a6e": 5.106157302856445,
  "0x5a6f": 1.4806736707687378,
  "0x620c": 4.504441738128662,
  "0x620d": 2.2205121517181396,
  "0x67c0": 4.174312591552734,
  "0x67c1": 1.4523252248764038,
  "0x6c82": 8.707345008850098,
  "0x6c83": 3.6220619678497314,
  "0x71f8": 6.4756340980529785,
  "0x71f9": 3.3238637447357178,
  "0x2f2c": 4.89890718460083,
  "0x2f2d": 2.701292037963867,
  "0x3c02": 8.057303428649902,
  "0x3c03": 3.696962594985962,
  "0x476a": 6.218669414520264,
  "0x476b": 2.683493137359619,
  "0x51e2": 6.576273441314697,
  "0x51e3": 3.3292582035064697,
  "0x5a70": 5.098105430603027,
  "0x5a71": 1.4036012887954712,
  "0x620e": 4.4935126304626465,
  "0x620f": 2.355496644973755,
  "0x67c2": 4.1653523445129395,
  "0x67c3": 1.4324660301208496,
  "0x6c84": 8.698384284973145,
  "0x6c85": 3.602202892303467,
  "0x71fa": 6.517085552215576,
  "0x71fb": 3.32269549369812,
  "0x2f2e": 4.89890718460083,
  "0x2f2f": 2.701292037963867,
  "0x3c04": 8.057303428649902,
  "0x3c05": 3.696962594985962,
  "0x476c": 6.218669414520264,
  "0x476d": 2.683493137359619,
  "0x51e4": 6.576273441314697,
  "0x51e5": 3.3292582035064697,
  "0x5a72": 5.098105430603027,
  "0x5a73": 1.4036012887954712,
  "0x6210": 4.4935126304626465,
  "0x6211": 2.355496644973755,
  "0x67c4": 4.1653523445129395,
  "0x67c5": 1.4324660301208496,
  "0x6c86": 8.429047584533691,
  "0x6c87": 3.602202892303467,
  "0x71fc": 6.517085552215576,
  "0x71fd": 3.32269549369812,
  "0x2f30": 4.89890718460083,
  "0x2f31": 2.701292037963867,
  "0x3c06": 8.057303428649902,
  "0x3c07": 3.696962594985962,
  "0x476e": 6.218669414520264,
  "0x476f": 2.683493137359619,
  "0x51e6": 6.5482563972473145,
  "0x51e7": 3.287590742111206,
  "0x5a74": 5.098105430603027,
  "0x5a75": 1.4036012887954712,
  "0x6212": 4.4935126304626465,
  "0x6213": 2.355496644973755,
  "0x67c6": 4.1653523445129395,
  "0x67c7": 1.4324660301208496,
  "0x6c88": 8.429047584533691,
  "0x6c89": 3.602202892303467,
  "0x71fe": 6.517085552215576,
  "0x71ff": 3.32269549369812,
  "0x2f32": 4.915027618408203,
  "0x2f33": 2.704190969467163,
  "0x3c08": 8.057303428649902,
  "0x3c09": 3.696962594985962,
  "0x4770": 6.218669414520264,
  "0x4771": 2.683493137359619,
  "0x51e8": 6.5482563972473145,
  "0x51e9": 3.287590742111206,
  "0x5a76": 5.098105430603027,
  "0x5a77": 1.4036012887954712,
  "0x6214": 4.4935126304626465,
  "0x6215": 2.355496644973755,
  "0x67c8": 4.1653523445129395,
  "0x67c9": 1.4324660301208496,
  "0x6c8a": 8.429047584533691,
  "0x6c8b": 3.602202892303467,
  "0x7200": 6.517085552215576,
  "0x7201": 3.32269549369812,
  "0x2f34": 4.90639591217041,
  "0x2f35": 2.430765151977539,
  "0x3c0a": 8.057303428649902,
  "0x3c0b": 3.696962594985962,
  "0x4772": 6.218669414520264,
  "0x4773": 2.683493137359619,
  "0x51ea": 6.5482563972473145,
  "0x51eb": 3.287590742111206,
  "0x5a78": 5.098105430603027,
  "0x5a79": 1.4036012887954712,
  "0x6216": 4.4935126304626465,
  "0x6217": 2.355496644973755,
  "0x67ca": 4.1653523445129395,
  "0x67cb": 1.4324660301208496,
  "0x6c8c": 8.45850658416748,
  "0x6c8d": 3.602202892303467,
  "0x7202": 6.517085552215576,
  "0x7203": 3.32269549369812
}