{
  "0x3086": 2.881586790084839,
  "0x3087": 1.113115668296814,
  "0x3d5c": 7.501704216003418,
  "0x3d5d": 2.199089288711548,
  "0x48c4": 8.022087097167969,
  "0x48c5": 2.8745779991149902,
  "0x533c": 3.7701945304870605,
  "0x533d": 0.9320592284202576,
  "0x5bca": 1.3312102556228638,
  "0x5bcb": 0.8716953992843628,
  "0x6368": 2.9857771396636963,
  "0x6369": 1.7121069431304932,
  "0x691c": 0.004390031099319458,
  "0x691d": 1.3558809757232666,
  "0x6dde": 7.488824367523193,
  "0x6ddf": 0.8141617774963379,
  "0x7354": 5.121697425842285,
  "0x7355": 1.6806044578552246,
  "0x77d8": 9.194860458374023,
  "0x77d9": 0.667621374130249,
  "0x3088": 2.881586790084839,
  "0x3089": 1.113115668296814,
  "0x3d5e": 7.501704216003418,
  "0x3d5f": 2.199089288711548,
  "0x48c6": 8.022087097167969,
  "0x48c7": 2.8745779991149902,
  "0x533e": 3.7701945304870605,
  "0x533f": -0.7029695510864258,
  "0x5bcc": 1.3312102556228638,
  "0x5bcd": 0.8716953992843628,
  "0x636a": 2.9857771396636963,
  "0x636b": 1.7121069431304932,
  "0x691e": 3.0592615604400635,
  "0x691f": -0.00021308992290869355,
  "0x6de0": 7.488824367523193,
  "0x6de1": -0.23751477897167206,
  "0x7356": 5.121697425842285,
  "0x7357": 1.6806044578552246,
  "0x77da": 9.194860458374023,
  "0x77db": 0.667621374130249,
  "0x308a": 2.881586790084839,
  "0x308b": -0.3092844784259796,
  "0x3d60": 7.501704216003418,
  "0x3d61": 2.199089288711548,
  "0x48c8": 8.022087097167969,
  "0x48c9": 2.8745779991149902,
  "0x5340": 3.7701945304870605,
  "0x5341": 0.9320592284202576,
  "0x5bce": 1.3312102556228638,
  "0x5bcf": -0.1559966504573822,
  "0x636c": 2.9857771396636963,
  "0x636d": 1.7121069431304932,
  "0x6920": 3.0592615604400635,
  "0x6921": 1.3558809757232666,
  "0x6de2": 7.488824367523193,
  "0x6de3": 0.8141617774963379,
  "0x7358": 5.121697425842285,
  "0x7359": 1.6806044578552246,
  "0x77dc": 9.194860458374023,
  "0x77dd": 0.0008154753595590591,
  "0x308c": 2.881586790084839,
  "0x308d": 1.113115668296814,
  "0x3d62": 7.501704216003418,
  "0x3d63": 2.199089288711548,
  "0x48ca": 8.022087097167969,
  "0x48cb": 2.8745779991149902,
  "0x5342": 3.7701945304870605,
  "0x5343": 0.9320592284202576,
  "0x5bd0": 1.3312102556228638,
  "0x5bd1": 0.8716953992843628,
  "0x636e": 2.9857771396636963,
  "0x636f": 1.7121069431304932,
  "0x6922": 3.0592615604400635,
  "0x6923": 1.3558809757232666,
  "0x6de4": 7.488824367523193,
  "0x6de5": 0.8141617774963379,
  "0x735a": 5.121697425842285,
  "0x735b": 1.6806044578552246,
  "0x77de": 9.194860458374023,
  "0x77df": 0.667621374130249,
  "0x308e": 2.881586790084839,
  "0x308f": 1.113115668296814,
  "0x3d64": 7.501704216003418,
  "0x3d65": 2.199089288711548,
  "0x48cc": 8.022087097167969,
  "0x48cd": 2.8745779991149902,
  "0x5344": 3.7701945304870605,
  "0x5345": 0.9320592284202576,
  "0x5bd2": 1.3312102556228638,
  "0x5bd3": 0.8716953992843628,
  "0x6370": 2.9857771396636963,
  "0x6371": 1.7121069431304932,
  "0x6924": 3.0592615604400635,
  "0x6925": 1.3558809757232666,
  "0x6de6": 7.488824367523193,
  "0x6de7": 0.8141617774963379,
  "0x735c": 5.121697425842285,
  "0x735d": 1.6806044578552246,
  "0x77e0": 9.194860458374023,
  "0x77e1": 0.667621374130249,
  "0x3090": 2.881586790084839,
  "0x3091": 1.113115668296814,
  "0x3d66": 7.501704216003418,
  "0x3d67": 0.04224517568945885,
  "0x48ce": 8.022087097167969,
  "0x48cf": 2.8745779991149902,
  "0x5346": 3.7701945304870605,
  "0x5347": 0.9320592284202576,
  "0x5bd4": 1.3312102556228638,
  "0x5bd5": 0.8716953992843628,
  "0x6372": 2.9857771396636963,
  "0x6373": 1.7121069431304932,
  "0x6926": 3.0592615604400635,
  "0x6927": -0.00021308992290869355,
  "0x6de8": 7.488824367523193,
  "0x6de9": 0.8141617774963379,
  "0x735e": 5.121697425842285,
  "0x735f": 1.6806044578552246,
  "0x77e2": 9.194860458374023,
  "0x77e3": 0.667621374130249,
  "0x3092": 2.881586790084839,
  "0x3093": 1.113115668296814,
  "0x3d68": 7.501704216003418,
  "0x3d69": 2.199089288711548,
  "0x48d0": 8.022087097167969,
  "0x48d1": 2.8745779991149902,
  "0x5348": 3.7701945304870605,
  "0x5349": 0.9320592284202576,
  "0x5bd6": 1.3312102556228638,
  "0x5bd7": 0.8716953992843628,
  "0x6374": 2.9857771396636963,
  "0x6375": 0.17648187279701233,
  "0x6928": 3.0592615604400635,
  "0x6929": -0.00021308992290869355,
  "0x6dea": 7.488824367523193,
  "0x6deb": 0.8141617774963379,
  "0x7360": 5.121697425842285,
  "0x7361": 1.6806044578552246,
  "0x77e4": 9.194860458374023,
  "0x77e5": 0.667621374130249
}