{
  "0x2e1e": 7.499960899353027,
  "0x2e1f": 3.1017494201660156,
  "0x3af4": 8.699732780456543,
  "0x3af5": 3.8972649574279785,
  "0x465c": 7.306120872497559,
  "0x465d": 3.3943986892700195,
  "0x50d4": 7.297610759735107,
  "0x50d5": 3.2033135890960693,
  "0x5962": 5.6877665519714355,
  "0x5963": 2.702247381210327,
  "0x6100": 4.899081230163574,
  "0x6101": 2.5017409324645996,
  "0x2e20": 7.499960899353027,
  "0x2e21": 3.1017494201660156,
  "0x3af6": 8.699732780456543,
  "0x3af7": 3.8972649574279785,
  "0x465e": 7.306120872497559,
  "0x465f": 3.3943986892700195,
  "0x50d6": 7.297610759735107,
  "0x50d7": 3.2033135890960693,
  "0x5964": 5.6877665519714355,
  "0x5965": 2.702247381210327,
  "0x6102": 4.899081230163574,
  "0x6103": 2.5017409324645996,
  "0x2e22": 7.499960899353027,
  "0x2e23": 3.1017494201660156,
  "0x3af8": 8.699732780456543,
  "0x3af9": 3.8972649574279785,
  "0x4660": 7.306120872497559,
  "0x4661": 3.3943986892700195,
  "0x50d8": 7.297610759735107,
  "0x50d9": 3.2033135890960693,
  "0x5966": 5.6877665519714355,
  "0x5967": 2.702247381210327,
  "0x6104": 4.899081230163574,
  "0x6105": 2.5017409324645996,
  "0x2e24": 7.499960899353027,
  "0x2e25": 3.1017494201660156,
  "0x3afa": 8.699732780456543,
  "0x3afb": 3.8972649574279785,
  "0x4662": 7.306120872497559,
  "0x4663": 3.3943986892700195,
  "0x50da": 7.297610759735107,
  "0x50db": 3.2033135890960693,
  "0x5968": 5.6877665519714355,
  "0x5969": 2.702247381210327,
  "0x6106": 4.899081230163574,
  "0x6107": 2.5017409324645996,
  "0x2e26": 7.499960899353027,
  "0x2e27": 3.1017494201660156,
  "0x3afc": 8.699732780456543,
  "0x3afd": 3.8972649574279785,
  "0x4664": 7.306120872497559,
  "0x4665": 3.3943986892700195,
  "0x50dc": 7.297610759735107,
  "0x50dd": 3.2033135890960693,
  "0x596a": 5.6877665519714355,
  "0x596b": 2.702247381210327,
  "0x6108": 4.899081230163574,
  "0x6109": 2.5017409324645996,
  "0x2e28": 7.499960899353027,
  "0x2e29": 3.1017494201660156,
  "0x3afe": 8.699732780456543,
  "0x3aff": 3.8972649574279785,
  "0x4666": 7.306120872497559,
  "0x4667": 3.3943986892700195,
  "0x50de": 7.297610759735107,
  "0x50df": 3.2033135890960693,
  "0x596c": 5.6877665519714355,
  "0x596d": 2.702247381210327,
  "0x610a": 4.899081230163574,
  "0x610b": 2.5017409324645996,
  "0x2e2a": 7.499960899353027,
  "0x2e2b": 3.1017494201660156,
  "0x3b00": 8.699732780456543,
  "0x3b01": 3.8972649574279785,
  "0x4668": 7.306120872497559,
  "0x4669": 3.3943986892700195,
  "0x50e0": 7.297610759735107,
  "0x50e1": 3.2033135890960693,
  "0x596e": 5.6877665519714355,
  "0x596f": 2.702247381210327,
  "0x610c": 4.899081230163574,
  "0x610d": 2.5017409324645996
}