{
  "0x2c50": 7.900106906890869,
  "0x2c51": 4.189120292663574,
  "0x3926": 13.099063873291016,
  "0x3927": 4.396719932556152,
  "0x448e": 9.597697257995605,
  "0x448f": 4.8539628982543945,
  "0x4f06": 9.680048942565918,
  "0x4f07": 3.798781156539917,
  "0x5794": 7.88563871383667,
  "0x5795": 3.349653959274292,
  "0x5f32": 7.52719783782959,
  "0x5f33": 3.7772858142852783,
  "0x2c52": 7.900106906890869,
  "0x2c53": 4.299384117126465,
  "0x3928": 13.099063873291016,
  "0x3929": 4.400551795959473,
  "0x4490": 9.603032112121582,
  "0x4491": 4.89654541015625,
  "0x4f08": 9.794697761535645,
  "0x4f09": 3.8129255771636963,
  "0x5796": 7.896984100341797,
  "0x5797": 3.408421754837036,
  "0x5f34": 7.61128044128418,
  "0x5f35": 3.6540720462799072,
  "0x2c54": 7.900106906890869,
  "0x2c55": 4.299384117126465,
  "0x392a": 13.099063873291016,
  "0x392b": 4.400551795959473,
  "0x4492": 9.603032112121582,
  "0x4493": 4.89654541015625,
  "0x4f0a": 9.794697761535645,
  "0x4f0b": 3.8129255771636963,
  "0x5798": 7.896984100341797,
  "0x5799": 3.408421754837036,
  "0x5f36": 7.61128044128418,
  "0x5f37": 3.6540720462799072,
  "0x2c56": 7.900106906890869,
  "0x2c57": 4.299384117126465,
  "0x392c": 13.099063873291016,
  "0x392d": 4.400551795959473,
  "0x4494": 9.603032112121582,
  "0x4495": 4.89654541015625,
  "0x4f0c": 9.794697761535645,
  "0x4f0d": 3.8129255771636963,
  "0x579a": 7.896984100341797,
  "0x579b": 3.408421754837036,
  "0x5f38": 7.61128044128418,
  "0x5f39": 3.6540720462799072,
  "0x2c58": 7.900106906890869,
  "0x2c59": 4.299384117126465,
  "0x392e": 13.099063873291016,
  "0x392f": 4.400551795959473,
  "0x4496": 9.603032112121582,
  "0x4497": 4.89654541015625,
  "0x4f0e": 9.794697761535645,
  "0x4f0f": 3.8058698177337646,
  "0x579c": 7.896984100341797,
  "0x579d": 3.4013659954071045,
  "0x5f3a": 7.61128044128418,
  "0x5f3b": 3.6470162868499756,
  "0x2c5a": 7.900106906890869,
  "0x2c5b": 4.299384117126465,
  "0x3930": 13.099063873291016,
  "0x3931": 4.400551795959473,
  "0x4498": 9.603032112121582,
  "0x4499": 4.89654541015625,
  "0x4f10": 9.794697761535645,
  "0x4f11": 3.8058698177337646,
  "0x579e": 7.896984100341797,
  "0x579f": 3.4013659954071045,
  "0x5f3c": 7.61128044128418,
  "0x5f3d": 3.6470162868499756,
  "0x2c5c": 7.900106906890869,
  "0x2c5d": 4.299384117126465,
  "0x3932": 13.099063873291016,
  "0x3933": 4.400551795959473,
  "0x449a": 9.603032112121582,
  "0x449b": 4.89654541015625,
  "0x4f12": 9.794697761535645,
  "0x4f13": 3.8058698177337646,
  "0x57a0": 7.896984100341797,
  "0x57a1": 3.4013659954071045,
  "0x5f3e": 7.61128044128418,
  "0x5f3f": 3.6470162868499756
}