{
  "0x2bcc": 9.29908561706543,
  "0x2bcd": 3.8256709575653076,
  "0x38a2": 11.317180633544922,
  "0x38a3": 4.528227806091309,
  "0x440a": 10.18896770477295,
  "0x440b": 3.9413981437683105,
  "0x4e82": 10.002029418945312,
  "0x4e83": 4.112222671508789,
  "0x5710": 7.001774787902832,
  "0x5711": 3.2624223232269287,
  "0x2bce": 7.143160820007324,
  "0x2bcf": 2.587913751602173,
  "0x38a4": 8.52979564666748,
  "0x38a5": 3.524503469467163,
  "0x440c": 8.185332298278809,
  "0x440d": 2.821333408355713,
  "0x4e84": 7.217751502990723,
  "0x4e85": 3.1606061458587646,
  "0x5712": 4.654909610748291,
  "0x5713": 2.527545213699341,
  "0x2bd0": 7.746664047241211,
  "0x2bd1": 2.8670644760131836,
  "0x38a6": 9.676618576049805,
  "0x38a7": 3.9826266765594482,
  "0x440e": 8.976456642150879,
  "0x440f": 3.224940061569214,
  "0x4e86": 8.47836685180664,
  "0x4e87": 3.7717859745025635,
  "0x5714": 5.574211120605469,
  "0x5715": 2.562981605529785
}