{
  "0x2c5e": 9.792848587036133,
  "0x2c5f": 3.9059174060821533,
  "0x3934": 10.41097640991211,
  "0x3935": 4.79036808013916,
  "0x449c": 11.591668128967285,
  "0x449d": 4.104156494140625,
  "0x4f14": 9.502192497253418,
  "0x4f15": 4.100323677062988,
  "0x57a2": 7.202260971069336,
  "0x57a3": 4.100011348724365,
  "0x5f40": 6.4985527992248535,
  "0x5f41": 3.8000547885894775,
  "0x2c60": 9.792848587036133,
  "0x2c61": 3.9059174060821533,
  "0x3936": 10.41097640991211,
  "0x3937": 4.79036808013916,
  "0x449e": 11.591668128967285,
  "0x449f": 4.104156494140625,
  "0x4f16": 9.502192497253418,
  "0x4f17": 4.100323677062988,
  "0x57a4": 7.202260971069336,
  "0x57a5": 4.100011348724365,
  "0x5f42": 6.4985527992248535,
  "0x5f43": 3.8000547885894775,
  "0x2c62": 9.792848587036133,
  "0x2c63": 3.9059174060821533,
  "0x3938": 10.41097640991211,
  "0x3939": 4.79036808013916,
  "0x44a0": 11.591668128967285,
  "0x44a1": 4.104156494140625,
  "0x4f18": 9.502192497253418,
  "0x4f19": 4.100323677062988,
  "0x57a6": 7.202260971069336,
  "0x57a7": 4.100011348724365,
  "0x5f44": 6.4985527992248535,
  "0x5f45": 3.8000547885894775,
  "0x2c64": 9.792848587036133,
  "0x2c65": 3.9059174060821533,
  "0x393a": 10.41097640991211,
  "0x393b": 4.79036808013916,
  "0x44a2": 11.591668128967285,
  "0x44a3": 4.104156494140625,
  "0x4f1a": 9.502192497253418,
  "0x4f1b": 4.100323677062988,
  "0x57a8": 7.202260971069336,
  "0x57a9": 4.100011348724365,
  "0x5f46": 6.4985527992248535,
  "0x5f47": 3.8000547885894775,
  "0x2c66": 9.792848587036133,
  "0x2c67": 3.9059174060821533,
  "0x393c": 10.41097640991211,
  "0x393d": 4.79036808013916,
  "0x44a4": 11.591668128967285,
  "0x44a5": 4.104156494140625,
  "0x4f1c": 9.502192497253418,
  "0x4f1d": 4.100323677062988,
  "0x57aa": 7.202260971069336,
  "0x57ab": 4.100011348724365,
  "0x5f48": 6.4985527992248535,
  "0x5f49": 3.8000547885894775,
  "0x2c68": 9.792848587036133,
  "0x2c69": 3.9059174060821533,
  "0x393e": 10.41097640991211,
  "0x393f": 4.79036808013916,
  "0x44a6": 11.591668128967285,
  "0x44a7": 4.104156494140625,
  "0x4f1e": 9.502192497253418,
  "0x4f1f": 4.100323677062988,
  "0x57ac": 7.202260971069336,
  "0x57ad": 4.100011348724365,
  "0x5f4a": 6.4985527992248535,
  "0x5f4b": 3.8000547885894775,
  "0x2c6a": 9.792848587036133,
  "0x2c6b": 3.9059174060821533,
  "0x3940": 10.41097640991211,
  "0x3941": 4.79036808013916,
  "0x44a8": 11.591668128967285,
  "0x44a9": 4.104156494140625,
  "0x4f20": 9.502192497253418,
  "0x4f21": 4.100323677062988,
  "0x57ae": 7.202260971069336,
  "0x57af": 4.100011348724365,
  "0x5f4c": 6.4985527992248535,
  "0x5f4d": 3.8000547885894775
}