{
  "0x2fec": 4.300000000000002,
  "0x2fed": 0.0,
  "0x3cc2": 11.1,
  "0x3cc3": 1.7000000000000002,
  "0x482a": 4.300000000000002,
  "0x482b": 0.0,
  "0x52a2": 4.800000000000002,
  "0x52a3": 1.5999999999999996,
  "0x5b30": 3.9,
  "0x5b31": 3.1,
  "0x62ce": 4.0,
  "0x62cf": 1.5,
  "0x6882": 0.0,
  "0x6883": 0.7000000000000002,
  "0x6d44": 8.4,
  "0x6d45": 0.7000000000000002,
  "0x72ba": 5.1,
  "0x72bb": 0.0999999999999996,
  "0x773e": 3.0,
  "0x773f": 1.7999999999999998,
  "0x2fee": 3.6,
  "0x2fef": 3.1,
  "0x3cc4": 7.199999999999998,
  "0x3cc5": 1.7000000000000002,
  "0x482c": 10.0,
  "0x482d": 0.6000000000000001,
  "0x52a4": 3.5,
  "0x52a5": 1.2000000000000002,
  "0x5b32": 5.8,
  "0x5b33": 2.8,
  "0x62d0": 1.7999999999999998,
  "0x62d1": 0.0999999999999996,
  "0x6884": 5.199999999999998,
  "0x6885": 0.2000000000000001,
  "0x6d46": 9.4,
  "0x6d47": 1.0,
  "0x72bc": 9.0,
  "0x72bd": 0.0999999999999996,
  "0x7740": 10.5,
  "0x7741": 4.2,
  "0x2ff0": 7.5,
  "0x2ff1": 0.3999999999999999,
  "0x3cc6": 13.8,
  "0x3cc7": 4.5,
  "0x482e": 7.699999999999998,
  "0x482f": 3.0,
  "0x52a6": 4.6,
  "0x52a7": 3.7,
  "0x5b34": 3.9,
  "0x5b35": 1.7000000000000002,
  "0x62d2": 6.1,
  "0x62d3": 0.0,
  "0x6886": 5.3,
  "0x6887": 0.6000000000000001,
  "0x6d48": 9.1,
  "0x6d49": 3.2,
  "0x72be": 6.199999999999998,
  "0x72bf": 4.0,
  "0x7742": 9.5,
  "0x7743": 1.0,
  "0x2ff2": 11.2,
  "0x2ff3": 1.5,
  "0x3cc8": 13.6,
  "0x3cc9": 2.8,
  "0x4830": 8.8,
  "0x4831": 2.1,
  "0x52a8": 7.0,
  "0x52a9": 3.6,
  "0x5b36": 4.0,
  "0x5b37": 0.0,
  "0x62d4": 8.0,
  "0x62d5": 0.4000000000000004,
  "0x6888": 6.199999999999998,
  "0x6889": 3.0,
  "0x6d4a": 13.2,
  "0x6d4b": 3.1,
  "0x72c0": 11.4,
  "0x72c1": 1.7999999999999998,
  "0x7744": 10.5,
  "0x7745": 3.7,
  "0x2ff4": 3.0,
  "0x2ff5": 2.4000000000000004,
  "0x3cca": 6.300000000000002,
  "0x3ccb": 0.9000000000000004,
  "0x4832": 11.0,
  "0x4833": 3.2,
  "0x52aa": 11.2,
  "0x52ab": 3.0,
  "0x5b38": 3.6,
  "0x5b39": 0.0,
  "0x62d6": 6.1,
  "0x62d7": 1.7000000000000002,
  "0x688a": 3.3000000000000007,
  "0x688b": 0.0,
  "0x6d4c": 12.1,
  "0x6d4d": 2.2,
  "0x72c2": 4.9,
  "0x72c3": 2.3,
  "0x7746": 8.4,
  "0x7747": 3.7,
  "0x2ff6": 1.0999999999999996,
  "0x2ff7": 3.2,
  "0x3ccc": 7.800000000000002,
  "0x3ccd": 1.7999999999999998,
  "0x4834": 6.800000000000002,
  "0x4835": 1.0,
  "0x52ac": 6.300000000000002,
  "0x52ad": 0.2999999999999998,
  "0x5b3a": 0.0,
  "0x5b3b": 2.2,
  "0x62d8": 6.4,
  "0x62d9": 1.7999999999999998,
  "0x688c": 0.0,
  "0x688d": 1.2999999999999998,
  "0x6d4e": 5.4,
  "0x6d4f": 3.2,
  "0x72c4": 7.1,
  "0x72c5": 0.1,
  "0x7748": 7.9,
  "0x7749": 3.3,
  "0x2ff8": 1.0,
  "0x2ff9": 1.2999999999999998,
  "0x3cce": 7.699999999999998,
  "0x3ccf": 2.9000000000000004,
  "0x4836": 8.8,
  "0x4837": 2.9,
  "0x52ae": 7.4,
  "0x52af": 0.9000000000000004,
  "0x5b3c": 6.8,
  "0x5b3d": 1.7999999999999998,
  "0x62da": 3.5,
  "0x62db": 2.2,
  "0x688e": 6.3,
  "0x688f": 0.7999999999999998,
  "0x6d50": 5.6,
  "0x6d51": 3.1,
  "0x72c6": 9.2,
  "0x72c7": 3.1,
  "0x774a": 9.3,
  "0x774b": 3.8
}