{
  "0x2fec": 5.596140384674072,
  "0x2fed": 0.001275341957807541,
  "0x3cc2": 8.598016738891602,
  "0x3cc3": 1.3042453527450562,
  "0x482a": 6.009241104125977,
  "0x482b": 0.6987122893333435,
  "0x52a2": 6.087574481964111,
  "0x52a3": 1.8175638914108276,
  "0x5b30": 6.498905181884766,
  "0x5b31": 0.5050297975540161,
  "0x62ce": 8.088478088378906,
  "0x62cf": 2.1129086017608643,
  "0x6882": 6.218019962310791,
  "0x6883": 2.0881540775299072,
  "0x6d44": 9.601570129394531,
  "0x6d45": 2.364635705947876,
  "0x72ba": 3.2019968032836914,
  "0x72bb": 3.2922725677490234,
  "0x773e": 5.397152423858643,
  "0x773f": 1.0055800676345825,
  "0x2fee": 5.596140384674072,
  "0x2fef": 1.3684135675430298,
  "0x3cc4": 8.598016738891602,
  "0x3cc5": 1.3042453527450562,
  "0x482c": 6.009241104125977,
  "0x482d": 3.79233455657959,
  "0x52a4": 6.087574481964111,
  "0x52a5": 1.8175638914108276,
  "0x5b32": 6.498905181884766,
  "0x5b33": 0.5050297975540161,
  "0x62d0": 8.088478088378906,
  "0x62d1": 2.1129086017608643,
  "0x6884": 6.205915451049805,
  "0x6885": 2.0881540775299072,
  "0x6d46": 9.601570129394531,
  "0x6d47": 2.364635705947876,
  "0x72bc": 3.2019968032836914,
  "0x72bd": 3.2922725677490234,
  "0x7740": 5.397152423858643,
  "0x7741": 1.0055800676345825,
  "0x2ff0": 5.596140384674072,
  "0x2ff1": 1.3684135675430298,
  "0x3cc6": 8.598016738891602,
  "0x3cc7": 1.3042453527450562,
  "0x482e": 5.995495796203613,
  "0x482f": 3.804224967956543,
  "0x52a6": 6.341344356536865,
  "0x52a7": 1.8625479936599731,
  "0x5b34": 6.498905181884766,
  "0x5b35": 0.5050297975540161,
  "0x62d2": 8.088478088378906,
  "0x62d3": -0.47538384795188904,
  "0x6886": 6.205915451049805,
  "0x6887": 2.0881540775299072,
  "0x6d48": 9.601570129394531,
  "0x6d49": 2.364635705947876,
  "0x72be": 3.2019968032836914,
  "0x72bf": 3.2922725677490234,
  "0x7742": 5.397152423858643,
  "0x7743": 1.0055800676345825,
  "0x2ff2": 5.596140384674072,
  "0x2ff3": 1.3684135675430298,
  "0x3cc8": 8.598016738891602,
  "0x3cc9": 1.3042453527450562,
  "0x4830": 5.995495796203613,
  "0x4831": 3.804224967956543,
  "0x52a8": 6.341344356536865,
  "0x52a9": 1.8625479936599731,
  "0x5b36": 6.498905181884766,
  "0x5b37": -0.000620734179392457,
  "0x62d4": 8.088478088378906,
  "0x62d5": 2.1129086017608643,
  "0x6888": 6.205915451049805,
  "0x6889": 2.0881540775299072,
  "0x6d4a": 9.601570129394531,
  "0x6d4b": 2.364635705947876,
  "0x72c0": 3.2019968032836914,
  "0x72c1": 3.2922725677490234,
  "0x7744": 5.397152423858643,
  "0x7745": 1.0055800676345825,
  "0x2ff4": 5.596140384674072,
  "0x2ff5": 1.3684135675430298,
  "0x3cca": 8.598016738891602,
  "0x3ccb": 1.3042453527450562,
  "0x4832": 6.193659782409668,
  "0x4833": 2.803999662399292,
  "0x52aa": 6.341344356536865,
  "0x52ab": 1.8625479936599731,
  "0x5b38": 6.498905181884766,
  "0x5b39": -0.000620734179392457,
  "0x62d6": 8.088478088378906,
  "0x62d7": 2.1129086017608643,
  "0x688a": 6.205915451049805,
  "0x688b": 0.40215206146240234,
  "0x6d4c": 9.601570129394531,
  "0x6d4d": 2.364635705947876,
  "0x72c2": 3.2019968032836914,
  "0x72c3": 3.2922725677490234,
  "0x7746": 5.397152423858643,
  "0x7747": 1.0055800676345825,
  "0x2ff6": 5.596140384674072,
  "0x2ff7": 1.3684135675430298,
  "0x3ccc": 8.598016738891602,
  "0x3ccd": 1.3042453527450562,
  "0x4834": 6.275595664978027,
  "0x4835": 2.803999662399292,
  "0x52ac": 6.341344356536865,
  "0x52ad": 1.8625479936599731,
  "0x5b3a": 6.730597496032715,
  "0x5b3b": 0.5050297975540161,
  "0x62d8": 8.088478088378906,
  "0x62d9": 2.1129086017608643,
  "0x688c": 6.213033199310303,
  "0x688d": 2.320549249649048,
  "0x6d4e": 9.345954895019531,
  "0x6d4f": 2.388369083404541,
  "0x72c4": 3.2019968032836914,
  "0x72c5": 3.2922725677490234,
  "0x7748": 5.397152423858643,
  "0x7749": 1.0055800676345825,
  "0x2ff8": 5.596140384674072,
  "0x2ff9": 1.3684135675430298,
  "0x3cce": 8.598016738891602,
  "0x3ccf": 1.3042453527450562,
  "0x4836": 6.190455436706543,
  "0x4837": 3.1006648540496826,
  "0x52ae": 6.341344356536865,
  "0x52af": 1.8625479936599731,
  "0x5b3c": 6.498905181884766,
  "0x5b3d": 0.5050297975540161,
  "0x62da": 8.088478088378906,
  "0x62db": 2.1129086017608643,
  "0x688e": 6.42452335357666,
  "0x688f": 2.3575439453125,
  "0x6d50": 9.356912612915039,
  "0x6d51": 2.3566179275512695,
  "0x72c6": 3.2019968032836914,
  "0x72c7": 3.2922725677490234,
  "0x774a": 5.397152423858643,
  "0x774b": 1.0055800676345825
}