{
  "0x2f8a": 4.9,
  "0x2f8b": 1.2999999999999998,
  "0x3c60": 11.2,
  "0x3c61": 4.7,
  "0x47c8": 11.2,
  "0x47c9": 3.7,
  "0x5240": 8.5,
  "0x5241": 1.5,
  "0x5ace": 1.1999999999999993,
  "0x5acf": 0.5,
  "0x626c": 0.0,
  "0x626d": 1.5,
  "0x6820": 0.2000000000000001,
  "0x6821": 0.0,
  "0x6ce2": 13.3,
  "0x6ce3": 1.7999999999999998,
  "0x7258": 5.5,
  "0x7259": 2.4000000000000004,
  "0x76dc": 5.1,
  "0x76dd": 1.7000000000000002,
  "0x2f8c": 4.5,
  "0x2f8d": 2.1,
  "0x3c62": 8.5,
  "0x3c63": 2.0,
  "0x47ca": 5.1,
  "0x47cb": 1.0999999999999996,
  "0x5242": 6.4,
  "0x5243": 2.9000000000000004,
  "0x5ad0": 6.1,
  "0x5ad1": 1.2999999999999998,
  "0x626e": 1.9000000000000004,
  "0x626f": 1.4000000000000004,
  "0x6822": 1.5999999999999996,
  "0x6823": 3.9,
  "0x6ce4": 5.4,
  "0x6ce5": 4.0,
  "0x725a": 5.800000000000002,
  "0x725b": 2.5,
  "0x76de": 4.1,
  "0x76df": 1.5,
  "0x2f8e": 8.7,
  "0x2f8f": 1.9000000000000004,
  "0x3c64": 7.300000000000002,
  "0x3c65": 3.2,
  "0x47cc": 6.800000000000002,
  "0x47cd": 4.3,
  "0x5244": 10.8,
  "0x5245": 1.5999999999999996,
  "0x5ad2": 5.4,
  "0x5ad3": 2.7,
  "0x6270": 5.0,
  "0x6271": 2.3,
  "0x6824": 2.2,
  "0x6825": 1.2999999999999998,
  "0x6ce6": 8.1,
  "0x6ce7": 3.1,
  "0x725c": 10.5,
  "0x725d": 4.9,
  "0x76e0": 7.199999999999998,
  "0x76e1": 2.9000000000000004,
  "0x2f90": 4.6,
  "0x2f91": 0.9000000000000004,
  "0x3c66": 11.0,
  "0x3c67": 4.6,
  "0x47ce": 9.3,
  "0x47cf": 4.7,
  "0x5246": 7.6,
  "0x5247": 2.6,
  "0x5ad4": 7.4,
  "0x5ad5": 3.5,
  "0x6272": 5.1,
  "0x6273": 0.0,
  "0x6826": 6.5,
  "0x6827": 0.4000000000000004,
  "0x6ce8": 8.5,
  "0x6ce9": 2.7,
  "0x725e": 3.8000000000000007,
  "0x725f": 5.0,
  "0x76e2": 9.9,
  "0x76e3": 2.4000000000000004,
  "0x2f92": 5.1,
  "0x2f93": 2.0,
  "0x3c68": 15.1,
  "0x3c69": 2.5,
  "0x47d0": 10.8,
  "0x47d1": 4.3,
  "0x5248": 9.9,
  "0x5249": 4.2,
  "0x5ad6": 6.0,
  "0x5ad7": 3.3,
  "0x6274": 7.800000000000002,
  "0x6275": 3.2,
  "0x6828": 6.4,
  "0x6829": 3.3,
  "0x6cea": 11.7,
  "0x6ceb": 2.9000000000000004,
  "0x7260": 11.3,
  "0x7261": 4.1,
  "0x76e4": 14.5,
  "0x76e5": 4.6,
  "0x2f94": 3.1,
  "0x2f95": 1.4000000000000004,
  "0x3c6a": 7.6,
  "0x3c6b": 2.0,
  "0x47d2": 4.199999999999998,
  "0x47d3": 2.0,
  "0x524a": 2.6,
  "0x524b": 1.7999999999999998,
  "0x5ad8": 6.4,
  "0x5ad9": 0.2000000000000001,
  "0x6276": 2.5,
  "0x6277": 2.6,
  "0x682a": 0.0,
  "0x682b": 0.6000000000000001,
  "0x6cec": 5.800000000000002,
  "0x6ced": 2.2,
  "0x7262": 2.9000000000000004,
  "0x7263": 3.1,
  "0x76e6": 8.7,
  "0x76e7": 1.6,
  "0x2f96": 6.699999999999998,
  "0x2f97": 3.6,
  "0x3c6c": 11.4,
  "0x3c6d": 2.7,
  "0x47d4": 5.699999999999998,
  "0x47d5": 2.3,
  "0x524c": 8.9,
  "0x524d": 1.2000000000000002,
  "0x5ada": 1.0,
  "0x5adb": 0.0,
  "0x6278": 4.3,
  "0x6279": 0.0,
  "0x682c": 0.0999999999999996,
  "0x682d": 1.4000000000000004,
  "0x6cee": 9.6,
  "0x6cef": 2.5,
  "0x7264": 8.4,
  "0x7265": 2.8,
  "0x76e8": 9.0,
  "0x76e9": 1.7000000000000002
}