{
  "0x2d84": 7.60028076171875,
  "0x2d85": 3.200570821762085,
  "0x3a5a": 10.198498725891113,
  "0x3a5b": 4.899984359741211,
  "0x45c2": 8.799943923950195,
  "0x45c3": 3.700831651687622,
  "0x503a": 10.19597339630127,
  "0x503b": 4.199644088745117,
  "0x58c8": 5.605465888977051,
  "0x58c9": 3.198827028274536,
  "0x6066": 6.798752784729004,
  "0x6067": 3.201334238052368,
  "0x2d86": 7.60028076171875,
  "0x2d87": 3.200570821762085,
  "0x3a5c": 10.198498725891113,
  "0x3a5d": 4.899984359741211,
  "0x45c4": 8.799943923950195,
  "0x45c5": 3.700831651687622,
  "0x503c": 10.19597339630127,
  "0x503d": 4.199644088745117,
  "0x58ca": 5.605465888977051,
  "0x58cb": 3.198827028274536,
  "0x6068": 6.798752784729004,
  "0x6069": 3.201334238052368,
  "0x2d88": 7.60028076171875,
  "0x2d89": 3.200570821762085,
  "0x3a5e": 10.198498725891113,
  "0x3a5f": 4.899984359741211,
  "0x45c6": 8.799943923950195,
  "0x45c7": 3.700831651687622,
  "0x503e": 10.19597339630127,
  "0x503f": 4.199644088745117,
  "0x58cc": 5.605465888977051,
  "0x58cd": 3.198827028274536,
  "0x606a": 6.798752784729004,
  "0x606b": 3.201334238052368,
  "0x2d8a": 7.60028076171875,
  "0x2d8b": 3.200570821762085,
  "0x3a60": 10.198498725891113,
  "0x3a61": 4.899984359741211,
  "0x45c8": 8.799943923950195,
  "0x45c9": 3.700831651687622,
  "0x5040": 10.19597339630127,
  "0x5041": 4.199644088745117,
  "0x58ce": 5.605465888977051,
  "0x58cf": 3.198827028274536,
  "0x606c": 6.798752784729004,
  "0x606d": 3.201334238052368,
  "0x2d8c": 7.60028076171875,
  "0x2d8d": 3.200570821762085,
  "0x3a62": 10.198498725891113,
  "0x3a63": 4.899984359741211,
  "0x45ca": 8.799943923950195,
  "0x45cb": 3.700831651687622,
  "0x5042": 10.19597339630127,
  "0x5043": 4.199644088745117,
  "0x58d0": 5.605465888977051,
  "0x58d1": 3.198827028274536,
  "0x606e": 6.798752784729004,
  "0x606f": 3.201334238052368,
  "0x2d8e": 7.60028076171875,
  "0x2d8f": 3.200570821762085,
  "0x3a64": 10.198498725891113,
  "0x3a65": 4.899984359741211,
  "0x45cc": 8.799943923950195,
  "0x45cd": 3.700831651687622,
  "0x5044": 10.19597339630127,
  "0x5045": 4.199644088745117,
  "0x58d2": 5.605465888977051,
  "0x58d3": 3.198827028274536,
  "0x6070": 6.798752784729004,
  "0x6071": 3.201334238052368,
  "0x2d90": 7.60028076171875,
  "0x2d91": 3.200570821762085,
  "0x3a66": 10.198498725891113,
  "0x3a67": 4.899984359741211,
  "0x45ce": 8.799943923950195,
  "0x45cf": 3.700831651687622,
  "0x5046": 10.19597339630127,
  "0x5047": 4.199644088745117,
  "0x58d4": 5.605465888977051,
  "0x58d5": 3.198827028274536,
  "0x6072": 6.798752784729004,
  "0x6073": 3.201334238052368
}