{
  "0x2dd8": 7.594106197357178,
  "0x2dd9": 3.705634117126465,
  "0x3aae": 9.903813362121582,
  "0x3aaf": 4.798937797546387,
  "0x4616": 9.499762535095215,
  "0x4617": 4.897752285003662,
  "0x508e": 8.799944877624512,
  "0x508f": 3.7007734775543213,
  "0x591c": 6.806492328643799,
  "0x591d": 4.5935235023498535,
  "0x60ba": 7.696027755737305,
  "0x60bb": 3.5021581649780273,
  "0x2dda": 7.594106197357178,
  "0x2ddb": 3.705634117126465,
  "0x3ab0": 9.903813362121582,
  "0x3ab1": 4.798937797546387,
  "0x4618": 9.499762535095215,
  "0x4619": 4.897752285003662,
  "0x5090": 8.799944877624512,
  "0x5091": 3.7007734775543213,
  "0x591e": 6.806492328643799,
  "0x591f": 4.5935235023498535,
  "0x60bc": 7.696027755737305,
  "0x60bd": 3.5021581649780273,
  "0x2ddc": 7.594106197357178,
  "0x2ddd": 3.705634117126465,
  "0x3ab2": 9.903813362121582,
  "0x3ab3": 4.798937797546387,
  "0x461a": 9.499762535095215,
  "0x461b": 4.897752285003662,
  "0x5092": 8.799944877624512,
  "0x5093": 3.7007734775543213,
  "0x5920": 6.806492328643799,
  "0x5921": 4.5935235023498535,
  "0x60be": 7.696027755737305,
  "0x60bf": 3.5021581649780273,
  "0x2dde": 7.594106197357178,
  "0x2ddf": 3.705634117126465,
  "0x3ab4": 9.903813362121582,
  "0x3ab5": 4.798937797546387,
  "0x461c": 9.499762535095215,
  "0x461d": 4.897752285003662,
  "0x5094": 8.799944877624512,
  "0x5095": 3.7007734775543213,
  "0x5922": 6.806492328643799,
  "0x5923": 4.5935235023498535,
  "0x60c0": 7.696027755737305,
  "0x60c1": 3.5021581649780273,
  "0x2de0": 7.594106197357178,
  "0x2de1": 3.705634117126465,
  "0x3ab6": 9.903813362121582,
  "0x3ab7": 4.798937797546387,
  "0x461e": 9.499762535095215,
  "0x461f": 4.897752285003662,
  "0x5096": 8.799944877624512,
  "0x5097": 3.7007734775543213,
  "0x5924": 6.806492328643799,
  "0x5925": 4.5935235023498535,
  "0x60c2": 7.696027755737305,
  "0x60c3": 3.5021581649780273,
  "0x2de2": 7.594106197357178,
  "0x2de3": 3.705634117126465,
  "0x3ab8": 9.903813362121582,
  "0x3ab9": 4.798937797546387,
  "0x4620": 9.499762535095215,
  "0x4621": 4.897752285003662,
  "0x5098": 8.799944877624512,
  "0x5099": 3.7007734775543213,
  "0x5926": 6.806492328643799,
  "0x5927": 4.5935235023498535,
  "0x60c4": 7.696027755737305,
  "0x60c5": 3.5021581649780273,
  "0x2de4": 7.594106197357178,
  "0x2de5": 3.705634117126465,
  "0x3aba": 9.903813362121582,
  "0x3abb": 4.798937797546387,
  "0x4622": 9.499762535095215,
  "0x4623": 4.897752285003662,
  "0x509a": 8.799944877624512,
  "0x509b": 3.7007734775543213,
  "0x5928": 6.806492328643799,
  "0x5929": 4.5935235023498535,
  "0x60c6": 7.696027755737305,
  "0x60c7": 3.5021581649780273
}