{
  "0x2e3a": 5.8572893142700195,
  "0x2e3b": 3.082064390182495,
  "0x3b10": 7.396403789520264,
  "0x3b11": 4.0084452629089355,
  "0x4678": 8.035367965698242,
  "0x4679": 3.2644882202148438,
  "0x50f0": 6.632118225097656,
  "0x50f1": 3.2864599227905273,
  "0x597e": 5.4019341468811035,
  "0x597f": 2.7501561641693115,
  "0x611c": 5.954514026641846,
  "0x611d": 2.9292094707489014,
  "0x66d0": 4.546144485473633,
  "0x66d1": 2.9163479804992676,
  "0x2e3c": 5.906148910522461,
  "0x2e3d": 3.048123359680176,
  "0x3b12": 7.373394966125488,
  "0x3b13": 3.9744529724121094,
  "0x467a": 8.336753845214844,
  "0x467b": 3.2172791957855225,
  "0x50f2": 6.518265724182129,
  "0x50f3": 3.4128849506378174,
  "0x5980": 5.377199172973633,
  "0x5981": 2.788867473602295,
  "0x611e": 6.00117301940918,
  "0x611f": 2.961604595184326,
  "0x66d2": 4.544748783111572,
  "0x66d3": 2.918628454208374,
  "0x2e3e": 5.927338600158691,
  "0x2e3f": 3.0452919006347656,
  "0x3b14": 7.3440961837768555,
  "0x3b15": 4.01369571685791,
  "0x467c": 8.395559310913086,
  "0x467d": 3.1902012825012207,
  "0x50f4": 6.582676410675049,
  "0x50f5": 3.4186174869537354,
  "0x5982": 5.358829498291016,
  "0x5983": 2.7828502655029297,
  "0x6120": 6.03870964050293,
  "0x6121": 2.958120107650757,
  "0x66d4": 4.579523086547852,
  "0x66d5": 2.920041799545288,
  "0x2e40": 5.881458282470703,
  "0x2e41": 3.049999952316284,
  "0x3b16": 7.355165958404541,
  "0x3b17": 3.9612395763397217,
  "0x467e": 8.263909339904785,
  "0x467f": 3.236736297607422,
  "0x50f6": 6.502912521362305,
  "0x50f7": 3.4081597328186035,
  "0x5984": 5.381614685058594,
  "0x5985": 2.7720394134521484,
  "0x6122": 5.951936721801758,
  "0x6123": 2.9550187587738037,
  "0x66d6": 4.541356563568115,
  "0x66d7": 2.8902454376220703,
  "0x2e42": 6.299237251281738,
  "0x2e43": 3.0000739097595215,
  "0x3b18": 7.299996852874756,
  "0x3b19": 3.999826192855835,
  "0x4680": 9.097643852233887,
  "0x4681": 3.101348638534546,
  "0x50f8": 6.502905368804932,
  "0x50f9": 3.596825122833252,
  "0x5986": 5.202003002166748,
  "0x5987": 2.9992897510528564,
  "0x6124": 6.798828601837158,
  "0x6125": 3.0015146732330322,
  "0x66d8": 5.127045154571533,
  "0x66d9": 3.0162434577941895,
  "0x2e44": 6.299237251281738,
  "0x2e45": 3.0000739097595215,
  "0x3b1a": 7.299996852874756,
  "0x3b1b": 3.999826192855835,
  "0x4682": 9.097643852233887,
  "0x4683": 3.101348638534546,
  "0x50fa": 6.502905368804932,
  "0x50fb": 3.596825122833252,
  "0x5988": 5.202003002166748,
  "0x5989": 2.9992897510528564,
  "0x6126": 6.798828601837158,
  "0x6127": 3.0015146732330322,
  "0x66da": 5.127045154571533,
  "0x66db": 3.0162434577941895,
  "0x2e46": 6.299237251281738,
  "0x2e47": 3.0000739097595215,
  "0x3b1c": 7.299996852874756,
  "0x3b1d": 3.999826192855835,
  "0x4684": 9.097643852233887,
  "0x4685": 3.101348638534546,
  "0x50fc": 6.502905368804932,
  "0x50fd": 3.596825122833252,
  "0x598a": 5.202003002166748,
  "0x598b": 2.9992897510528564,
  "0x6128": 6.798828601837158,
  "0x6129": 3.0015146732330322,
  "0x66dc": 5.127045154571533,
  "0x66dd": 3.0162434577941895
}