{
  "0x2df4": 5.900799751281738,
  "0x2df5": 3.099533796310425,
  "0x3aca": 9.09947681427002,
  "0x3acb": 3.600800037384033,
  "0x4632": 6.700309753417969,
  "0x4633": 3.599270820617676,
  "0x50aa": 6.799434185028076,
  "0x50ab": 2.9006218910217285,
  "0x5938": 5.412614345550537,
  "0x5939": 2.822143077850342,
  "0x60d6": 5.499068737030029,
  "0x60d7": 2.8013646602630615,
  "0x2df6": 5.900799751281738,
  "0x2df7": 3.099533796310425,
  "0x3acc": 9.09947681427002,
  "0x3acd": 3.600800037384033,
  "0x4634": 6.700309753417969,
  "0x4635": 3.599270820617676,
  "0x50ac": 6.799434185028076,
  "0x50ad": 2.9006218910217285,
  "0x593a": 5.412614345550537,
  "0x593b": 2.822143077850342,
  "0x60d8": 5.499068737030029,
  "0x60d9": 2.8013646602630615,
  "0x2df8": 5.900799751281738,
  "0x2df9": 3.099533796310425,
  "0x3ace": 9.09947681427002,
  "0x3acf": 3.600800037384033,
  "0x4636": 6.700309753417969,
  "0x4637": 3.599270820617676,
  "0x50ae": 6.799434185028076,
  "0x50af": 2.9006218910217285,
  "0x593c": 5.412614345550537,
  "0x593d": 2.822143077850342,
  "0x60da": 5.499068737030029,
  "0x60db": 2.8013646602630615,
  "0x2dfa": 5.900799751281738,
  "0x2dfb": 3.099533796310425,
  "0x3ad0": 9.09947681427002,
  "0x3ad1": 3.600800037384033,
  "0x4638": 6.700309753417969,
  "0x4639": 3.599270820617676,
  "0x50b0": 6.799434185028076,
  "0x50b1": 2.9006218910217285,
  "0x593e": 5.412614345550537,
  "0x593f": 2.822143077850342,
  "0x60dc": 5.499068737030029,
  "0x60dd": 2.8013646602630615,
  "0x2dfc": 5.900799751281738,
  "0x2dfd": 3.099533796310425,
  "0x3ad2": 9.09947681427002,
  "0x3ad3": 3.600800037384033,
  "0x463a": 6.700309753417969,
  "0x463b": 3.599270820617676,
  "0x50b2": 6.799434185028076,
  "0x50b3": 2.9006218910217285,
  "0x5940": 5.412614345550537,
  "0x5941": 2.822143077850342,
  "0x60de": 5.499068737030029,
  "0x60df": 2.8013646602630615,
  "0x2dfe": 5.900799751281738,
  "0x2dff": 3.099533796310425,
  "0x3ad4": 9.09947681427002,
  "0x3ad5": 3.600800037384033,
  "0x463c": 6.700309753417969,
  "0x463d": 3.599270820617676,
  "0x50b4": 6.799434185028076,
  "0x50b5": 2.9006218910217285,
  "0x5942": 5.412614345550537,
  "0x5943": 2.822143077850342,
  "0x60e0": 5.499068737030029,
  "0x60e1": 2.8013646602630615,
  "0x2e00": 5.900799751281738,
  "0x2e01": 3.099533796310425,
  "0x3ad6": 9.09947681427002,
  "0x3ad7": 3.600800037384033,
  "0x463e": 6.700309753417969,
  "0x463f": 3.599270820617676,
  "0x50b6": 6.799434185028076,
  "0x50b7": 2.9006218910217285,
  "0x5944": 5.412614345550537,
  "0x5945": 2.822143077850342,
  "0x60e2": 5.499068737030029,
  "0x60e3": 2.8013646602630615
}