{
  "0x2b9a": 6.468710422515869,
  "0x2b9b": 2.799833297729492,
  "0x3870": 7.575758457183838,
  "0x3871": 4.365249156951904,
  "0x43d8": 7.39699649810791,
  "0x43d9": 2.782163143157959,
  "0x4e50": 7.265738487243652,
  "0x4e51": 4.453644275665283,
  "0x56de": 5.744599342346191,
  "0x56df": 2.985499620437622,
  "0x2b9c": 6.468710422515869,
  "0x2b9d": 2.7989044189453125,
  "0x3872": 7.575758457183838,
  "0x3873": 4.132739543914795,
  "0x43da": 7.395608901977539,
  "0x43db": 2.780775547027588,
  "0x4e52": 7.265272617340088,
  "0x4e53": 4.232561111450195,
  "0x56e0": 5.744599342346191,
  "0x56e1": 2.985499620437622,
  "0x2b9e": 6.696047306060791,
  "0x2b9f": 2.8047897815704346,
  "0x3874": 7.80309534072876,
  "0x3875": 4.295738697052002,
  "0x43dc": 7.303923606872559,
  "0x43dd": 2.7978715896606445,
  "0x4e54": 7.304714679718018,
  "0x4e55": 4.493160724639893,
  "0x56e2": 5.978772163391113,
  "0x56e3": 2.976830244064331,
  "0x2ba0": 6.211465835571289,
  "0x2ba1": 2.782858371734619,
  "0x3876": 8.64423656463623,
  "0x3877": 4.152767658233643,
  "0x43de": 6.9340925216674805,
  "0x43df": 3.084423542022705,
  "0x4e56": 7.127532958984375,
  "0x4e57": 4.327043533325195,
  "0x56e4": 7.258821964263916,
  "0x56e5": 2.9521799087524414,
  "0x2ba2": 6.211465835571289,
  "0x2ba3": 2.782858371734619,
  "0x3878": 8.64423656463623,
  "0x3879": 4.152767658233643,
  "0x43e0": 6.9340925216674805,
  "0x43e1": 3.084423542022705,
  "0x4e58": 7.127532958984375,
  "0x4e59": 4.327043533325195,
  "0x56e6": 7.258821964263916,
  "0x56e7": 2.9521799087524414,
  "0x2ba4": 6.211465835571289,
  "0x2ba5": 2.782858371734619,
  "0x387a": 8.64423656463623,
  "0x387b": 4.152767658233643,
  "0x43e2": 6.9340925216674805,
  "0x43e3": 3.084423542022705,
  "0x4e5a": 7.127532958984375,
  "0x4e5b": 4.327043533325195,
  "0x56e8": 7.258821964263916,
  "0x56e9": 2.9521799087524414,
  "0x2ba6": 6.211465835571289,
  "0x2ba7": 2.782858371734619,
  "0x387c": 8.64423656463623,
  "0x387d": 4.152767658233643,
  "0x43e4": 6.9340925216674805,
  "0x43e5": 3.084423542022705,
  "0x4e5c": 7.127532958984375,
  "0x4e5d": 4.327043533325195,
  "0x56ea": 7.258821964263916,
  "0x56eb": 2.9521799087524414
}