{
  "0x304e": 3.3000000000000007,
  "0x304f": 0.5,
  "0x3d24": 9.9,
  "0x3d25": 3.5,
  "0x488c": 10.1,
  "0x488d": 5.3,
  "0x5304": 3.5,
  "0x5305": 2.1,
  "0x5b92": 1.0999999999999996,
  "0x5b93": 0.2999999999999998,
  "0x6330": 7.1,
  "0x6331": 0.0,
  "0x68e4": 2.2,
  "0x68e5": 2.2,
  "0x6da6": 6.4,
  "0x6da7": 1.4000000000000004,
  "0x731c": 4.199999999999998,
  "0x731d": 0.0,
  "0x77a0": 10.0,
  "0x77a1": 0.5999999999999996,
  "0x3050": 6.8,
  "0x3051": 0.5999999999999996,
  "0x3d26": 11.3,
  "0x3d27": 4.2,
  "0x488e": 5.9,
  "0x488f": 1.4000000000000004,
  "0x5306": 8.6,
  "0x5307": 0.2999999999999998,
  "0x5b94": 3.7,
  "0x5b95": 1.0,
  "0x6332": 1.5999999999999996,
  "0x6333": 0.1,
  "0x68e6": 6.5,
  "0x68e7": 3.0,
  "0x6da8": 5.9,
  "0x6da9": 3.6,
  "0x731e": 5.9,
  "0x731f": 3.1,
  "0x77a2": 3.8000000000000007,
  "0x77a3": 3.5,
  "0x3052": 6.5,
  "0x3053": 0.0999999999999996,
  "0x3d28": 6.300000000000002,
  "0x3d29": 3.9,
  "0x4890": 5.9,
  "0x4891": 3.4000000000000004,
  "0x5308": 6.699999999999998,
  "0x5309": 3.5,
  "0x5b96": 3.2,
  "0x5b97": 0.2000000000000001,
  "0x6334": 1.2000000000000002,
  "0x6335": 0.8999999999999999,
  "0x68e8": 2.9000000000000004,
  "0x68e9": 2.2,
  "0x6daa": 7.800000000000002,
  "0x6dab": 4.6,
  "0x7320": 7.1,
  "0x7321": 0.8999999999999999,
  "0x77a4": 5.0,
  "0x77a5": 0.5,
  "0x3054": 4.699999999999998,
  "0x3055": 3.3,
  "0x3d2a": 8.5,
  "0x3d2b": 0.0,
  "0x4892": 5.9,
  "0x4893": 3.6,
  "0x530a": 9.8,
  "0x530b": 3.0,
  "0x5b98": 7.0,
  "0x5b99": 2.1,
  "0x6336": 0.9000000000000004,
  "0x6337": 1.2999999999999998,
  "0x68ea": 1.0999999999999996,
  "0x68eb": 1.2000000000000002,
  "0x6dac": 11.6,
  "0x6dad": 4.1,
  "0x7322": 6.199999999999998,
  "0x7323": 0.0,
  "0x77a6": 8.5,
  "0x77a7": 0.2000000000000001,
  "0x3056": 7.800000000000002,
  "0x3057": 0.4000000000000004,
  "0x3d2c": 8.2,
  "0x3d2d": 4.7,
  "0x4894": 7.1,
  "0x4895": 3.6,
  "0x530c": 8.4,
  "0x530d": 1.2000000000000002,
  "0x5b9a": 6.699999999999998,
  "0x5b9b": 0.0,
  "0x6338": 6.0,
  "0x6339": 1.7999999999999998,
  "0x68ec": 7.800000000000002,
  "0x68ed": 2.3,
  "0x6dae": 4.800000000000002,
  "0x6daf": 3.9,
  "0x7324": 7.800000000000002,
  "0x7325": 1.2000000000000002,
  "0x77a8": 4.300000000000002,
  "0x77a9": 3.0,
  "0x3058": 0.0,
  "0x3059": 2.8,
  "0x3d2e": 6.6,
  "0x3d2f": 2.2,
  "0x4896": 8.7,
  "0x4897": 0.0,
  "0x530e": 4.8,
  "0x530f": 1.7999999999999998,
  "0x5b9c": 3.5,
  "0x5b9d": 0.7000000000000002,
  "0x633a": 0.0,
  "0x633b": 2.0,
  "0x68ee": 0.0,
  "0x68ef": 0.2999999999999998,
  "0x6db0": 5.300000000000002,
  "0x6db1": 0.5,
  "0x7326": 2.1,
  "0x7327": 2.7,
  "0x77aa": 9.4,
  "0x77ab": 2.5,
  "0x305a": 5.4,
  "0x305b": 0.5999999999999996,
  "0x3d30": 5.6,
  "0x3d31": 2.2,
  "0x4898": 3.1,
  "0x4899": 1.0,
  "0x5310": 5.699999999999998,
  "0x5311": 2.7,
  "0x5b9e": 2.0,
  "0x5b9f": 2.5,
  "0x633c": 5.4,
  "0x633d": 0.0,
  "0x68f0": 4.9,
  "0x68f1": 2.4,
  "0x6db2": 7.300000000000002,
  "0x6db3": 1.5,
  "0x7328": 8.9,
  "0x7329": 3.0,
  "0x77ac": 3.5,
  "0x77ad": 0.5
}