{
  "0x2ffa": 7.4,
  "0x2ffb": 0.2999999999999998,
  "0x3cd0": 6.1,
  "0x3cd1": 2.8,
  "0x4838": 7.699999999999998,
  "0x4839": 1.0999999999999996,
  "0x52b0": 3.9,
  "0x52b1": 2.7,
  "0x5b3e": 2.5,
  "0x5b3f": 1.7000000000000002,
  "0x62dc": 4.1,
  "0x62dd": 0.3999999999999999,
  "0x6890": 3.3,
  "0x6891": 0.3999999999999999,
  "0x6d52": 7.300000000000002,
  "0x6d53": 4.9,
  "0x72c8": 5.1,
  "0x72c9": 0.5999999999999996,
  "0x774c": 10.1,
  "0x774d": 1.5999999999999996,
  "0x2ffc": 8.6,
  "0x2ffd": 3.4000000000000004,
  "0x3cd2": 5.6,
  "0x3cd3": 1.5999999999999996,
  "0x483a": 7.1,
  "0x483b": 4.5,
  "0x52b2": 4.0,
  "0x52b3": 2.6,
  "0x5b40": 8.1,
  "0x5b41": 2.3,
  "0x62de": 2.4000000000000004,
  "0x62df": 0.4000000000000004,
  "0x6892": 4.5,
  "0x6893": 1.6,
  "0x6d54": 6.300000000000002,
  "0x6d55": 2.7,
  "0x72ca": 2.4000000000000004,
  "0x72cb": 4.0,
  "0x774e": 11.8,
  "0x774f": 3.2,
  "0x2ffe": 9.1,
  "0x2fff": 1.7000000000000002,
  "0x3cd4": 9.2,
  "0x3cd5": 3.5,
  "0x483c": 11.2,
  "0x483d": 2.4000000000000004,
  "0x52b4": 6.4,
  "0x52b5": 1.0,
  "0x5b42": 5.5,
  "0x5b43": 2.4,
  "0x62e0": 2.5,
  "0x62e1": 0.0,
  "0x6894": 8.0,
  "0x6895": 2.3,
  "0x6d56": 6.300000000000002,
  "0x6d57": 3.4000000000000004,
  "0x72cc": 9.0,
  "0x72cd": 1.7000000000000002,
  "0x7750": 8.9,
  "0x7751": 3.3,
  "0x3000": 7.9,
  "0x3001": 1.7999999999999998,
  "0x3cd6": 13.2,
  "0x3cd7": 1.9000000000000004,
  "0x483e": 7.4,
  "0x483f": 3.4000000000000004,
  "0x52b6": 7.4,
  "0x52b7": 1.2999999999999998,
  "0x5b44": 4.6,
  "0x5b45": 1.5999999999999996,
  "0x62e2": 1.4000000000000004,
  "0x62e3": 1.9,
  "0x6896": 1.7999999999999998,
  "0x6897": 0.5,
  "0x6d58": 9.3,
  "0x6d59": 2.3,
  "0x72ce": 8.6,
  "0x72cf": 2.2,
  "0x7752": 5.5,
  "0x7753": 3.1,
  "0x3002": 10.1,
  "0x3003": 0.0,
  "0x3cd8": 11.7,
  "0x3cd9": 2.3,
  "0x4840": 7.4,
  "0x4841": 5.0,
  "0x52b8": 7.1,
  "0x52b9": 2.0,
  "0x5b46": 8.5,
  "0x5b47": 0.3999999999999999,
  "0x62e4": 8.2,
  "0x62e5": 2.3,
  "0x6898": 8.1,
  "0x6899": 2.6,
  "0x6d5a": 8.1,
  "0x6d5b": 5.0,
  "0x72d0": 11.7,
  "0x72d1": 1.5999999999999996,
  "0x7754": 7.300000000000002,
  "0x7755": 1.0,
  "0x3004": 0.5999999999999996,
  "0x3005": 0.0,
  "0x3cda": 4.800000000000002,
  "0x3cdb": 2.5,
  "0x4842": 7.199999999999998,
  "0x4843": 0.7000000000000002,
  "0x52ba": 1.0999999999999996,
  "0x52bb": 2.1,
  "0x5b48": 6.2,
  "0x5b49": 0.0,
  "0x62e6": 2.7,
  "0x62e7": 0.0,
  "0x689a": 2.9000000000000004,
  "0x689b": 1.5,
  "0x6d5c": 8.3,
  "0x6d5d": 2.4000000000000004,
  "0x72d2": 4.9,
  "0x72d3": 1.5999999999999996,
  "0x7756": 4.199999999999998,
  "0x7757": 1.0,
  "0x3006": 3.0,
  "0x3007": 3.2,
  "0x3cdc": 11.1,
  "0x3cdd": 1.2000000000000002,
  "0x4844": 6.699999999999998,
  "0x4845": 4.0,
  "0x52bc": 9.7,
  "0x52bd": 1.5,
  "0x5b4a": 5.2,
  "0x5b4b": 0.0,
  "0x62e8": 3.5,
  "0x62e9": 0.0,
  "0x689c": 5.4,
  "0x689d": 0.0,
  "0x6d5e": 5.800000000000002,
  "0x6d5f": 1.7000000000000002,
  "0x72d4": 4.800000000000002,
  "0x72d5": 1.9000000000000004,
  "0x7758": 6.1,
  "0x7759": 3.5
}