{
  "0x2f44": 4.799797058105469,
  "0x2f45": 3.298337459564209,
  "0x3c1a": 8.100043296813965,
  "0x3c1b": 2.4034371376037598,
  "0x4782": 8.503750801086426,
  "0x4783": 2.7921102046966553,
  "0x51fa": 10.697614669799805,
  "0x51fb": 3.906139850616455,
  "0x5a88": 6.6928582191467285,
  "0x5a89": 1.6036484241485596,
  "0x6226": 4.113004207611084,
  "0x6227": 1.7931208610534668,
  "0x67da": 1.9836782217025757,
  "0x67db": 1.8087482452392578,
  "0x6c9c": 6.602677345275879,
  "0x6c9d": 3.4010143280029297,
  "0x7212": 5.304035663604736,
  "0x7213": 3.8951258659362793,
  "0x2f46": 4.799797058105469,
  "0x2f47": 3.298337459564209,
  "0x3c1c": 8.100043296813965,
  "0x3c1d": 2.4034371376037598,
  "0x4784": 8.503750801086426,
  "0x4785": 2.7921102046966553,
  "0x51fc": 10.697614669799805,
  "0x51fd": 3.906139850616455,
  "0x5a8a": 6.6928582191467285,
  "0x5a8b": 1.6036484241485596,
  "0x6228": 4.113004207611084,
  "0x6229": 1.7931208610534668,
  "0x67dc": 1.9836782217025757,
  "0x67dd": 1.8087482452392578,
  "0x6c9e": 6.602677345275879,
  "0x6c9f": 3.4010143280029297,
  "0x7214": 5.304035663604736,
  "0x7215": 3.8951258659362793,
  "0x2f48": 4.799797058105469,
  "0x2f49": 3.298337459564209,
  "0x3c1e": 8.100043296813965,
  "0x3c1f": 2.4034371376037598,
  "0x4786": 8.503750801086426,
  "0x4787": 2.7921102046966553,
  "0x51fe": 10.697614669799805,
  "0x51ff": 3.906139850616455,
  "0x5a8c": 6.6928582191467285,
  "0x5a8d": 1.6036484241485596,
  "0x622a": 4.113004207611084,
  "0x622b": 1.7931208610534668,
  "0x67de": 1.9836782217025757,
  "0x67df": 1.8087482452392578,
  "0x6ca0": 6.602677345275879,
  "0x6ca1": 3.4010143280029297,
  "0x7216": 5.304035663604736,
  "0x7217": 3.8951258659362793,
  "0x2f4a": 4.799797058105469,
  "0x2f4b": 3.298337459564209,
  "0x3c20": 8.100043296813965,
  "0x3c21": 2.4034371376037598,
  "0x4788": 8.503750801086426,
  "0x4789": 2.7921102046966553,
  "0x5200": 10.697614669799805,
  "0x5201": 3.906139850616455,
  "0x5a8e": 6.6928582191467285,
  "0x5a8f": 1.6036484241485596,
  "0x622c": 4.113004207611084,
  "0x622d": 1.7931208610534668,
  "0x67e0": 1.9836782217025757,
  "0x67e1": 1.8087482452392578,
  "0x6ca2": 6.602677345275879,
  "0x6ca3": 3.4010143280029297,
  "0x7218": 5.304035663604736,
  "0x7219": 3.8951258659362793,
  "0x2f4c": 4.799797058105469,
  "0x2f4d": 3.298337459564209,
  "0x3c22": 8.100043296813965,
  "0x3c23": 2.4034371376037598,
  "0x478a": 8.503750801086426,
  "0x478b": 2.7921102046966553,
  "0x5202": 10.697614669799805,
  "0x5203": 3.906139850616455,
  "0x5a90": 6.6928582191467285,
  "0x5a91": 1.6036484241485596,
  "0x622e": 4.113004207611084,
  "0x622f": 1.7931208610534668,
  "0x67e2": 1.9836782217025757,
  "0x67e3": 1.8087482452392578,
  "0x6ca4": 6.602677345275879,
  "0x6ca5": 3.4010143280029297,
  "0x721a": 5.304035663604736,
  "0x721b": 3.8951258659362793,
  "0x2f4e": 4.799797058105469,
  "0x2f4f": 3.298337459564209,
  "0x3c24": 8.100043296813965,
  "0x3c25": 2.4034371376037598,
  "0x478c": 8.503750801086426,
  "0x478d": 2.7921102046966553,
  "0x5204": 10.697614669799805,
  "0x5205": 3.906139850616455,
  "0x5a92": 6.6928582191467285,
  "0x5a93": 1.6036484241485596,
  "0x6230": 4.113004207611084,
  "0x6231": 1.7931208610534668,
  "0x67e4": 1.9836782217025757,
  "0x67e5": 1.8087482452392578,
  "0x6ca6": 6.602677345275879,
  "0x6ca7": 3.4010143280029297,
  "0x721c": 5.304035663604736,
  "0x721d": 3.8951258659362793,
  "0x2f50": 4.799797058105469,
  "0x2f51": 3.298337459564209,
  "0x3c26": 8.100043296813965,
  "0x3c27": 2.4034371376037598,
  "0x478e": 8.503750801086426,
  "0x478f": 2.7921102046966553,
  "0x5206": 10.697614669799805,
  "0x5207": 3.906139850616455,
  "0x5a94": 6.6928582191467285,
  "0x5a95": 1.6036484241485596,
  "0x6232": 4.113004207611084,
  "0x6233": 1.7931208610534668,
  "0x67e6": 1.9836782217025757,
  "0x67e7": 1.8087482452392578,
  "0x6ca8": 6.602677345275879,
  "0x6ca9": 3.4010143280029297,
  "0x721e": 5.304035663604736,
  "0x721f": 3.8951258659362793
}