{
  "date.value": {
    "0x2bcc": 1.5513984e+18,
    "0x2bcd": 1.5513984e+18,
    "0x38a2": 1.5513984e+18,
    "0x38a3": 1.5513984e+18,
    "0x440a": 1.5513984e+18,
    "0x440b": 1.5513984e+18,
    "0x4e82": 1.5513984e+18,
    "0x4e83": 1.5513984e+18,
    "0x5710": 1.5513984e+18,
    "0x5711": 1.5513984e+18,
    "0x2bce": 1.5514848e+18,
    "0x2bcf": 1.5514848e+18,
    "0x38a4": 1.5514848e+18,
    "0x38a5": 1.5514848e+18,
    "0x440c": 1.5514848e+18,
    "0x440d": 1.5514848e+18,
    "0x4e84": 1.5514848e+18,
    "0x4e85": 1.5514848e+18,
    "0x5712": 1.5514848e+18,
    "0x5713": 1.5514848e+18,
    "0x2bd0": 1.5515712e+18,
    "0x2bd1": 1.5515712e+18,
    "0x38a6": 1.5515712e+18,
    "0x38a7": 1.5515712e+18,
    "0x440e": 1.5515712e+18,
    "0x440f": 1.5515712e+18,
    "0x4e86": 1.5515712e+18,
    "0x4e87": 1.5515712e+18,
    "0x5714": 1.5515712e+18,
    "0x5715": 1.5515712e+18
  },
  "warehouse_ID.value": {
    "0x2bcc": 0.15180360721442887,
    "0x2bcd": 0.15180360721442887,
    "0x38a2": 0.4554108216432866,
    "0x38a3": 0.4554108216432866,
    "0x440a": 0.7131763527054109,
    "0x440b": 0.7131763527054109,
    "0x4e82": 0.8950400801603207,
    "0x4e83": 0.8950400801603207,
    "0x5710": 0.9854709418837676,
    "0x5711": 0.9854709418837676,
    "0x2bce": 0.15180360721442887,
    "0x2bcf": 0.15180360721442887,
    "0x38a4": 0.4554108216432866,
    "0x38a5": 0.4554108216432866,
    "0x440c": 0.7131763527054109,
    "0x440d": 0.7131763527054109,
    "0x4e84": 0.8950400801603207,
    "0x4e85": 0.8950400801603207,
    "0x5712": 0.9854709418837676,
    "0x5713": 0.9854709418837676,
    "0x2bd0": 0.15180360721442887,
    "0x2bd1": 0.15180360721442887,
    "0x38a6": 0.4554108216432866,
    "0x38a7": 0.4554108216432866,
    "0x440e": 0.7131763527054109,
    "0x440f": 0.7131763527054109,
    "0x4e86": 0.8950400801603207,
    "0x4e87": 0.8950400801603207,
    "0x5714": 0.9854709418837676,
    "0x5715": 0.9854709418837676
  },
  "Product_Type.value": {
    "0x2bcc": 0.29584168336673344,
    "0x2bcd": 0.7958416833667334,
    "0x38a2": 0.29584168336673344,
    "0x38a3": 0.7958416833667334,
    "0x440a": 0.29584168336673344,
    "0x440b": 0.7958416833667334,
    "0x4e82": 0.29584168336673344,
    "0x4e83": 0.7958416833667334,
    "0x5710": 0.29584168336673344,
    "0x5711": 0.7958416833667334,
    "0x2bce": 0.29584168336673344,
    "0x2bcf": 0.7958416833667334,
    "0x38a4": 0.29584168336673344,
    "0x38a5": 0.7958416833667334,
    "0x440c": 0.29584168336673344,
    "0x440d": 0.7958416833667334,
    "0x4e84": 0.29584168336673344,
    "0x4e85": 0.7958416833667334,
    "0x5712": 0.29584168336673344,
    "0x5713": 0.7958416833667334,
    "0x2bd0": 0.29584168336673344,
    "0x2bd1": 0.7958416833667334,
    "0x38a6": 0.29584168336673344,
    "0x38a7": 0.7958416833667334,
    "0x440e": 0.29584168336673344,
    "0x440f": 0.7958416833667334,
    "0x4e86": 0.29584168336673344,
    "0x4e87": 0.7958416833667334,
    "0x5714": 0.29584168336673344,
    "0x5715": 0.7958416833667334
  },
  "year.value": {
    "0x2bcc": 2019,
    "0x2bcd": 2019,
    "0x38a2": 2019,
    "0x38a3": 2019,
    "0x440a": 2019,
    "0x440b": 2019,
    "0x4e82": 2019,
    "0x4e83": 2019,
    "0x5710": 2019,
    "0x5711": 2019,
    "0x2bce": 2019,
    "0x2bcf": 2019,
    "0x38a4": 2019,
    "0x38a5": 2019,
    "0x440c": 2019,
    "0x440d": 2019,
    "0x4e84": 2019,
    "0x4e85": 2019,
    "0x5712": 2019,
    "0x5713": 2019,
    "0x2bd0": 2019,
    "0x2bd1": 2019,
    "0x38a6": 2019,
    "0x38a7": 2019,
    "0x440e": 2019,
    "0x440f": 2019,
    "0x4e86": 2019,
    "0x4e87": 2019,
    "0x5714": 2019,
    "0x5715": 2019
  },
  "month.value": {
    "0x2bcc": 3,
    "0x2bcd": 3,
    "0x38a2": 3,
    "0x38a3": 3,
    "0x440a": 3,
    "0x440b": 3,
    "0x4e82": 3,
    "0x4e83": 3,
    "0x5710": 3,
    "0x5711": 3,
    "0x2bce": 3,
    "0x2bcf": 3,
    "0x38a4": 3,
    "0x38a5": 3,
    "0x440c": 3,
    "0x440d": 3,
    "0x4e84": 3,
    "0x4e85": 3,
    "0x5712": 3,
    "0x5713": 3,
    "0x2bd0": 3,
    "0x2bd1": 3,
    "0x38a6": 3,
    "0x38a7": 3,
    "0x440e": 3,
    "0x440f": 3,
    "0x4e86": 3,
    "0x4e87": 3,
    "0x5714": 3,
    "0x5715": 3
  },
  "is_weekend.value": {
    "0x2bcc": 0.35796593186372744,
    "0x2bcd": 0.35796593186372744,
    "0x38a2": 0.35796593186372744,
    "0x38a3": 0.35796593186372744,
    "0x440a": 0.35796593186372744,
    "0x440b": 0.35796593186372744,
    "0x4e82": 0.35796593186372744,
    "0x4e83": 0.35796593186372744,
    "0x5710": 0.35796593186372744,
    "0x5711": 0.35796593186372744,
    "0x2bce": 0.8579659318637274,
    "0x2bcf": 0.8579659318637274,
    "0x38a4": 0.8579659318637274,
    "0x38a5": 0.8579659318637274,
    "0x440c": 0.8579659318637274,
    "0x440d": 0.8579659318637274,
    "0x4e84": 0.8579659318637274,
    "0x4e85": 0.8579659318637274,
    "0x5712": 0.8579659318637274,
    "0x5713": 0.8579659318637274,
    "0x2bd0": 0.8579659318637274,
    "0x2bd1": 0.8579659318637274,
    "0x38a6": 0.8579659318637274,
    "0x38a7": 0.8579659318637274,
    "0x440e": 0.8579659318637274,
    "0x440f": 0.8579659318637274,
    "0x4e86": 0.8579659318637274,
    "0x4e87": 0.8579659318637274,
    "0x5714": 0.8579659318637274,
    "0x5715": 0.8579659318637274
  },
  "is_warehouse_closed.value": {
    "0x2bcc": 0.5,
    "0x2bcd": 0.5,
    "0x38a2": 0.5,
    "0x38a3": 0.5,
    "0x440a": 0.5,
    "0x440b": 0.5,
    "0x4e82": 0.5,
    "0x4e83": 0.5,
    "0x5710": 0.5,
    "0x5711": 0.5,
    "0x2bce": 0.5,
    "0x2bcf": 0.5,
    "0x38a4": 0.5,
    "0x38a5": 0.5,
    "0x440c": 0.5,
    "0x440d": 0.5,
    "0x4e84": 0.5,
    "0x4e85": 0.5,
    "0x5712": 0.5,
    "0x5713": 0.5,
    "0x2bd0": 0.5,
    "0x2bd1": 0.5,
    "0x38a6": 0.5,
    "0x38a7": 0.5,
    "0x440e": 0.5,
    "0x440f": 0.5,
    "0x4e86": 0.5,
    "0x4e87": 0.5,
    "0x5714": 0.5,
    "0x5715": 0.5
  },
  "state.value": {
    "0x2bcc": 0.15180360721442887,
    "0x2bcd": 0.15180360721442887,
    "0x38a2": 0.4554108216432866,
    "0x38a3": 0.4554108216432866,
    "0x440a": 0.7131763527054109,
    "0x440b": 0.7131763527054109,
    "0x4e82": 0.8950400801603207,
    "0x4e83": 0.8950400801603207,
    "0x5710": 0.9854709418837676,
    "0x5711": 0.9854709418837676,
    "0x2bce": 0.15180360721442887,
    "0x2bcf": 0.15180360721442887,
    "0x38a4": 0.4554108216432866,
    "0x38a5": 0.4554108216432866,
    "0x440c": 0.7131763527054109,
    "0x440d": 0.7131763527054109,
    "0x4e84": 0.8950400801603207,
    "0x4e85": 0.8950400801603207,
    "0x5712": 0.9854709418837676,
    "0x5713": 0.9854709418837676,
    "0x2bd0": 0.15180360721442887,
    "0x2bd1": 0.15180360721442887,
    "0x38a6": 0.4554108216432866,
    "0x38a7": 0.4554108216432866,
    "0x440e": 0.7131763527054109,
    "0x440f": 0.7131763527054109,
    "0x4e86": 0.8950400801603207,
    "0x4e87": 0.8950400801603207,
    "0x5714": 0.9854709418837676,
    "0x5715": 0.9854709418837676
  },
  "day_of_week.value": {
    "0x2bcc": 4,
    "0x2bcd": 4,
    "0x38a2": 4,
    "0x38a3": 4,
    "0x440a": 4,
    "0x440b": 4,
    "0x4e82": 4,
    "0x4e83": 4,
    "0x5710": 4,
    "0x5711": 4,
    "0x2bce": 5,
    "0x2bcf": 5,
    "0x38a4": 5,
    "0x38a5": 5,
    "0x440c": 5,
    "0x440d": 5,
    "0x4e84": 5,
    "0x4e85": 5,
    "0x5712": 5,
    "0x5713": 5,
    "0x2bd0": 6,
    "0x2bd1": 6,
    "0x38a6": 6,
    "0x38a7": 6,
    "0x440e": 6,
    "0x440f": 6,
    "0x4e86": 6,
    "0x4e87": 6,
    "0x5714": 6,
    "0x5715": 6
  },
  "is_holiday.value": {
    "0x2bcc": 0,
    "0x2bcd": 0,
    "0x38a2": 0,
    "0x38a3": 0,
    "0x440a": 0,
    "0x440b": 0,
    "0x4e82": 0,
    "0x4e83": 0,
    "0x5710": 0,
    "0x5711": 0,
    "0x2bce": 0,
    "0x2bcf": 0,
    "0x38a4": 0,
    "0x38a5": 0,
    "0x440c": 0,
    "0x440d": 0,
    "0x4e84": 0,
    "0x4e85": 0,
    "0x5712": 0,
    "0x5713": 0,
    "0x2bd0": 0,
    "0x2bd1": 0,
    "0x38a6": 0,
    "0x38a7": 0,
    "0x440e": 0,
    "0x440f": 0,
    "0x4e86": 0,
    "0x4e87": 0,
    "0x5714": 0,
    "0x5715": 0
  },