{
  "0x2bcc": 9.106805801391602,
  "0x2bcd": 4.314596652984619,
  "0x38a2": 12.097195625305176,
  "0x38a3": 4.624719142913818,
  "0x440a": 11.283408164978027,
  "0x440b": 4.655099391937256,
  "0x4e82": 10.332812309265137,
  "0x4e83": 4.352713584899902,
  "0x5710": 10.332812309265137,
  "0x5711": 4.352713584899902,
  "0x2bce": 7.0135416984558105,
  "0x2bcf": 2.689392566680908,
  "0x38a4": 8.436484336853027,
  "0x38a5": 3.9472930431365967,
  "0x440c": 8.043819427490234,
  "0x440d": 3.820220708847046,
  "0x4e84": 7.244180679321289,
  "0x4e85": 3.8719725608825684,
  "0x5712": 7.244180679321289,
  "0x5713": 3.8719725608825684,
  "0x2bd0": 7.699763774871826,
  "0x2bd1": 3.2444026470184326,
  "0x38a6": 8.851895332336426,
  "0x38a7": 4.153968811035156,
  "0x440e": 8.374963760375977,
  "0x440f": 4.041296005249023,
  "0x4e86": 7.568666458129883,
  "0x4e87": 4.014331817626953,
  "0x5714": 7.568666458129883,
  "0x5715": 4.014331817626953
}