{
  "0x2d3e": 8.300406455993652,
  "0x2d3f": 4.499654293060303,
  "0x3a14": 9.899994850158691,
  "0x3a15": 4.800238609313965,
  "0x457c": 9.998934745788574,
  "0x457d": 4.200891017913818,
  "0x4ff4": 8.500853538513184,
  "0x4ff5": 4.399273872375488,
  "0x5882": 7.801732540130615,
  "0x5883": 3.7968761920928955,
  "0x6020": 7.4967241287231445,
  "0x6021": 3.403066873550415,
  "0x2d40": 8.300406455993652,
  "0x2d41": 4.499654293060303,
  "0x3a16": 9.899994850158691,
  "0x3a17": 4.800238609313965,
  "0x457e": 9.998934745788574,
  "0x457f": 4.200891017913818,
  "0x4ff6": 8.500853538513184,
  "0x4ff7": 4.399273872375488,
  "0x5884": 7.801732540130615,
  "0x5885": 3.7968761920928955,
  "0x6022": 7.4967241287231445,
  "0x6023": 3.403066873550415,
  "0x2d42": 8.300406455993652,
  "0x2d43": 4.499654293060303,
  "0x3a18": 9.899994850158691,
  "0x3a19": 4.800238609313965,
  "0x4580": 9.998934745788574,
  "0x4581": 4.200891017913818,
  "0x4ff8": 8.500853538513184,
  "0x4ff9": 4.399273872375488,
  "0x5886": 7.801732540130615,
  "0x5887": 3.7968761920928955,
  "0x6024": 7.4967241287231445,
  "0x6025": 3.403066873550415,
  "0x2d44": 8.300406455993652,
  "0x2d45": 4.499654293060303,
  "0x3a1a": 9.899994850158691,
  "0x3a1b": 4.800238609313965,
  "0x4582": 9.998934745788574,
  "0x4583": 4.200891017913818,
  "0x4ffa": 8.500853538513184,
  "0x4ffb": 4.399273872375488,
  "0x5888": 7.801732540130615,
  "0x5889": 3.7968761920928955,
  "0x6026": 7.4967241287231445,
  "0x6027": 3.403066873550415,
  "0x2d46": 8.300406455993652,
  "0x2d47": 4.499654293060303,
  "0x3a1c": 9.899994850158691,
  "0x3a1d": 4.800238609313965,
  "0x4584": 9.998934745788574,
  "0x4585": 4.200891017913818,
  "0x4ffc": 8.500853538513184,
  "0x4ffd": 4.399273872375488,
  "0x588a": 7.801732540130615,
  "0x588b": 3.7968761920928955,
  "0x6028": 7.4967241287231445,
  "0x6029": 3.403066873550415,
  "0x2d48": 8.300406455993652,
  "0x2d49": 4.499654293060303,
  "0x3a1e": 9.899994850158691,
  "0x3a1f": 4.800238609313965,
  "0x4586": 9.998934745788574,
  "0x4587": 4.200891017913818,
  "0x4ffe": 8.500853538513184,
  "0x4fff": 4.399273872375488,
  "0x588c": 7.801732540130615,
  "0x588d": 3.7968761920928955,
  "0x602a": 7.4967241287231445,
  "0x602b": 3.403066873550415,
  "0x2d4a": 8.300406455993652,
  "0x2d4b": 4.499654293060303,
  "0x3a20": 9.899994850158691,
  "0x3a21": 4.800238609313965,
  "0x4588": 9.998934745788574,
  "0x4589": 4.200891017913818,
  "0x5000": 8.500853538513184,
  "0x5001": 4.399273872375488,
  "0x588e": 7.801732540130615,
  "0x588f": 3.7968761920928955,
  "0x602c": 7.4967241287231445,
  "0x602d": 3.403066873550415
}