{
  "0x2dbc": 7.509209632873535,
  "0x2dbd": 4.294845104217529,
  "0x3a92": 9.997007369995117,
  "0x3a93": 4.2994184494018555,
  "0x45fa": 8.895015716552734,
  "0x45fb": 3.901299476623535,
  "0x5072": 8.801398277282715,
  "0x5073": 3.8001136779785156,
  "0x5900": 7.304381370544434,
  "0x5901": 2.9994847774505615,
  "0x609e": 7.595122814178467,
  "0x609f": 3.6016645431518555,
  "0x2dbe": 7.509209632873535,
  "0x2dbf": 4.294845104217529,
  "0x3a94": 9.997007369995117,
  "0x3a95": 4.2994184494018555,
  "0x45fc": 8.895015716552734,
  "0x45fd": 3.901299476623535,
  "0x5074": 8.801398277282715,
  "0x5075": 3.8001136779785156,
  "0x5902": 7.304381370544434,
  "0x5903": 2.9994847774505615,
  "0x60a0": 7.595122814178467,
  "0x60a1": 3.6016645431518555,
  "0x2dc0": 7.509209632873535,
  "0x2dc1": 4.294845104217529,
  "0x3a96": 9.997007369995117,
  "0x3a97": 4.2994184494018555,
  "0x45fe": 8.895015716552734,
  "0x45ff": 3.901299476623535,
  "0x5076": 8.801398277282715,
  "0x5077": 3.8001136779785156,
  "0x5904": 7.304381370544434,
  "0x5905": 2.9994847774505615,
  "0x60a2": 7.595122814178467,
  "0x60a3": 3.6016645431518555,
  "0x2dc2": 7.509209632873535,
  "0x2dc3": 4.294845104217529,
  "0x3a98": 9.997007369995117,
  "0x3a99": 4.2994184494018555,
  "0x4600": 8.895015716552734,
  "0x4601": 3.901299476623535,
  "0x5078": 8.801398277282715,
  "0x5079": 3.8001136779785156,
  "0x5906": 7.304381370544434,
  "0x5907": 2.9994847774505615,
  "0x60a4": 7.595122814178467,
  "0x60a5": 3.6016645431518555,
  "0x2dc4": 7.509209632873535,
  "0x2dc5": 4.294845104217529,
  "0x3a9a": 9.997007369995117,
  "0x3a9b": 4.2994184494018555,
  "0x4602": 8.895015716552734,
  "0x4603": 3.901299476623535,
  "0x507a": 8.801398277282715,
  "0x507b": 3.8001136779785156,
  "0x5908": 7.304381370544434,
  "0x5909": 2.9994847774505615,
  "0x60a6": 7.595122814178467,
  "0x60a7": 3.6016645431518555,
  "0x2dc6": 7.509209632873535,
  "0x2dc7": 4.294845104217529,
  "0x3a9c": 9.997007369995117,
  "0x3a9d": 4.2994184494018555,
  "0x4604": 8.895015716552734,
  "0x4605": 3.901299476623535,
  "0x507c": 8.801398277282715,
  "0x507d": 3.8001136779785156,
  "0x590a": 7.304381370544434,
  "0x590b": 2.9994847774505615,
  "0x60a8": 7.595122814178467,
  "0x60a9": 3.6016645431518555,
  "0x2dc8": 7.509209632873535,
  "0x2dc9": 4.294845104217529,
  "0x3a9e": 9.997007369995117,
  "0x3a9f": 4.2994184494018555,
  "0x4606": 8.895015716552734,
  "0x4607": 3.901299476623535,
  "0x507e": 8.801398277282715,
  "0x507f": 3.8001136779785156,
  "0x590c": 7.304381370544434,
  "0x590d": 2.9994847774505615,
  "0x60aa": 7.595122814178467,
  "0x60ab": 3.6016645431518555
}