{
  "0x3086": 5.5,
  "0x3087": 2.4,
  "0x3d5c": 8.5,
  "0x3d5d": 0.2999999999999998,
  "0x48c4": 6.5,
  "0x48c5": 3.6,
  "0x533c": 2.4000000000000004,
  "0x533d": 1.2000000000000002,
  "0x5bca": 1.5,
  "0x5bcb": 0.2999999999999998,
  "0x6368": 4.2,
  "0x6369": 1.0,
  "0x691c": 0.0,
  "0x691d": 2.4,
  "0x6dde": 10.3,
  "0x6ddf": 1.5,
  "0x7354": 6.1,
  "0x7355": 0.8999999999999999,
  "0x77d8": 7.5,
  "0x77d9": 0.2000000000000001,
  "0x3088": 3.1,
  "0x3089": 0.2999999999999998,
  "0x3d5e": 9.1,
  "0x3d5f": 0.7999999999999998,
  "0x48c6": 6.300000000000002,
  "0x48c7": 3.8,
  "0x533e": 1.3000000000000007,
  "0x533f": 0.0,
  "0x5bcc": 6.2,
  "0x5bcd": 2.0,
  "0x636a": 3.3000000000000007,
  "0x636b": 1.4000000000000004,
  "0x691e": 5.8,
  "0x691f": 0.0,
  "0x6de0": 9.0,
  "0x6de1": 0.0,
  "0x7356": 9.3,
  "0x7357": 1.2000000000000002,
  "0x77da": 10.4,
  "0x77db": 1.2999999999999998,
  "0x308a": 7.5,
  "0x308b": 0.0,
  "0x3d60": 8.4,
  "0x3d61": 0.4000000000000004,
  "0x48c8": 9.4,
  "0x48c9": 1.7000000000000002,
  "0x5340": 3.4000000000000004,
  "0x5341": 3.2,
  "0x5bce": 2.5,
  "0x5bcf": 0.0,
  "0x636c": 6.4,
  "0x636d": 2.1,
  "0x6920": 5.7,
  "0x6921": 1.2999999999999998,
  "0x6de2": 6.1,
  "0x6de3": 3.5,
  "0x7358": 6.0,
  "0x7359": 3.4000000000000004,
  "0x77dc": 4.6,
  "0x77dd": 0.0,
  "0x308c": 9.7,
  "0x308d": 1.0999999999999996,
  "0x3d62": 10.7,
  "0x3d63": 2.6,
  "0x48ca": 9.6,
  "0x48cb": 2.8,
  "0x5342": 6.800000000000002,
  "0x5343": 2.8,
  "0x5bd0": 2.1,
  "0x5bd1": 1.0999999999999996,
  "0x636e": 2.6,
  "0x636f": 1.7000000000000002,
  "0x6922": 0.7000000000000002,
  "0x6923": 1.7000000000000002,
  "0x6de4": 7.6,
  "0x6de5": 1.9,
  "0x735a": 7.1,
  "0x735b": 3.5,
  "0x77de": 5.0,
  "0x77df": 2.1,
  "0x308e": 3.6,
  "0x308f": 4.1,
  "0x3d64": 7.300000000000002,
  "0x3d65": 1.2999999999999998,
  "0x48cc": 5.1,
  "0x48cd": 1.7999999999999998,
  "0x5344": 7.9,
  "0x5345": 2.0,
  "0x5bd2": 5.300000000000002,
  "0x5bd3": 1.7999999999999998,
  "0x6370": 7.699999999999998,
  "0x6371": 2.3,
  "0x6924": 6.8,
  "0x6925": 1.1,
  "0x6de6": 12.0,
  "0x6de7": 3.6,
  "0x735c": 4.800000000000002,
  "0x735d": 1.4000000000000004,
  "0x77e0": 6.699999999999998,
  "0x77e1": 0.7000000000000002,
  "0x3090": 4.3,
  "0x3091": 2.2,
  "0x3d66": 2.6,
  "0x3d67": 0.0,
  "0x48ce": 7.300000000000002,
  "0x48cf": 1.0,
  "0x5346": 4.4,
  "0x5347": 0.5,
  "0x5bd4": 5.4,
  "0x5bd5": 2.6,
  "0x6372": 5.0,
  "0x6373": 0.7999999999999998,
  "0x6926": 1.2999999999999998,
  "0x6927": 0.0,
  "0x6de8": 4.6,
  "0x6de9": 1.2000000000000002,
  "0x735e": 7.1,
  "0x735f": 3.0,
  "0x77e2": 6.8,
  "0x77e3": 1.2999999999999998,
  "0x3092": 3.9,
  "0x3093": 1.0,
  "0x3d68": 11.1,
  "0x3d69": 2.5,
  "0x48d0": 4.199999999999998,
  "0x48d1": 4.0,
  "0x5348": 3.8000000000000007,
  "0x5349": 2.5,
  "0x5bd6": 5.699999999999998,
  "0x5bd7": 0.1,
  "0x6374": 6.0,
  "0x6375": 0.0,
  "0x6928": 5.6,
  "0x6929": 0.0,
  "0x6dea": 4.699999999999998,
  "0x6deb": 1.2999999999999998,
  "0x7360": 7.5,
  "0x7361": 0.7000000000000002,
  "0x77e4": 8.6,
  "0x77e5": 1.5
}