{
  "0x2f8a": 1.8016489744186401,
  "0x2f8b": 1.2993704080581665,
  "0x3c60": 9.29963493347168,
  "0x3c61": 5.199586868286133,
  "0x47c8": 8.80049991607666,
  "0x47c9": 1.898937463760376,
  "0x5240": 4.532711505889893,
  "0x5241": 2.810299873352051,
  "0x5ace": 0.6129556894302368,
  "0x5acf": 4.787726402282715,
  "0x626c": 5.346253395080566,
  "0x626d": 2.314375400543213,
  "0x6820": 2.6061062812805176,
  "0x6821": 0.24970486760139465,
  "0x6ce2": 8.79736328125,
  "0x6ce3": 1.2048757076263428,
  "0x7258": 5.209218502044678,
  "0x7259": 4.090941429138184,
  "0x76dc": 8.518792152404785,
  "0x76dd": 1.8133946657180786,
  "0x2f8c": 1.8016489744186401,
  "0x2f8d": 1.2993704080581665,
  "0x3c62": 9.29963493347168,
  "0x3c63": 5.199586868286133,
  "0x47ca": 8.80049991607666,
  "0x47cb": 1.898937463760376,
  "0x5242": 4.532711505889893,
  "0x5243": 2.810299873352051,
  "0x5ad0": 0.6129556894302368,
  "0x5ad1": 4.787726402282715,
  "0x626e": 5.345064163208008,
  "0x626f": 2.314375400543213,
  "0x6822": 2.6061062812805176,
  "0x6823": 1.4391348361968994,
  "0x6ce4": 8.79736328125,
  "0x6ce5": 1.2048757076263428,
  "0x725a": 5.209218502044678,
  "0x725b": 4.090941429138184,
  "0x76de": 8.518792152404785,
  "0x76df": 1.8133946657180786,
  "0x2f8e": 1.8016489744186401,
  "0x2f8f": 1.2993704080581665,
  "0x3c64": 9.29963493347168,
  "0x3c65": 5.199586868286133,
  "0x47cc": 8.80049991607666,
  "0x47cd": 1.898937463760376,
  "0x5244": 4.532711505889893,
  "0x5245": 2.810299873352051,
  "0x5ad2": 0.6129556894302368,
  "0x5ad3": 4.787726402282715,
  "0x6270": 5.169004440307617,
  "0x6271": 2.4748544692993164,
  "0x6824": 2.6061062812805176,
  "0x6825": 1.4391348361968994,
  "0x6ce6": 8.79736328125,
  "0x6ce7": 1.2048757076263428,
  "0x725c": 5.209218502044678,
  "0x725d": 4.090941429138184,
  "0x76e0": 8.518792152404785,
  "0x76e1": 1.8133946657180786,
  "0x2f90": 1.8016489744186401,
  "0x2f91": 1.2993704080581665,
  "0x3c66": 9.29963493347168,
  "0x3c67": 5.199586868286133,
  "0x47ce": 8.80049991607666,
  "0x47cf": 1.898937463760376,
  "0x5246": 4.532711505889893,
  "0x5247": 2.810299873352051,
  "0x5ad4": 0.6129556894302368,
  "0x5ad5": 4.787726402282715,
  "0x6272": 5.169004440307617,
  "0x6273": 0.12166210263967514,
  "0x6826": 2.6061062812805176,
  "0x6827": 1.4391348361968994,
  "0x6ce8": 8.79736328125,
  "0x6ce9": 1.2048757076263428,
  "0x725e": 5.209218502044678,
  "0x725f": 4.090941429138184,
  "0x76e2": 8.518792152404785,
  "0x76e3": 1.8133946657180786,
  "0x2f92": 1.8016489744186401,
  "0x2f93": 1.2993704080581665,
  "0x3c68": 9.29963493347168,
  "0x3c69": 5.199586868286133,
  "0x47d0": 8.80049991607666,
  "0x47d1": 1.898937463760376,
  "0x5248": 4.532711505889893,
  "0x5249": 2.810299873352051,
  "0x5ad6": 0.6129556894302368,
  "0x5ad7": 4.787726402282715,
  "0x6274": 5.169004440307617,
  "0x6275": 2.4748544692993164,
  "0x6828": 3.22627854347229,
  "0x6829": 1.4391348361968994,
  "0x6cea": 8.79736328125,
  "0x6ceb": 1.2048757076263428,
  "0x7260": 5.209218502044678,
  "0x7261": 4.090941429138184,
  "0x76e4": 8.518792152404785,
  "0x76e5": 1.8133946657180786,
  "0x2f94": 1.8016489744186401,
  "0x2f95": 1.2993704080581665,
  "0x3c6a": 9.29963493347168,
  "0x3c6b": 5.199586868286133,
  "0x47d2": 8.80049991607666,
  "0x47d3": 1.898937463760376,
  "0x524a": 4.532711505889893,
  "0x524b": 2.810299873352051,
  "0x5ad8": 0.6129556894302368,
  "0x5ad9": 4.787726402282715,
  "0x6276": 5.169004440307617,
  "0x6277": 2.4748544692993164,
  "0x682a": 3.182551145553589,
  "0x682b": 1.4391348361968994,
  "0x6cec": 8.79736328125,
  "0x6ced": 1.2048757076263428,
  "0x7262": 5.209218502044678,
  "0x7263": 4.090941429138184,
  "0x76e6": 8.518792152404785,
  "0x76e7": 1.8133946657180786,
  "0x2f96": 1.8016489744186401,
  "0x2f97": 1.2993704080581665,
  "0x3c6c": 9.29963493347168,
  "0x3c6d": 5.199586868286133,
  "0x47d4": 8.80049991607666,
  "0x47d5": 1.898937463760376,
  "0x524c": 4.532711505889893,
  "0x524d": 2.810299873352051,
  "0x5ada": 0.6634829044342041,
  "0x5adb": 1.4440546035766602,
  "0x6278": 4.218738555908203,
  "0x6279": 0.09941016137599945,
  "0x682c": 3.22627854347229,
  "0x682d": 1.4391348361968994,
  "0x6cee": 8.79736328125,
  "0x6cef": 1.2048757076263428,
  "0x7264": 5.209218502044678,
  "0x7265": 4.090941429138184,
  "0x76e8": 8.518792152404785,
  "0x76e9": 1.8133946657180786
}