{
  "0x2f28": 4.821120262145996,
  "0x2f29": 2.335705280303955,
  "0x3bfe": 8.046168327331543,
  "0x3bff": 3.703094482421875,
  "0x4766": 6.257102966308594,
  "0x4767": 2.6948156356811523,
  "0x51de": 6.7208638191223145,
  "0x51df": 3.2677907943725586,
  "0x5a6c": 5.0940399169921875,
  "0x5a6d": 1.5131131410598755,
  "0x620a": 4.496574878692627,
  "0x620b": 2.213428258895874,
  "0x67be": 4.1356377601623535,
  "0x67bf": 1.4492775201797485,
  "0x6c80": 7.579824924468994,
  "0x6c81": 3.4208436012268066,
  "0x71f6": 6.57206916809082,
  "0x71f7": 3.3655693531036377,
  "0x2f2a": 4.848700046539307,
  "0x2f2b": 2.3376593589782715,
  "0x3c00": 8.067134857177734,
  "0x3c01": 3.69450306892395,
  "0x4768": 6.2235426902771,
  "0x4769": 2.709801435470581,
  "0x51e0": 6.519911766052246,
  "0x51e1": 3.2991104125976562,
  "0x5a6e": 5.091432571411133,
  "0x5a6f": 1.5140588283538818,
  "0x620c": 4.502640724182129,
  "0x620d": 2.2218594551086426,
  "0x67c0": 4.143225193023682,
  "0x67c1": 1.4570170640945435,
  "0x6c82": 7.600032329559326,
  "0x6c83": 3.432323455810547,
  "0x71f8": 6.528188228607178,
  "0x71f9": 3.3639614582061768,
  "0x2f2c": 4.899662494659424,
  "0x2f2d": 2.700261116027832,
  "0x3c02": 8.05733585357666,
  "0x3c03": 3.6984174251556396,
  "0x476a": 6.201532363891602,
  "0x476b": 2.6994824409484863,
  "0x51e2": 6.459425926208496,
  "0x51e3": 3.3377022743225098,
  "0x5a70": 5.097648620605469,
  "0x5a71": 1.4030762910842896,
  "0x620e": 4.502161502838135,
  "0x620f": 2.3522045612335205,
  "0x67c2": 4.1496453285217285,
  "0x67c3": 1.4200069904327393,
  "0x6c84": 7.600254058837891,
  "0x6c85": 3.3935108184814453,
  "0x71fa": 6.522419452667236,
  "0x71fb": 3.3596184253692627,
  "0x2f2e": 4.899662494659424,
  "0x2f2f": 2.700261116027832,
  "0x3c04": 8.05733585357666,
  "0x3c05": 3.6984174251556396,
  "0x476c": 6.201532363891602,
  "0x476d": 2.6994824409484863,
  "0x51e4": 6.459425926208496,
  "0x51e5": 3.3377022743225098,
  "0x5a72": 5.097648620605469,
  "0x5a73": 1.4030762910842896,
  "0x6210": 4.502161502838135,
  "0x6211": 2.3522045612335205,
  "0x67c4": 4.1496453285217285,
  "0x67c5": 1.4200069904327393,
  "0x6c86": 7.358488082885742,
  "0x6c87": 3.3935108184814453,
  "0x71fc": 6.522419452667236,
  "0x71fd": 3.3596184253692627,
  "0x2f30": 4.899662494659424,
  "0x2f31": 2.700261116027832,
  "0x3c06": 8.05733585357666,
  "0x3c07": 3.6984174251556396,
  "0x476e": 6.201532363891602,
  "0x476f": 2.6994824409484863,
  "0x51e6": 6.446852207183838,
  "0x51e7": 3.303706407546997,
  "0x5a74": 5.097648620605469,
  "0x5a75": 1.4030762910842896,
  "0x6212": 4.502161502838135,
  "0x6213": 2.3522045612335205,
  "0x67c6": 4.1496453285217285,
  "0x67c7": 1.4200069904327393,
  "0x6c88": 7.358488082885742,
  "0x6c89": 3.3935108184814453,
  "0x71fe": 6.522419452667236,
  "0x71ff": 3.3596184253692627,
  "0x2f32": 4.942756175994873,
  "0x2f33": 2.6683645248413086,
  "0x3c08": 8.05733585357666,
  "0x3c09": 3.6984174251556396,
  "0x4770": 6.201532363891602,
  "0x4771": 2.6994824409484863,
  "0x51e8": 6.446852207183838,
  "0x51e9": 3.303706407546997,
  "0x5a76": 5.097648620605469,
  "0x5a77": 1.4030762910842896,
  "0x6214": 4.502161502838135,
  "0x6215": 2.3522045612335205,
  "0x67c8": 4.1496453285217285,
  "0x67c9": 1.4200069904327393,
  "0x6c8a": 7.358488082885742,
  "0x6c8b": 3.3935108184814453,
  "0x7200": 6.522419452667236,
  "0x7201": 3.3596184253692627,
  "0x2f34": 4.89774227142334,
  "0x2f35": 2.4192700386047363,
  "0x3c0a": 8.05733585357666,
  "0x3c0b": 3.6984174251556396,
  "0x4772": 6.201532363891602,
  "0x4773": 2.6994824409484863,
  "0x51ea": 6.446852207183838,
  "0x51eb": 3.303706407546997,
  "0x5a78": 5.097648620605469,
  "0x5a79": 1.4030762910842896,
  "0x6216": 4.502161502838135,
  "0x6217": 2.3522045612335205,
  "0x67ca": 4.1496453285217285,
  "0x67cb": 1.4200069904327393,
  "0x6c8c": 7.358658313751221,
  "0x6c8d": 3.393681287765503,
  "0x7202": 6.522419452667236,
  "0x7203": 3.3596184253692627
}