{
  "0x2e10": 6.203123569488525,
  "0x2e11": 2.998790740966797,
  "0x3ae6": 8.901647567749023,
  "0x3ae7": 3.6015872955322266,
  "0x464e": 7.791336536407471,
  "0x464f": 3.602682590484619,
  "0x50c6": 6.704755783081055,
  "0x50c7": 3.698087692260742,
  "0x5954": 5.900857925415039,
  "0x5955": 2.599397897720337,
  "0x60f2": 5.799301624298096,
  "0x60f3": 2.6000938415527344,
  "0x2e12": 6.203123569488525,
  "0x2e13": 2.998790740966797,
  "0x3ae8": 8.901647567749023,
  "0x3ae9": 3.6015872955322266,
  "0x4650": 7.791336536407471,
  "0x4651": 3.602682590484619,
  "0x50c8": 6.704755783081055,
  "0x50c9": 3.698087692260742,
  "0x5956": 5.900857925415039,
  "0x5957": 2.599397897720337,
  "0x60f4": 5.799301624298096,
  "0x60f5": 2.6000938415527344,
  "0x2e14": 6.203123569488525,
  "0x2e15": 2.998790740966797,
  "0x3aea": 8.901647567749023,
  "0x3aeb": 3.6015872955322266,
  "0x4652": 7.791336536407471,
  "0x4653": 3.602682590484619,
  "0x50ca": 6.704755783081055,
  "0x50cb": 3.698087692260742,
  "0x5958": 5.900857925415039,
  "0x5959": 2.599397897720337,
  "0x60f6": 5.799301624298096,
  "0x60f7": 2.6000938415527344,
  "0x2e16": 6.203123569488525,
  "0x2e17": 2.998790740966797,
  "0x3aec": 8.901647567749023,
  "0x3aed": 3.6015872955322266,
  "0x4654": 7.791336536407471,
  "0x4655": 3.602682590484619,
  "0x50cc": 6.704755783081055,
  "0x50cd": 3.698087692260742,
  "0x595a": 5.900857925415039,
  "0x595b": 2.599397897720337,
  "0x60f8": 5.799301624298096,
  "0x60f9": 2.6000938415527344,
  "0x2e18": 6.203123569488525,
  "0x2e19": 2.998790740966797,
  "0x3aee": 8.901647567749023,
  "0x3aef": 3.6015872955322266,
  "0x4656": 7.791336536407471,
  "0x4657": 3.602682590484619,
  "0x50ce": 6.704755783081055,
  "0x50cf": 3.698087692260742,
  "0x595c": 5.900857925415039,
  "0x595d": 2.599397897720337,
  "0x60fa": 5.799301624298096,
  "0x60fb": 2.6000938415527344,
  "0x2e1a": 6.203123569488525,
  "0x2e1b": 2.998790740966797,
  "0x3af0": 8.901647567749023,
  "0x3af1": 3.6015872955322266,
  "0x4658": 7.791336536407471,
  "0x4659": 3.602682590484619,
  "0x50d0": 6.704755783081055,
  "0x50d1": 3.698087692260742,
  "0x595e": 5.900857925415039,
  "0x595f": 2.599397897720337,
  "0x60fc": 5.799301624298096,
  "0x60fd": 2.6000938415527344,
  "0x2e1c": 6.203123569488525,
  "0x2e1d": 2.998790740966797,
  "0x3af2": 8.901647567749023,
  "0x3af3": 3.6015872955322266,
  "0x465a": 7.791336536407471,
  "0x465b": 3.602682590484619,
  "0x50d2": 6.704755783081055,
  "0x50d3": 3.698087692260742,
  "0x5960": 5.900857925415039,
  "0x5961": 2.599397897720337,
  "0x60fe": 5.799301624298096,
  "0x60ff": 2.6000938415527344
}