{
  "0x2eb8": 6.0,
  "0x2eb9": 2.6,
  "0x3b8e": 4.9,
  "0x3b8f": 3.4000000000000004,
  "0x46f6": 8.8,
  "0x46f7": 2.2,
  "0x516e": 6.8,
  "0x516f": 2.9,
  "0x59fc": 5.7,
  "0x59fd": 2.1,
  "0x619a": 0.7999999999999998,
  "0x619b": 1.7000000000000002,
  "0x674e": 2.9000000000000004,
  "0x674f": 0.8999999999999999,
  "0x7186": 2.8,
  "0x7187": 3.0,
  "0x2eba": 6.4,
  "0x2ebb": 1.2999999999999998,
  "0x3b90": 5.4,
  "0x3b91": 4.1,
  "0x46f8": 6.9,
  "0x46f9": 2.6,
  "0x5170": 8.7,
  "0x5171": 2.8,
  "0x59fe": 5.7,
  "0x59ff": 1.2999999999999998,
  "0x619c": 1.2000000000000002,
  "0x619d": 1.6,
  "0x6750": 3.5,
  "0x6751": 2.4,
  "0x7188": 6.5,
  "0x7189": 2.1,
  "0x2ebc": 5.5,
  "0x2ebd": 3.0,
  "0x3b92": 9.0,
  "0x3b93": 3.6,
  "0x46fa": 9.4,
  "0x46fb": 2.5,
  "0x5172": 2.7,
  "0x5173": 2.7,
  "0x5a00": 2.5,
  "0x5a01": 1.6,
  "0x619e": 3.9,
  "0x619f": 1.7999999999999998,
  "0x6752": 4.1,
  "0x6753": 0.8999999999999999,
  "0x718a": 3.6999999999999993,
  "0x718b": 3.2,
  "0x2ebe": 4.1,
  "0x2ebf": 2.5,
  "0x3b94": 8.1,
  "0x3b95": 4.3,
  "0x46fc": 7.199999999999998,
  "0x46fd": 3.4000000000000004,
  "0x5174": 9.0,
  "0x5175": 2.7,
  "0x5a02": 2.7,
  "0x5a03": 2.0,
  "0x61a0": 7.0,
  "0x61a1": 2.4,
  "0x6754": 3.9,
  "0x6755": 2.8,
  "0x718c": 8.5,
  "0x718d": 4.0,
  "0x2ec0": 7.300000000000002,
  "0x2ec1": 3.1,
  "0x3b96": 9.0,
  "0x3b97": 4.4,
  "0x46fe": 5.6,
  "0x46ff": 3.9,
  "0x5176": 7.6,
  "0x5177": 3.1,
  "0x5a04": 6.1,
  "0x5a05": 1.7000000000000002,
  "0x61a2": 3.5,
  "0x61a3": 2.2,
  "0x6756": 2.3,
  "0x6757": 1.2999999999999998,
  "0x718e": 8.2,
  "0x718f": 2.9,
  "0x2ec2": 3.7,
  "0x2ec3": 1.1,
  "0x3b98": 5.5,
  "0x3b99": 1.6,
  "0x4700": 4.2,
  "0x4701": 1.4,
  "0x5178": 6.6,
  "0x5179": 2.9,
  "0x5a06": 1.7000000000000002,
  "0x5a07": 2.2,
  "0x61a4": 4.0,
  "0x61a5": 1.0,
  "0x6758": 2.1,
  "0x6759": 1.2999999999999998,
  "0x7190": 6.1,
  "0x7191": 1.0,
  "0x2ec4": 3.2,
  "0x2ec5": 1.9,
  "0x3b9a": 5.1,
  "0x3b9b": 2.6,
  "0x4702": 7.6,
  "0x4703": 2.2,
  "0x517a": 3.4000000000000004,
  "0x517b": 2.2,
  "0x5a08": 4.2,
  "0x5a09": 1.6,
  "0x61a6": 0.7999999999999998,
  "0x61a7": 2.7,
  "0x675a": 0.9000000000000004,
  "0x675b": 1.6,
  "0x7192": 3.8,
  "0x7193": 3.0
}