{
  "0x3024": 5.1,
  "0x3025": 1.6,
  "0x3cfa": 10.6,
  "0x3cfb": 4.0,
  "0x4862": 2.4000000000000004,
  "0x4863": 0.8999999999999999,
  "0x52da": 9.3,
  "0x52db": 2.8,
  "0x5b68": 1.7000000000000002,
  "0x5b69": 1.0,
  "0x6306": 2.3,
  "0x6307": 2.4,
  "0x68ba": 5.0,
  "0x68bb": 0.2000000000000001,
  "0x6d7c": 6.9,
  "0x6d7d": 2.1,
  "0x72f2": 3.3000000000000007,
  "0x72f3": 0.7000000000000002,
  "0x7776": 5.4,
  "0x7777": 2.5,
  "0x3026": 7.0,
  "0x3027": 1.5999999999999996,
  "0x3cfc": 11.3,
  "0x3cfd": 1.7999999999999998,
  "0x4864": 8.8,
  "0x4865": 1.0,
  "0x52dc": 6.199999999999998,
  "0x52dd": 1.9000000000000004,
  "0x5b6a": 1.5999999999999996,
  "0x5b6b": 0.1,
  "0x6308": 0.2999999999999998,
  "0x6309": 0.8999999999999999,
  "0x68bc": 0.5,
  "0x68bd": 1.5,
  "0x6d7e": 7.4,
  "0x6d7f": 1.2000000000000002,
  "0x72f4": 7.199999999999998,
  "0x72f5": 0.2000000000000001,
  "0x7778": 9.3,
  "0x7779": 2.4000000000000004,
  "0x3028": 7.4,
  "0x3029": 1.4000000000000004,
  "0x3cfe": 8.4,
  "0x3cff": 3.6,
  "0x4866": 11.1,
  "0x4867": 0.2000000000000001,
  "0x52de": 8.6,
  "0x52df": 2.7,
  "0x5b6c": 3.9,
  "0x5b6d": 0.0,
  "0x630a": 1.6999999999999993,
  "0x630b": 0.5,
  "0x68be": 0.9000000000000004,
  "0x68bf": 2.3,
  "0x6d80": 13.1,
  "0x6d81": 0.5,
  "0x72f6": 4.5,
  "0x72f7": 0.6000000000000001,
  "0x777a": 5.800000000000002,
  "0x777b": 3.1,
  "0x302a": 4.4,
  "0x302b": 0.2999999999999998,
  "0x3d00": 11.8,
  "0x3d01": 2.5,
  "0x4868": 5.699999999999998,
  "0x4869": 2.1,
  "0x52e0": 5.800000000000002,
  "0x52e1": 3.8,
  "0x5b6e": 6.4,
  "0x5b6f": 0.6000000000000001,
  "0x630c": 1.7000000000000002,
  "0x630d": 2.5,
  "0x68c0": 5.8,
  "0x68c1": 0.6000000000000001,
  "0x6d82": 6.699999999999998,
  "0x6d83": 4.5,
  "0x72f8": 3.8000000000000007,
  "0x72f9": 0.9000000000000004,
  "0x777c": 11.7,
  "0x777d": 4.7,
  "0x302c": 9.0,
  "0x302d": 3.2,
  "0x3d02": 10.4,
  "0x3d03": 1.2999999999999998,
  "0x486a": 10.6,
  "0x486b": 0.5,
  "0x52e2": 5.300000000000002,
  "0x52e3": 3.0,
  "0x5b70": 6.6,
  "0x5b71": 1.4000000000000004,
  "0x630e": 7.699999999999998,
  "0x630f": 3.0,
  "0x68c2": 3.8000000000000007,
  "0x68c3": 1.7000000000000002,
  "0x6d84": 10.5,
  "0x6d85": 0.7000000000000002,
  "0x72fa": 4.9,
  "0x72fb": 1.9,
  "0x777e": 11.0,
  "0x777f": 2.1,
  "0x302e": 4.7,
  "0x302f": 1.2000000000000002,
  "0x3d04": 5.300000000000002,
  "0x3d05": 0.7000000000000002,
  "0x486c": 5.4,
  "0x486d": 2.4000000000000004,
  "0x52e4": 4.5,
  "0x52e5": 0.3999999999999999,
  "0x5b72": 3.4000000000000004,
  "0x5b73": 2.2,
  "0x6310": 4.3,
  "0x6311": 1.0999999999999996,
  "0x68c4": 0.0,
  "0x68c5": 0.0,
  "0x6d86": 4.4,
  "0x6d87": 0.0,
  "0x72fc": 4.6,
  "0x72fd": 0.0,
  "0x7780": 8.5,
  "0x7781": 0.7999999999999998,
  "0x3030": 7.6,
  "0x3031": 3.2,
  "0x3d06": 10.1,
  "0x3d07": 3.1,
  "0x486e": 7.4,
  "0x486f": 0.0,
  "0x52e6": 4.9,
  "0x52e7": 1.2000000000000002,
  "0x5b74": 3.7,
  "0x5b75": 3.2,
  "0x6312": 0.4000000000000004,
  "0x6313": 1.4,
  "0x68c6": 0.9000000000000004,
  "0x68c7": 0.6000000000000001,
  "0x6d88": 9.9,
  "0x6d89": 1.2000000000000002,
  "0x72fe": 5.800000000000002,
  "0x72ff": 2.9000000000000004,
  "0x7782": 3.6,
  "0x7783": 1.0999999999999996
}