{
  "0x2cb2": 7.598764896392822,
  "0x2cb3": 4.500281810760498,
  "0x3988": 12.902451515197754,
  "0x3989": 4.895905494689941,
  "0x44f0": 9.195822715759277,
  "0x44f1": 4.405325889587402,
  "0x4f68": 9.396540641784668,
  "0x4f69": 4.899265289306641,
  "0x57f6": 6.610421180725098,
  "0x57f7": 3.595723867416382,
  "0x5f94": 7.398074150085449,
  "0x5f95": 4.1011433601379395,
  "0x2cb4": 7.598764896392822,
  "0x2cb5": 4.500281810760498,
  "0x398a": 12.902451515197754,
  "0x398b": 4.895905494689941,
  "0x44f2": 9.195822715759277,
  "0x44f3": 4.405325889587402,
  "0x4f6a": 9.396540641784668,
  "0x4f6b": 4.899265289306641,
  "0x57f8": 6.610421180725098,
  "0x57f9": 3.595723867416382,
  "0x5f96": 7.398074150085449,
  "0x5f97": 4.1011433601379395,
  "0x2cb6": 7.598764896392822,
  "0x2cb7": 4.500281810760498,
  "0x398c": 12.902451515197754,
  "0x398d": 4.895905494689941,
  "0x44f4": 9.195822715759277,
  "0x44f5": 4.405325889587402,
  "0x4f6c": 9.396540641784668,
  "0x4f6d": 4.899265289306641,
  "0x57fa": 6.610421180725098,
  "0x57fb": 3.595723867416382,
  "0x5f98": 7.398074150085449,
  "0x5f99": 4.1011433601379395,
  "0x2cb8": 7.598764896392822,
  "0x2cb9": 4.500281810760498,
  "0x398e": 12.902451515197754,
  "0x398f": 4.895905494689941,
  "0x44f6": 9.195822715759277,
  "0x44f7": 4.405325889587402,
  "0x4f6e": 9.396540641784668,
  "0x4f6f": 4.899265289306641,
  "0x57fc": 6.610421180725098,
  "0x57fd": 3.595723867416382,
  "0x5f9a": 7.398074150085449,
  "0x5f9b": 4.1011433601379395,
  "0x2cba": 7.598764896392822,
  "0x2cbb": 4.500281810760498,
  "0x3990": 12.902451515197754,
  "0x3991": 4.895905494689941,
  "0x44f8": 9.195822715759277,
  "0x44f9": 4.405325889587402,
  "0x4f70": 9.396540641784668,
  "0x4f71": 4.899265289306641,
  "0x57fe": 6.610421180725098,
  "0x57ff": 3.595723867416382,
  "0x5f9c": 7.398074150085449,
  "0x5f9d": 4.1011433601379395,
  "0x2cbc": 7.598764896392822,
  "0x2cbd": 4.500281810760498,
  "0x3992": 12.902451515197754,
  "0x3993": 4.895905494689941,
  "0x44fa": 9.195822715759277,
  "0x44fb": 4.405325889587402,
  "0x4f72": 9.396540641784668,
  "0x4f73": 4.899265289306641,
  "0x5800": 6.610421180725098,
  "0x5801": 3.595723867416382,
  "0x5f9e": 7.398074150085449,
  "0x5f9f": 4.1011433601379395,
  "0x2cbe": 7.598764896392822,
  "0x2cbf": 4.500281810760498,
  "0x3994": 12.902451515197754,
  "0x3995": 4.895905494689941,
  "0x44fc": 9.195822715759277,
  "0x44fd": 4.405325889587402,
  "0x4f74": 9.396540641784668,
  "0x4f75": 4.899265289306641,
  "0x5802": 6.610421180725098,
  "0x5803": 3.595723867416382,
  "0x5fa0": 7.398074150085449,
  "0x5fa1": 4.1011433601379395
}