{
  "0x2c0a": 6.597933292388916,
  "0x2c0b": 3.6032917499542236,
  "0x38e0": 9.502310752868652,
  "0x38e1": 4.69691276550293,
  "0x4448": 7.601201057434082,
  "0x4449": 3.399212598800659,
  "0x4ec0": 8.297504425048828,
  "0x4ec1": 3.5013277530670166,
  "0x574e": 6.618942737579346,
  "0x574f": 3.1449074745178223,
  "0x2c0c": 6.597933292388916,
  "0x2c0d": 3.6032917499542236,
  "0x38e2": 9.502310752868652,
  "0x38e3": 4.69691276550293,
  "0x444a": 7.601201057434082,
  "0x444b": 3.399212598800659,
  "0x4ec2": 8.297504425048828,
  "0x4ec3": 3.5013277530670166,
  "0x5750": 6.618942737579346,
  "0x5751": 3.1449074745178223,
  "0x2c0e": 6.597933292388916,
  "0x2c0f": 3.6032917499542236,
  "0x38e4": 9.502310752868652,
  "0x38e5": 4.69691276550293,
  "0x444c": 7.601201057434082,
  "0x444d": 3.399212598800659,
  "0x4ec4": 8.297504425048828,
  "0x4ec5": 3.5013277530670166,
  "0x5752": 6.618942737579346,
  "0x5753": 3.1449074745178223,
  "0x2c10": 6.597933292388916,
  "0x2c11": 3.6032917499542236,
  "0x38e6": 9.502310752868652,
  "0x38e7": 4.69691276550293,
  "0x444e": 7.601201057434082,
  "0x444f": 3.399212598800659,
  "0x4ec6": 8.297504425048828,
  "0x4ec7": 3.5013277530670166,
  "0x5754": 6.618942737579346,
  "0x5755": 3.1449074745178223,
  "0x2c12": 6.597933292388916,
  "0x2c13": 3.6032917499542236,
  "0x38e8": 9.502310752868652,
  "0x38e9": 4.69691276550293,
  "0x4450": 7.601201057434082,
  "0x4451": 3.399212598800659,
  "0x4ec8": 8.297504425048828,
  "0x4ec9": 3.5013277530670166,
  "0x5756": 6.618942737579346,
  "0x5757": 3.1449074745178223,
  "0x2c14": 6.597933292388916,
  "0x2c15": 3.6032917499542236,
  "0x38ea": 9.502310752868652,
  "0x38eb": 4.69691276550293,
  "0x4452": 7.601201057434082,
  "0x4453": 3.399212598800659,
  "0x4eca": 8.297504425048828,
  "0x4ecb": 3.5013277530670166,
  "0x5758": 6.618942737579346,
  "0x5759": 3.1449074745178223,
  "0x2c16": 6.597933292388916,
  "0x2c17": 3.6032917499542236,
  "0x38ec": 9.502310752868652,
  "0x38ed": 4.69691276550293,
  "0x4454": 7.601201057434082,
  "0x4455": 3.399212598800659,
  "0x4ecc": 8.297504425048828,
  "0x4ecd": 3.5013277530670166,
  "0x575a": 6.618942737579346,
  "0x575b": 3.1449074745178223
}