{
  "0x2bb6": 6.999872207641602,
  "0x2bb7": 3.39931058883667,
  "0x388c": 7.799717903137207,
  "0x388d": 3.7000598907470703,
  "0x43f4": 7.400537490844727,
  "0x43f5": 2.7002100944519043,
  "0x4e6c": 6.701922416687012,
  "0x4e6d": 3.897730588912964,
  "0x56fa": 6.594682216644287,
  "0x56fb": 3.301563262939453,
  "0x2bb8": 6.999872207641602,
  "0x2bb9": 3.39931058883667,
  "0x388e": 7.799717903137207,
  "0x388f": 3.7000598907470703,
  "0x43f6": 7.400537490844727,
  "0x43f7": 2.7002100944519043,
  "0x4e6e": 6.701922416687012,
  "0x4e6f": 3.897730588912964,
  "0x56fc": 6.594682216644287,
  "0x56fd": 3.301563262939453,
  "0x2bba": 6.999872207641602,
  "0x2bbb": 3.39931058883667,
  "0x3890": 7.799717903137207,
  "0x3891": 3.7000598907470703,
  "0x43f8": 7.400537490844727,
  "0x43f9": 2.7002100944519043,
  "0x4e70": 6.701922416687012,
  "0x4e71": 3.897730588912964,
  "0x56fe": 6.594682216644287,
  "0x56ff": 3.301563262939453,
  "0x2bbc": 6.999872207641602,
  "0x2bbd": 3.39931058883667,
  "0x3892": 7.799717903137207,
  "0x3893": 3.7000598907470703,
  "0x43fa": 7.400537490844727,
  "0x43fb": 2.7002100944519043,
  "0x4e72": 6.701922416687012,
  "0x4e73": 3.897730588912964,
  "0x5700": 6.594682216644287,
  "0x5701": 3.301563262939453,
  "0x2bbe": 6.999872207641602,
  "0x2bbf": 3.39931058883667,
  "0x3894": 7.799717903137207,
  "0x3895": 3.7000598907470703,
  "0x43fc": 7.400537490844727,
  "0x43fd": 2.7002100944519043,
  "0x4e74": 6.701922416687012,
  "0x4e75": 3.897730588912964,
  "0x5702": 6.594682216644287,
  "0x5703": 3.301563262939453,
  "0x2bc0": 6.999872207641602,
  "0x2bc1": 3.39931058883667,
  "0x3896": 7.799717903137207,
  "0x3897": 3.7000598907470703,
  "0x43fe": 7.400537490844727,
  "0x43ff": 2.7002100944519043,
  "0x4e76": 6.701922416687012,
  "0x4e77": 3.897730588912964,
  "0x5704": 6.594682216644287,
  "0x5705": 3.301563262939453,
  "0x2bc2": 6.999872207641602,
  "0x2bc3": 3.39931058883667,
  "0x3898": 7.799717903137207,
  "0x3899": 3.7000598907470703,
  "0x4400": 7.400537490844727,
  "0x4401": 2.7002100944519043,
  "0x4e78": 6.701922416687012,
  "0x4e79": 3.897730588912964,
  "0x5706": 6.594682216644287,
  "0x5707": 3.301563262939453
}