{
  "0x3016": 3.8000000000000007,
  "0x3017": 1.5,
  "0x3cec": 7.300000000000002,
  "0x3ced": 3.9,
  "0x4854": 9.2,
  "0x4855": 3.9,
  "0x52cc": 7.300000000000002,
  "0x52cd": 2.6,
  "0x5b5a": 6.7,
  "0x5b5b": 2.7,
  "0x62f8": 1.1999999999999993,
  "0x62f9": 2.4000000000000004,
  "0x68ac": 1.0,
  "0x68ad": 0.6000000000000001,
  "0x6d6e": 9.9,
  "0x6d6f": 3.9,
  "0x72e4": 4.800000000000002,
  "0x72e5": 0.4000000000000004,
  "0x7768": 4.0,
  "0x7769": 2.2,
  "0x3018": 4.4,
  "0x3019": 1.6,
  "0x3cee": 12.3,
  "0x3cef": 3.5,
  "0x4856": 9.0,
  "0x4857": 1.5999999999999996,
  "0x52ce": 9.4,
  "0x52cf": 2.8,
  "0x5b5c": 2.4000000000000004,
  "0x5b5d": 0.0,
  "0x62fa": 7.300000000000002,
  "0x62fb": 3.3,
  "0x68ae": 0.0,
  "0x68af": 0.0,
  "0x6d70": 5.1,
  "0x6d71": 2.7,
  "0x72e6": 6.4,
  "0x72e7": 3.2,
  "0x776a": 8.9,
  "0x776b": 2.3,
  "0x301a": 4.9,
  "0x301b": 0.0,
  "0x3cf0": 6.199999999999998,
  "0x3cf1": 2.2,
  "0x4858": 6.6,
  "0x4859": 1.5,
  "0x52d0": 5.9,
  "0x52d1": 2.7,
  "0x5b5e": 3.9,
  "0x5b5f": 0.0,
  "0x62fc": 1.0,
  "0x62fd": 1.5,
  "0x68b0": 2.6,
  "0x68b1": 0.0,
  "0x6d72": 10.9,
  "0x6d73": 3.7,
  "0x72e8": 7.300000000000002,
  "0x72e9": 2.7,
  "0x776c": 7.699999999999998,
  "0x776d": 1.7000000000000002,
  "0x301c": 4.800000000000002,
  "0x301d": 0.9000000000000004,
  "0x3cf2": 11.2,
  "0x3cf3": 3.8,
  "0x485a": 11.2,
  "0x485b": 4.5,
  "0x52d2": 7.5,
  "0x52d3": 3.7,
  "0x5b60": 1.5,
  "0x5b61": 0.7000000000000002,
  "0x62fe": 5.1,
  "0x62ff": 0.0,
  "0x68b2": 1.7000000000000002,
  "0x68b3": 0.2000000000000001,
  "0x6d74": 7.199999999999998,
  "0x6d75": 3.8,
  "0x72ea": 5.5,
  "0x72eb": 0.7000000000000002,
  "0x776e": 7.4,
  "0x776f": 2.2,
  "0x301e": 5.199999999999998,
  "0x301f": 1.2999999999999998,
  "0x3cf4": 12.6,
  "0x3cf5": 4.7,
  "0x485c": 4.5,
  "0x485d": 3.6,
  "0x52d4": 10.1,
  "0x52d5": 2.4000000000000004,
  "0x5b62": 2.1,
  "0x5b63": 2.6,
  "0x6300": 8.5,
  "0x6301": 1.0,
  "0x68b4": 1.3000000000000007,
  "0x68b5": 3.0,
  "0x6d76": 10.9,
  "0x6d77": 3.3,
  "0x72ec": 9.2,
  "0x72ed": 1.9000000000000004,
  "0x7770": 9.3,
  "0x7771": 0.7999999999999998,
  "0x3020": 2.8,
  "0x3021": 2.0,
  "0x3cf6": 4.1,
  "0x3cf7": 0.0,
  "0x485e": 3.2,
  "0x485f": 0.0999999999999996,
  "0x52d6": 2.5,
  "0x52d7": 0.5,
  "0x5b64": 0.0,
  "0x5b65": 1.2999999999999998,
  "0x6302": 5.2,
  "0x6303": 0.3999999999999999,
  "0x68b6": 2.3,
  "0x68b7": 1.2000000000000002,
  "0x6d78": 2.0,
  "0x6d79": 2.3,
  "0x72ee": 8.3,
  "0x72ef": 1.2000000000000002,
  "0x7772": 7.6,
  "0x7773": 0.5,
  "0x3022": 5.9,
  "0x3023": 3.6,
  "0x3cf8": 5.0,
  "0x3cf9": 3.2,
  "0x4860": 7.5,
  "0x4861": 1.0,
  "0x52d8": 1.6999999999999993,
  "0x52d9": 0.0999999999999996,
  "0x5b66": 0.5999999999999996,
  "0x5b67": 0.0,
  "0x6304": 4.7,
  "0x6305": 0.2000000000000001,
  "0x68b8": 4.8,
  "0x68b9": 0.7999999999999998,
  "0x6d7a": 7.9,
  "0x6d7b": 2.4000000000000004,
  "0x72f0": 8.4,
  "0x72f1": 2.5,
  "0x7774": 2.9000000000000004,
  "0x7775": 3.5
}