{
  "0x2cc0": 8.800962448120117,
  "0x2cc1": 4.100190162658691,
  "0x3996": 12.198728561401367,
  "0x3997": 4.499834060668945,
  "0x44fe": 11.397196769714355,
  "0x44ff": 4.405766487121582,
  "0x4f76": 11.399876594543457,
  "0x4f77": 3.499600648880005,
  "0x5804": 7.0079498291015625,
  "0x5805": 4.687597751617432,
  "0x5fa2": 8.594884872436523,
  "0x5fa3": 3.4067859649658203,
  "0x2cc2": 8.800962448120117,
  "0x2cc3": 4.100190162658691,
  "0x3998": 12.198728561401367,
  "0x3999": 4.499834060668945,
  "0x4500": 11.397196769714355,
  "0x4501": 4.405766487121582,
  "0x4f78": 11.399876594543457,
  "0x4f79": 3.499600648880005,
  "0x5806": 7.0079498291015625,
  "0x5807": 4.687597751617432,
  "0x5fa4": 8.594884872436523,
  "0x5fa5": 3.4067859649658203,
  "0x2cc4": 8.800962448120117,
  "0x2cc5": 4.100190162658691,
  "0x399a": 12.198728561401367,
  "0x399b": 4.499834060668945,
  "0x4502": 11.397196769714355,
  "0x4503": 4.405766487121582,
  "0x4f7a": 11.399876594543457,
  "0x4f7b": 3.499600648880005,
  "0x5808": 7.0079498291015625,
  "0x5809": 4.687597751617432,
  "0x5fa6": 8.594884872436523,
  "0x5fa7": 3.4067859649658203,
  "0x2cc6": 8.800962448120117,
  "0x2cc7": 4.100190162658691,
  "0x399c": 12.198728561401367,
  "0x399d": 4.499834060668945,
  "0x4504": 11.397196769714355,
  "0x4505": 4.405766487121582,
  "0x4f7c": 11.399876594543457,
  "0x4f7d": 3.499600648880005,
  "0x580a": 7.0079498291015625,
  "0x580b": 4.687597751617432,
  "0x5fa8": 8.594884872436523,
  "0x5fa9": 3.4067859649658203,
  "0x2cc8": 8.800962448120117,
  "0x2cc9": 4.100190162658691,
  "0x399e": 12.198728561401367,
  "0x399f": 4.499834060668945,
  "0x4506": 11.397196769714355,
  "0x4507": 4.405766487121582,
  "0x4f7e": 11.399876594543457,
  "0x4f7f": 3.499600648880005,
  "0x580c": 7.0079498291015625,
  "0x580d": 4.687597751617432,
  "0x5faa": 8.594884872436523,
  "0x5fab": 3.4067859649658203,
  "0x2cca": 8.800962448120117,
  "0x2ccb": 4.100190162658691,
  "0x39a0": 12.198728561401367,
  "0x39a1": 4.499834060668945,
  "0x4508": 11.397196769714355,
  "0x4509": 4.405766487121582,
  "0x4f80": 11.399876594543457,
  "0x4f81": 3.499600648880005,
  "0x580e": 7.0079498291015625,
  "0x580f": 4.687597751617432,
  "0x5fac": 8.594884872436523,
  "0x5fad": 3.4067859649658203,
  "0x2ccc": 8.800962448120117,
  "0x2ccd": 4.100190162658691,
  "0x39a2": 12.198728561401367,
  "0x39a3": 4.499834060668945,
  "0x450a": 11.397196769714355,
  "0x450b": 4.405766487121582,
  "0x4f82": 11.399876594543457,
  "0x4f83": 3.499600648880005,
  "0x5810": 7.0079498291015625,
  "0x5811": 4.687597751617432,
  "0x5fae": 8.594884872436523,
  "0x5faf": 3.4067859649658203
}