{
  "0x2f28": 6.616574764251709,
  "0x2f29": 3.640138864517212,
  "0x3bfe": 7.430878639221191,
  "0x3bff": 3.4812498092651367,
  "0x4766": 6.4974589347839355,
  "0x4767": 3.2472243309020996,
  "0x51de": 8.198015213012695,
  "0x51df": 3.4432880878448486,
  "0x5a6c": 5.092926979064941,
  "0x5a6d": 1.4070169925689697,
  "0x620a": 4.511711597442627,
  "0x620b": 2.190506935119629,
  "0x67be": 4.488211154937744,
  "0x67bf": 0.7860332727432251,
  "0x6c80": 5.3900346755981445,
  "0x6c81": 2.9248921871185303,
  "0x71f6": 6.600592136383057,
  "0x71f7": 3.4994089603424072,
  "0x2f2a": 6.616574764251709,
  "0x2f2b": 3.640138864517212,
  "0x3c00": 7.430878639221191,
  "0x3c01": 3.4812498092651367,
  "0x4768": 6.4974589347839355,
  "0x4769": 3.2472243309020996,
  "0x51e0": 8.198015213012695,
  "0x51e1": 3.4432880878448486,
  "0x5a6e": 5.092926979064941,
  "0x5a6f": 1.4070169925689697,
  "0x620c": 4.511711597442627,
  "0x620d": 2.190506935119629,
  "0x67c0": 4.488211154937744,
  "0x67c1": 0.7860332727432251,
  "0x6c82": 5.3900346755981445,
  "0x6c83": 2.9248921871185303,
  "0x71f8": 6.600592136383057,
  "0x71f9": 3.4994089603424072,
  "0x2f2c": 6.616574764251709,
  "0x2f2d": 3.640138864517212,
  "0x3c02": 7.430878639221191,
  "0x3c03": 3.4812498092651367,
  "0x476a": 6.4974589347839355,
  "0x476b": 3.2472243309020996,
  "0x51e2": 8.198015213012695,
  "0x51e3": 3.4432880878448486,
  "0x5a70": 5.092926979064941,
  "0x5a71": 1.4070169925689697,
  "0x620e": 4.511711597442627,
  "0x620f": 2.190506935119629,
  "0x67c2": 4.488211154937744,
  "0x67c3": 0.7860332727432251,
  "0x6c84": 5.3900346755981445,
  "0x6c85": 2.9248921871185303,
  "0x71fa": 6.600592136383057,
  "0x71fb": 3.4994089603424072,
  "0x2f2e": 6.616574764251709,
  "0x2f2f": 3.640138864517212,
  "0x3c04": 7.430878639221191,
  "0x3c05": 3.4812498092651367,
  "0x476c": 6.4974589347839355,
  "0x476d": 3.2472243309020996,
  "0x51e4": 8.198015213012695,
  "0x51e5": 3.4432880878448486,
  "0x5a72": 5.092926979064941,
  "0x5a73": 1.4070169925689697,
  "0x6210": 4.511711597442627,
  "0x6211": 2.190506935119629,
  "0x67c4": 4.488211154937744,
  "0x67c5": 0.7860332727432251,
  "0x6c86": 5.3900346755981445,
  "0x6c87": 2.9248921871185303,
  "0x71fc": 6.600592136383057,
  "0x71fd": 3.4994089603424072,
  "0x2f30": 6.616574764251709,
  "0x2f31": 3.640138864517212,
  "0x3c06": 7.430878639221191,
  "0x3c07": 3.4812498092651367,
  "0x476e": 6.4974589347839355,
  "0x476f": 3.2472243309020996,
  "0x51e6": 8.198015213012695,
  "0x51e7": 3.4432880878448486,
  "0x5a74": 5.092926979064941,
  "0x5a75": 1.4070169925689697,
  "0x6212": 4.511711597442627,
  "0x6213": 2.190506935119629,
  "0x67c6": 4.488211154937744,
  "0x67c7": 0.7860332727432251,
  "0x6c88": 5.3900346755981445,
  "0x6c89": 2.9248921871185303,
  "0x71fe": 6.600592136383057,
  "0x71ff": 3.4994089603424072,
  "0x2f32": 6.616574764251709,
  "0x2f33": 3.640138864517212,
  "0x3c08": 7.430878639221191,
  "0x3c09": 3.4812498092651367,
  "0x4770": 6.4974589347839355,
  "0x4771": 3.2472243309020996,
  "0x51e8": 8.198015213012695,
  "0x51e9": 3.4432880878448486,
  "0x5a76": 5.092926979064941,
  "0x5a77": 1.4070169925689697,
  "0x6214": 4.511711597442627,
  "0x6215": 2.190506935119629,
  "0x67c8": 4.488211154937744,
  "0x67c9": 0.7860332727432251,
  "0x6c8a": 5.3900346755981445,
  "0x6c8b": 2.9248921871185303,
  "0x7200": 6.600592136383057,
  "0x7201": 3.4994089603424072,
  "0x2f34": 6.616574764251709,
  "0x2f35": 3.640138864517212,
  "0x3c0a": 7.430878639221191,
  "0x3c0b": 3.4812498092651367,
  "0x4772": 6.4974589347839355,
  "0x4773": 3.2472243309020996,
  "0x51ea": 8.198015213012695,
  "0x51eb": 3.4432880878448486,
  "0x5a78": 5.092926979064941,
  "0x5a79": 1.4070169925689697,
  "0x6216": 4.511711597442627,
  "0x6217": 2.190506935119629,
  "0x67ca": 4.488211154937744,
  "0x67cb": 0.7860332727432251,
  "0x6c8c": 5.3900346755981445,
  "0x6c8d": 2.9248921871185303,
  "0x7202": 6.600592136383057,
  "0x7203": 3.4994089603424072
}