{
  "0x2f7c": 5.1,
  "0x2f7d": 0.0,
  "0x3c52": 11.4,
  "0x3c53": 4.1,
  "0x47ba": 11.4,
  "0x47bb": 2.8,
  "0x5232": 8.5,
  "0x5233": 1.0,
  "0x5ac0": 2.9000000000000004,
  "0x5ac1": 0.0,
  "0x625e": 2.3000000000000007,
  "0x625f": 0.2999999999999998,
  "0x6812": 4.4,
  "0x6813": 1.7999999999999998,
  "0x6cd4": 5.699999999999998,
  "0x6cd5": 3.4000000000000004,
  "0x724a": 7.699999999999998,
  "0x724b": 0.2000000000000001,
  "0x76ce": 6.199999999999998,
  "0x76cf": 4.3,
  "0x2f7e": 7.300000000000002,
  "0x2f7f": 3.8,
  "0x3c54": 11.2,
  "0x3c55": 3.5,
  "0x47bc": 5.0,
  "0x47bd": 1.2999999999999998,
  "0x5234": 7.800000000000002,
  "0x5235": 2.4000000000000004,
  "0x5ac2": 6.6,
  "0x5ac3": 1.4,
  "0x6260": 6.0,
  "0x6261": 0.0999999999999996,
  "0x6814": 4.3,
  "0x6815": 0.2999999999999998,
  "0x6cd6": 9.3,
  "0x6cd7": 3.1,
  "0x724c": 6.199999999999998,
  "0x724d": 0.9000000000000004,
  "0x76d0": 7.5,
  "0x76d1": 1.5,
  "0x2f80": 10.0,
  "0x2f81": 3.0,
  "0x3c56": 11.8,
  "0x3c57": 3.4000000000000004,
  "0x47be": 12.0,
  "0x47bf": 1.0,
  "0x5236": 4.800000000000002,
  "0x5237": 3.0,
  "0x5ac4": 7.9,
  "0x5ac5": 2.8,
  "0x6262": 6.6,
  "0x6263": 3.2,
  "0x6816": 4.6,
  "0x6817": 2.8,
  "0x6cd8": 8.3,
  "0x6cd9": 2.6,
  "0x724e": 10.0,
  "0x724f": 2.4000000000000004,
  "0x76d2": 9.7,
  "0x76d3": 2.3,
  "0x2f82": 9.7,
  "0x2f83": 0.5,
  "0x3c58": 11.7,
  "0x3c59": 1.4000000000000004,
  "0x47c0": 12.7,
  "0x47c1": 4.6,
  "0x5238": 6.1,
  "0x5239": 3.3,
  "0x5ac6": 5.300000000000002,
  "0x5ac7": 3.5,
  "0x6264": 4.4,
  "0x6265": 0.5,
  "0x6818": 2.9000000000000004,
  "0x6819": 1.4000000000000004,
  "0x6cda": 6.9,
  "0x6cdb": 4.2,
  "0x7250": 8.2,
  "0x7251": 2.3,
  "0x76d4": 11.9,
  "0x76d5": 3.2,
  "0x2f84": 5.4,
  "0x2f85": 1.5999999999999996,
  "0x3c5a": 13.1,
  "0x3c5b": 1.5999999999999996,
  "0x47c2": 10.8,
  "0x47c3": 0.7999999999999998,
  "0x523a": 6.9,
  "0x523b": 4.2,
  "0x5ac8": 7.5,
  "0x5ac9": 3.2,
  "0x6266": 5.9,
  "0x6267": 3.0,
  "0x681a": 5.199999999999998,
  "0x681b": 0.0,
  "0x6cdc": 14.5,
  "0x6cdd": 4.2,
  "0x7252": 9.9,
  "0x7253": 1.5999999999999996,
  "0x76d6": 11.1,
  "0x76d7": 2.6,
  "0x2f86": 7.4,
  "0x2f87": 0.0,
  "0x3c5c": 8.6,
  "0x3c5d": 0.0,
  "0x47c4": 9.6,
  "0x47c5": 2.2,
  "0x523c": 7.9,
  "0x523d": 1.7000000000000002,
  "0x5aca": 3.5,
  "0x5acb": 2.1,
  "0x6268": 1.5999999999999996,
  "0x6269": 2.6,
  "0x681c": 0.5,
  "0x681d": 0.5,
  "0x6cde": 2.7,
  "0x6cdf": 2.6,
  "0x7254": 8.6,
  "0x7255": 3.3,
  "0x76d8": 2.8000000000000007,
  "0x76d9": 0.0,
  "0x2f88": 1.8000000000000007,
  "0x2f89": 1.2999999999999998,
  "0x3c5e": 9.3,
  "0x3c5f": 5.2,
  "0x47c6": 8.8,
  "0x47c7": 1.9000000000000004,
  "0x523e": 4.4,
  "0x523f": 0.0,
  "0x5acc": 0.5999999999999996,
  "0x5acd": 4.8,
  "0x626a": 5.4,
  "0x626b": 2.3,
  "0x681e": 2.4000000000000004,
  "0x681f": 1.5,
  "0x6ce0": 8.8,
  "0x6ce1": 1.2000000000000002,
  "0x7256": 5.199999999999998,
  "0x7257": 4.1,
  "0x76da": 9.2,
  "0x76db": 1.7000000000000002
}