{
  "0x2f6e": 3.397555112838745,
  "0x2f6f": 1.0019553899765015,
  "0x3c44": 5.6034650802612305,
  "0x3c45": 3.800745964050293,
  "0x47ac": 7.436679840087891,
  "0x47ad": 2.8879308700561523,
  "0x5224": 8.804140090942383,
  "0x5225": 2.283400297164917,
  "0x5ab2": 4.615440845489502,
  "0x5ab3": 0.9909091591835022,
  "0x6250": 2.9757444858551025,
  "0x6251": 0.7137554287910461,
  "0x6804": 3.019794464111328,
  "0x6805": 0.6458531618118286,
  "0x6cc6": 0.0062491390854120255,
  "0x6cc7": 2.2946248054504395,
  "0x723c": 10.03602409362793,
  "0x723d": 3.7935729026794434,
  "0x76c0": 11.002917289733887,
  "0x76c1": 1.7989389896392822,
  "0x2f70": 3.397555112838745,
  "0x2f71": 1.0019553899765015,
  "0x3c46": 5.6034650802612305,
  "0x3c47": 3.800745964050293,
  "0x47ae": 7.436679840087891,
  "0x47af": 2.8879308700561523,
  "0x5226": 8.804140090942383,
  "0x5227": 2.283400297164917,
  "0x5ab4": 4.615440845489502,
  "0x5ab5": 0.9909091591835022,
  "0x6252": 2.9757444858551025,
  "0x6253": 0.7137554287910461,
  "0x6806": 3.019794464111328,
  "0x6807": 0.6458531618118286,
  "0x6cc8": 0.0062491390854120255,
  "0x6cc9": 2.2946248054504395,
  "0x723e": 10.03602409362793,
  "0x723f": 3.7935729026794434,
  "0x76c2": 11.002917289733887,
  "0x76c3": 1.7989389896392822,
  "0x2f72": 3.397555112838745,
  "0x2f73": 1.0019553899765015,
  "0x3c48": 5.6034650802612305,
  "0x3c49": 3.800745964050293,
  "0x47b0": 7.436679840087891,
  "0x47b1": 2.8879308700561523,
  "0x5228": 8.804140090942383,
  "0x5229": 2.283400297164917,
  "0x5ab6": 4.615440845489502,
  "0x5ab7": 0.9909091591835022,
  "0x6254": 2.9757444858551025,
  "0x6255": 0.7137554287910461,
  "0x6808": 3.019794464111328,
  "0x6809": 0.6458531618118286,
  "0x6cca": 0.0062491390854120255,
  "0x6ccb": 2.2946248054504395,
  "0x7240": 10.03602409362793,
  "0x7241": 3.7935729026794434,
  "0x76c4": 11.002917289733887,
  "0x76c5": 1.7989389896392822,
  "0x2f74": 3.397555112838745,
  "0x2f75": 1.0019553899765015,
  "0x3c4a": 5.6034650802612305,
  "0x3c4b": 3.800745964050293,
  "0x47b2": 7.436679840087891,
  "0x47b3": 2.8879308700561523,
  "0x522a": 8.804140090942383,
  "0x522b": 2.283400297164917,
  "0x5ab8": 4.615440845489502,
  "0x5ab9": 0.9909091591835022,
  "0x6256": 2.9757444858551025,
  "0x6257": 0.7137554287910461,
  "0x680a": 3.019794464111328,
  "0x680b": 0.6458531618118286,
  "0x6ccc": 0.0062491390854120255,
  "0x6ccd": 2.2946248054504395,
  "0x7242": 10.03602409362793,
  "0x7243": 3.7935729026794434,
  "0x76c6": 11.002917289733887,
  "0x76c7": 1.7989389896392822,
  "0x2f76": 3.397555112838745,
  "0x2f77": 1.0019553899765015,
  "0x3c4c": 5.6034650802612305,
  "0x3c4d": 3.800745964050293,
  "0x47b4": 7.436679840087891,
  "0x47b5": 2.8879308700561523,
  "0x522c": 8.804140090942383,
  "0x522d": 2.283400297164917,
  "0x5aba": 4.615440845489502,
  "0x5abb": 0.9909091591835022,
  "0x6258": 2.9757444858551025,
  "0x6259": 0.7137554287910461,
  "0x680c": 3.019794464111328,
  "0x680d": 0.6458531618118286,
  "0x6cce": 0.0062491390854120255,
  "0x6ccf": 2.2946248054504395,
  "0x7244": 10.03602409362793,
  "0x7245": 3.7935729026794434,
  "0x76c8": 11.002917289733887,
  "0x76c9": 1.7989389896392822,
  "0x2f78": 3.397555112838745,
  "0x2f79": 1.0019553899765015,
  "0x3c4e": 5.6034650802612305,
  "0x3c4f": 3.800745964050293,
  "0x47b6": 7.436679840087891,
  "0x47b7": 2.8879308700561523,
  "0x522e": 8.804140090942383,
  "0x522f": 2.283400297164917,
  "0x5abc": 4.615440845489502,
  "0x5abd": 0.9909091591835022,
  "0x625a": 2.9757444858551025,
  "0x625b": 0.7137554287910461,
  "0x680e": 3.019794464111328,
  "0x680f": 0.6458531618118286,
  "0x6cd0": 0.0062491390854120255,
  "0x6cd1": 2.2946248054504395,
  "0x7246": 10.03602409362793,
  "0x7247": 3.7935729026794434,
  "0x76ca": 11.002917289733887,
  "0x76cb": 1.7989389896392822,
  "0x2f7a": 3.397555112838745,
  "0x2f7b": 1.0019553899765015,
  "0x3c50": 5.6034650802612305,
  "0x3c51": 3.800745964050293,
  "0x47b8": 7.436679840087891,
  "0x47b9": 2.8879308700561523,
  "0x5230": 8.804140090942383,
  "0x5231": 2.283400297164917,
  "0x5abe": 4.615440845489502,
  "0x5abf": 0.9909091591835022,
  "0x625c": 2.9757444858551025,
  "0x625d": 0.7137554287910461,
  "0x6810": 3.019794464111328,
  "0x6811": 0.6458531618118286,
  "0x6cd2": 0.0062491390854120255,
  "0x6cd3": 2.2946248054504395,
  "0x7248": 10.03602409362793,
  "0x7249": 3.7935729026794434,
  "0x76cc": 11.002917289733887,
  "0x76cd": 1.7989389896392822
}