{
  "0x2f1a": 4.6,
  "0x2f1b": 1.7000000000000002,
  "0x3bf0": 8.7,
  "0x3bf1": 2.3,
  "0x4758": 8.0,
  "0x4759": 3.0,
  "0x51d0": 8.1,
  "0x51d1": 3.2,
  "0x5a5e": 1.5999999999999996,
  "0x5a5f": 3.0,
  "0x61fc": 2.7,
  "0x61fd": 1.5,
  "0x67b0": 3.3,
  "0x67b1": 2.8,
  "0x71e8": 4.4,
  "0x71e9": 2.4000000000000004,
  "0x2f1c": 6.1,
  "0x2f1d": 1.9,
  "0x3bf2": 6.0,
  "0x3bf3": 3.6,
  "0x475a": 5.9,
  "0x475b": 3.7,
  "0x51d2": 5.1,
  "0x51d3": 2.9000000000000004,
  "0x5a60": 5.5,
  "0x5a61": 2.5,
  "0x61fe": 7.1,
  "0x61ff": 1.5,
  "0x67b2": 5.1,
  "0x67b3": 3.0,
  "0x71ea": 6.699999999999998,
  "0x71eb": 3.2,
  "0x2f1e": 6.0,
  "0x2f1f": 3.8,
  "0x3bf4": 9.6,
  "0x3bf5": 2.9000000000000004,
  "0x475c": 9.5,
  "0x475d": 2.9000000000000004,
  "0x51d4": 6.0,
  "0x51d5": 2.5,
  "0x5a62": 5.7,
  "0x5a63": 3.4000000000000004,
  "0x6200": 2.7,
  "0x6201": 2.7,
  "0x67b4": 5.1,
  "0x67b5": 2.1,
  "0x71ec": 8.9,
  "0x71ed": 2.8,
  "0x2f20": 9.8,
  "0x2f21": 2.8,
  "0x3bf6": 10.6,
  "0x3bf7": 4.0,
  "0x475e": 8.6,
  "0x475f": 4.3,
  "0x51d6": 6.6,
  "0x51d7": 2.8,
  "0x5a64": 6.300000000000002,
  "0x5a65": 2.8,
  "0x6202": 5.0,
  "0x6203": 2.5,
  "0x67b6": 3.9,
  "0x67b7": 2.4,
  "0x71ee": 9.1,
  "0x71ef": 3.1,
  "0x2f22": 7.5,
  "0x2f23": 2.8,
  "0x3bf8": 10.4,
  "0x3bf9": 4.4,
  "0x4760": 10.8,
  "0x4761": 3.6,
  "0x51d8": 10.6,
  "0x51d9": 3.2,
  "0x5a66": 8.4,
  "0x5a67": 2.9,
  "0x6204": 5.199999999999998,
  "0x6205": 3.0,
  "0x67b8": 4.5,
  "0x67b9": 2.7,
  "0x71f0": 10.1,
  "0x71f1": 4.2,
  "0x2f24": 3.5,
  "0x2f25": 1.6,
  "0x3bfa": 8.3,
  "0x3bfb": 2.2,
  "0x4762": 7.4,
  "0x4763": 3.0,
  "0x51da": 7.6,
  "0x51db": 3.5,
  "0x5a68": 4.4,
  "0x5a69": 2.1,
  "0x6206": 3.8,
  "0x6207": 0.7000000000000002,
  "0x67ba": 2.3,
  "0x67bb": 2.5,
  "0x6c7c": 8.7,
  "0x6c7d": 3.4000000000000004,
  "0x71f2": 6.199999999999998,
  "0x71f3": 3.0,
  "0x2f26": 4.9,
  "0x2f27": 2.7,
  "0x3bfc": 8.1,
  "0x3bfd": 3.7,
  "0x4764": 6.199999999999998,
  "0x4765": 2.7,
  "0x51dc": 6.5,
  "0x51dd": 3.4000000000000004,
  "0x5a6a": 5.1,
  "0x5a6b": 1.4,
  "0x6208": 4.5,
  "0x6209": 2.2,
  "0x67bc": 4.199999999999998,
  "0x67bd": 1.2000000000000002,
  "0x6c7e": 8.9,
  "0x6c7f": 3.7,
  "0x71f4": 6.6,
  "0x71f5": 3.5
}