{
  "0x2f1a": 5.299465656280518,
  "0x2f1b": 1.8001123666763306,
  "0x3bf0": 7.0002665519714355,
  "0x3bf1": 2.904218912124634,
  "0x4758": 9.489323616027832,
  "0x4759": 2.0073318481445312,
  "0x51d0": 8.598116874694824,
  "0x51d1": 2.801826238632202,
  "0x5a5e": 4.0935187339782715,
  "0x5a5f": 2.604860544204712,
  "0x61fc": 2.715827465057373,
  "0x61fd": 2.8898439407348633,
  "0x67b0": 4.494232654571533,
  "0x67b1": 1.6700680255889893,
  "0x71e8": 5.407534599304199,
  "0x71e9": 3.0933382511138916,
  "0x2f1c": 5.299465656280518,
  "0x2f1d": 1.8001123666763306,
  "0x3bf2": 7.0002665519714355,
  "0x3bf3": 2.904218912124634,
  "0x475a": 9.489323616027832,
  "0x475b": 2.0073318481445312,
  "0x51d2": 8.48431396484375,
  "0x51d3": 2.387143611907959,
  "0x5a60": 4.12328577041626,
  "0x5a61": 2.5754151344299316,
  "0x61fe": 2.9959070682525635,
  "0x61ff": 2.7264463901519775,
  "0x67b2": 4.494232654571533,
  "0x67b3": 1.6700680255889893,
  "0x71ea": 5.407534599304199,
  "0x71eb": 3.0933382511138916,
  "0x2f1e": 5.299465656280518,
  "0x2f1f": 1.8001123666763306,
  "0x3bf4": 7.0002665519714355,
  "0x3bf5": 2.904218912124634,
  "0x475c": 9.489323616027832,
  "0x475d": 2.0073318481445312,
  "0x51d4": 8.48431396484375,
  "0x51d5": 2.387143611907959,
  "0x5a62": 4.12328577041626,
  "0x5a63": 2.5754151344299316,
  "0x6200": 2.9959070682525635,
  "0x6201": 2.7264463901519775,
  "0x67b4": 4.494232654571533,
  "0x67b5": 1.6700680255889893,
  "0x71ec": 5.407534599304199,
  "0x71ed": 3.0933382511138916,
  "0x2f20": 5.292553901672363,
  "0x2f21": 1.7555309534072876,
  "0x3bf6": 7.0002665519714355,
  "0x3bf7": 2.904218912124634,
  "0x475e": 9.489323616027832,
  "0x475f": 2.0073318481445312,
  "0x51d6": 8.428210258483887,
  "0x51d7": 2.331634044647217,
  "0x5a64": 4.12328577041626,
  "0x5a65": 2.5754151344299316,
  "0x6202": 2.9959070682525635,
  "0x6203": 2.7264463901519775,
  "0x67b6": 4.494232654571533,
  "0x67b7": 1.6700680255889893,
  "0x71ee": 5.407534599304199,
  "0x71ef": 3.0933382511138916,
  "0x2f22": 5.296286106109619,
  "0x2f23": 1.7571097612380981,
  "0x3bf8": 7.0002665519714355,
  "0x3bf9": 2.904218912124634,
  "0x4760": 9.489323616027832,
  "0x4761": 2.0073318481445312,
  "0x51d8": 8.70652961730957,
  "0x51d9": 2.34395694732666,
  "0x5a66": 4.133806228637695,
  "0x5a67": 2.6077728271484375,
  "0x6204": 3.006427764892578,
  "0x6205": 2.758803606033325,
  "0x67b8": 4.494232654571533,
  "0x67b9": 1.6700680255889893,
  "0x71f0": 5.407534599304199,
  "0x71f1": 3.0933382511138916,
  "0x2f24": 5.27543306350708,
  "0x2f25": 1.7762683629989624,
  "0x3bfa": 7.0002665519714355,
  "0x3bfb": 2.904218912124634,
  "0x4762": 9.443388938903809,
  "0x4763": 2.002072334289551,
  "0x51da": 8.70652961730957,
  "0x51db": 2.34395694732666,
  "0x5a68": 4.133806228637695,
  "0x5a69": 2.6077728271484375,
  "0x6206": 3.006427764892578,
  "0x6207": 2.758803606033325,
  "0x67ba": 4.494232654571533,
  "0x67bb": 1.6700680255889893,
  "0x6c7c": 3.3043735027313232,
  "0x6c7d": 1.4720467329025269,
  "0x71f2": 5.407534599304199,
  "0x71f3": 3.0933382511138916,
  "0x2f26": 5.27543306350708,
  "0x2f27": 1.7762683629989624,
  "0x3bfc": 7.0002665519714355,
  "0x3bfd": 2.904218912124634,
  "0x4764": 9.443388938903809,
  "0x4765": 2.002072334289551,
  "0x51dc": 8.70652961730957,
  "0x51dd": 2.34395694732666,
  "0x5a6a": 4.022114276885986,
  "0x5a6b": 2.619236469268799,
  "0x6208": 2.9030237197875977,
  "0x6209": 2.7633273601531982,
  "0x67bc": 4.494232654571533,
  "0x67bd": 1.6700680255889893,
  "0x6c7e": 3.27597975730896,
  "0x6c7f": 1.4497570991516113,
  "0x71f4": 5.407534599304199,
  "0x71f5": 3.0933382511138916
}