{
  "0x2bcc": 8.08494758605957,
  "0x2bcd": 3.286679983139038,
  "0x38a2": 10.87653923034668,
  "0x38a3": 4.340940475463867,
  "0x440a": 9.736894607543945,
  "0x440b": 4.267685413360596,
  "0x4e82": 9.764583587646484,
  "0x4e83": 4.092253684997559,
  "0x5710": 9.808452606201172,
  "0x5711": 4.269392490386963,
  "0x2bce": 6.676074504852295,
  "0x2bcf": 2.8134849071502686,
  "0x38a4": 8.867233276367188,
  "0x38a5": 3.7690203189849854,
  "0x440c": 8.208224296569824,
  "0x440d": 3.507045030593872,
  "0x4e84": 8.03588581085205,
  "0x4e85": 3.3624305725097656,
  "0x5712": 8.301187515258789,
  "0x5713": 3.2994046211242676,
  "0x2bd0": 7.489851474761963,
  "0x2bd1": 3.114978075027466,
  "0x38a6": 9.396698951721191,
  "0x38a7": 3.8262624740600586,
  "0x440e": 8.779714584350586,
  "0x440f": 3.6976988315582275,
  "0x4e86": 8.617180824279785,
  "0x4e87": 3.553084373474121,
  "0x5714": 8.88248348236084,
  "0x5715": 3.4026365280151367
}