{
  "0x2cc0": 8.80120849609375,
  "0x2cc1": 4.098794937133789,
  "0x3996": 12.199488639831543,
  "0x3997": 4.50069522857666,
  "0x44fe": 11.39742660522461,
  "0x44ff": 4.403141021728516,
  "0x4f76": 11.39680004119873,
  "0x4f77": 3.5015881061553955,
  "0x5804": 7.254136562347412,
  "0x5805": 4.4492621421813965,
  "0x5fa2": 8.596874237060547,
  "0x5fa3": 3.4030938148498535,
  "0x2cc2": 8.80120849609375,
  "0x2cc3": 4.098794937133789,
  "0x3998": 12.199488639831543,
  "0x3999": 4.50069522857666,
  "0x4500": 11.39742660522461,
  "0x4501": 4.403141021728516,
  "0x4f78": 11.39680004119873,
  "0x4f79": 3.5015881061553955,
  "0x5806": 7.254136562347412,
  "0x5807": 4.4492621421813965,
  "0x5fa4": 8.596874237060547,
  "0x5fa5": 3.4030938148498535,
  "0x2cc4": 8.80120849609375,
  "0x2cc5": 4.098794937133789,
  "0x399a": 12.199488639831543,
  "0x399b": 4.50069522857666,
  "0x4502": 11.39742660522461,
  "0x4503": 4.403141021728516,
  "0x4f7a": 11.39680004119873,
  "0x4f7b": 3.5015881061553955,
  "0x5808": 7.254136562347412,
  "0x5809": 4.4492621421813965,
  "0x5fa6": 8.596874237060547,
  "0x5fa7": 3.4030938148498535,
  "0x2cc6": 8.80120849609375,
  "0x2cc7": 4.098794937133789,
  "0x399c": 12.199488639831543,
  "0x399d": 4.50069522857666,
  "0x4504": 11.39742660522461,
  "0x4505": 4.403141021728516,
  "0x4f7c": 11.39680004119873,
  "0x4f7d": 3.5015881061553955,
  "0x580a": 7.254136562347412,
  "0x580b": 4.4492621421813965,
  "0x5fa8": 8.596874237060547,
  "0x5fa9": 3.4030938148498535,
  "0x2cc8": 8.80120849609375,
  "0x2cc9": 4.098794937133789,
  "0x399e": 12.199488639831543,
  "0x399f": 4.50069522857666,
  "0x4506": 11.39742660522461,
  "0x4507": 4.403141021728516,
  "0x4f7e": 11.39680004119873,
  "0x4f7f": 3.5015881061553955,
  "0x580c": 7.254136562347412,
  "0x580d": 4.4492621421813965,
  "0x5faa": 8.596874237060547,
  "0x5fab": 3.4030938148498535,
  "0x2cca": 8.80120849609375,
  "0x2ccb": 4.098794937133789,
  "0x39a0": 12.199488639831543,
  "0x39a1": 4.50069522857666,
  "0x4508": 11.39742660522461,
  "0x4509": 4.403141021728516,
  "0x4f80": 11.39680004119873,
  "0x4f81": 3.5015881061553955,
  "0x580e": 7.254136562347412,
  "0x580f": 4.4492621421813965,
  "0x5fac": 8.596874237060547,
  "0x5fad": 3.4030938148498535,
  "0x2ccc": 8.80120849609375,
  "0x2ccd": 4.098794937133789,
  "0x39a2": 12.199488639831543,
  "0x39a3": 4.50069522857666,
  "0x450a": 11.39742660522461,
  "0x450b": 4.403141021728516,
  "0x4f82": 11.39680004119873,
  "0x4f83": 3.5015881061553955,
  "0x5810": 7.254136562347412,
  "0x5811": 4.4492621421813965,
  "0x5fae": 8.596874237060547,
  "0x5faf": 3.4030938148498535
}