{
  "0x2cce": 10.897170066833496,
  "0x2ccf": 4.20275354385376,
  "0x39a4": 12.90207290649414,
  "0x39a5": 6.299256801605225,
  "0x450c": 10.699095726013184,
  "0x450d": 5.49933385848999,
  "0x4f84": 9.909043312072754,
  "0x4f85": 4.792137622833252,
  "0x5812": 8.166275024414062,
  "0x5813": 3.6258559226989746,
  "0x5fb0": 7.699904918670654,
  "0x5fb1": 3.2015750408172607,
  "0x2cd0": 10.897170066833496,
  "0x2cd1": 4.20275354385376,
  "0x39a6": 12.90207290649414,
  "0x39a7": 6.299256801605225,
  "0x450e": 10.699095726013184,
  "0x450f": 5.49933385848999,
  "0x4f86": 9.909043312072754,
  "0x4f87": 4.792137622833252,
  "0x5814": 8.166275024414062,
  "0x5815": 3.6258559226989746,
  "0x5fb2": 7.699904918670654,
  "0x5fb3": 3.2015750408172607,
  "0x2cd2": 10.897170066833496,
  "0x2cd3": 4.20275354385376,
  "0x39a8": 12.90207290649414,
  "0x39a9": 6.299256801605225,
  "0x4510": 10.699095726013184,
  "0x4511": 5.49933385848999,
  "0x4f88": 9.909043312072754,
  "0x4f89": 4.792137622833252,
  "0x5816": 8.166275024414062,
  "0x5817": 3.6258559226989746,
  "0x5fb4": 7.699904918670654,
  "0x5fb5": 3.2015750408172607,
  "0x2cd4": 10.897170066833496,
  "0x2cd5": 4.20275354385376,
  "0x39aa": 12.90207290649414,
  "0x39ab": 6.299256801605225,
  "0x4512": 10.699095726013184,
  "0x4513": 5.49933385848999,
  "0x4f8a": 9.909043312072754,
  "0x4f8b": 4.792137622833252,
  "0x5818": 8.166275024414062,
  "0x5819": 3.6258559226989746,
  "0x5fb6": 7.699904918670654,
  "0x5fb7": 3.2015750408172607,
  "0x2cd6": 10.897170066833496,
  "0x2cd7": 4.20275354385376,
  "0x39ac": 12.90207290649414,
  "0x39ad": 6.299256801605225,
  "0x4514": 10.699095726013184,
  "0x4515": 5.49933385848999,
  "0x4f8c": 9.909043312072754,
  "0x4f8d": 4.792137622833252,
  "0x581a": 8.166275024414062,
  "0x581b": 3.6258559226989746,
  "0x5fb8": 7.699904918670654,
  "0x5fb9": 3.2015750408172607,
  "0x2cd8": 10.897170066833496,
  "0x2cd9": 4.20275354385376,
  "0x39ae": 12.90207290649414,
  "0x39af": 6.299256801605225,
  "0x4516": 10.699095726013184,
  "0x4517": 5.49933385848999,
  "0x4f8e": 9.909043312072754,
  "0x4f8f": 4.792137622833252,
  "0x581c": 8.166275024414062,
  "0x581d": 3.6258559226989746,
  "0x5fba": 7.699904918670654,
  "0x5fbb": 3.2015750408172607,
  "0x2cda": 10.897170066833496,
  "0x2cdb": 4.20275354385376,
  "0x39b0": 12.90207290649414,
  "0x39b1": 6.299256801605225,
  "0x4518": 10.699095726013184,
  "0x4519": 5.49933385848999,
  "0x4f90": 9.909043312072754,
  "0x4f91": 4.792137622833252,
  "0x581e": 8.166275024414062,
  "0x581f": 3.6258559226989746,
  "0x5fbc": 7.699904918670654,
  "0x5fbd": 3.2015750408172607
}