{
  "0x2f6e": 3.3996994495391846,
  "0x2f6f": 1.0007011890411377,
  "0x3c44": 5.602018356323242,
  "0x3c45": 3.7986037731170654,
  "0x47ac": 9.631335258483887,
  "0x47ad": 2.9257731437683105,
  "0x5224": 8.491057395935059,
  "0x5225": 2.2422122955322266,
  "0x5ab2": 4.605348587036133,
  "0x5ab3": 0.9948437213897705,
  "0x6250": 2.9880406856536865,
  "0x6251": 0.7121590971946716,
  "0x6804": 0.79795241355896,
  "0x6805": 1.6808940172195435,
  "0x6cc6": 9.022744178771973,
  "0x6cc7": 3.091071605682373,
  "0x723c": 10.886194229125977,
  "0x723d": 2.1708078384399414,
  "0x76c0": 7.448116779327393,
  "0x76c1": 1.6798605918884277,
  "0x2f70": 3.3996994495391846,
  "0x2f71": 1.0007011890411377,
  "0x3c46": 5.602018356323242,
  "0x3c47": 3.7986037731170654,
  "0x47ae": 9.63315486907959,
  "0x47af": 2.903398275375366,
  "0x5226": 8.491057395935059,
  "0x5227": 2.2422122955322266,
  "0x5ab4": 4.605348587036133,
  "0x5ab5": 0.9948437213897705,
  "0x6252": 2.9880406856536865,
  "0x6253": 0.7121590971946716,
  "0x6806": 0.2662559449672699,
  "0x6807": 1.6816976070404053,
  "0x6cc8": 9.022744178771973,
  "0x6cc9": 3.091071605682373,
  "0x723e": 10.886194229125977,
  "0x723f": 2.1708078384399414,
  "0x76c2": 7.448116779327393,
  "0x76c3": 1.6798605918884277,
  "0x2f72": 3.3996994495391846,
  "0x2f73": 1.0007011890411377,
  "0x3c48": 5.602018356323242,
  "0x3c49": 3.7986037731170654,
  "0x47b0": 9.63315486907959,
  "0x47b1": 2.903398275375366,
  "0x5228": 8.468849182128906,
  "0x5229": 2.2422122955322266,
  "0x5ab6": 4.605348587036133,
  "0x5ab7": 0.9948437213897705,
  "0x6254": 2.9880406856536865,
  "0x6255": 0.7121590971946716,
  "0x6808": 0.2662559449672699,
  "0x6809": 1.6816976070404053,
  "0x6cca": 9.022744178771973,
  "0x6ccb": 3.091071605682373,
  "0x7240": 10.886194229125977,
  "0x7241": 2.1708078384399414,
  "0x76c4": 7.448116779327393,
  "0x76c5": 1.6798605918884277,
  "0x2f74": 3.3996994495391846,
  "0x2f75": 1.0007011890411377,
  "0x3c4a": 5.602018356323242,
  "0x3c4b": 3.7986037731170654,
  "0x47b2": 9.63315486907959,
  "0x47b3": 2.903398275375366,
  "0x522a": 8.44664192199707,
  "0x522b": 2.263798475265503,
  "0x5ab8": 4.605348587036133,
  "0x5ab9": 0.9948437213897705,
  "0x6256": 2.9880406856536865,
  "0x6257": 0.7121590971946716,
  "0x680a": 0.2662559449672699,
  "0x680b": 1.6816976070404053,
  "0x6ccc": 9.022744178771973,
  "0x6ccd": 3.091071605682373,
  "0x7242": 10.886194229125977,
  "0x7243": 2.1708078384399414,
  "0x76c6": 7.448116779327393,
  "0x76c7": 1.6798605918884277,
  "0x2f76": 3.3996994495391846,
  "0x2f77": 1.0007011890411377,
  "0x3c4c": 5.602018356323242,
  "0x3c4d": 3.7986037731170654,
  "0x47b4": 9.63315486907959,
  "0x47b5": 2.903398275375366,
  "0x522c": 8.472691535949707,
  "0x522d": 2.2671401500701904,
  "0x5aba": 4.605348587036133,
  "0x5abb": 0.9948437213897705,
  "0x6258": 2.9880406856536865,
  "0x6259": 0.7121590971946716,
  "0x680c": 0.2662559449672699,
  "0x680d": 1.6816976070404053,
  "0x6cce": 9.022744178771973,
  "0x6ccf": 3.091071605682373,
  "0x7244": 10.886194229125977,
  "0x7245": 2.1708078384399414,
  "0x76c8": 7.448116779327393,
  "0x76c9": 1.6798605918884277,
  "0x2f78": 3.3996994495391846,
  "0x2f79": 1.0007011890411377,
  "0x3c4e": 5.602018356323242,
  "0x3c4f": 3.7986037731170654,
  "0x47b6": 9.63315486907959,
  "0x47b7": 2.903398275375366,
  "0x522e": 8.472691535949707,
  "0x522f": 2.2671401500701904,
  "0x5abc": 4.605348587036133,
  "0x5abd": 0.9948437213897705,
  "0x625a": 2.9880406856536865,
  "0x625b": 0.7121590971946716,
  "0x680e": 0.2662559449672699,
  "0x680f": 1.6816976070404053,
  "0x6cd0": 9.022744178771973,
  "0x6cd1": 3.091071605682373,
  "0x7246": 10.886194229125977,
  "0x7247": 2.1708078384399414,
  "0x76ca": 7.448116779327393,
  "0x76cb": 1.6798605918884277,
  "0x2f7a": 3.3996994495391846,
  "0x2f7b": 1.0007011890411377,
  "0x3c50": 5.602018356323242,
  "0x3c51": 3.7986037731170654,
  "0x47b8": 9.63315486907959,
  "0x47b9": 2.903398275375366,
  "0x5230": 8.402219772338867,
  "0x5231": 2.301898717880249,
  "0x5abe": 4.605348587036133,
  "0x5abf": 0.9948437213897705,
  "0x625c": 2.9822959899902344,
  "0x625d": 0.7255174517631531,
  "0x6810": 0.2662559449672699,
  "0x6811": 1.6816976070404053,
  "0x6cd2": 9.022744178771973,
  "0x6cd3": 3.091071605682373,
  "0x7248": 10.886194229125977,
  "0x7249": 2.1708078384399414,
  "0x76cc": 7.448116779327393,
  "0x76cd": 1.6798605918884277
}