{
  "0x2c50": 7.826186656951904,
  "0x2c51": 4.19457483291626,
  "0x3926": 13.098464012145996,
  "0x3927": 4.417815685272217,
  "0x448e": 9.394143104553223,
  "0x448f": 4.831847667694092,
  "0x4f06": 9.584345817565918,
  "0x4f07": 3.7692975997924805,
  "0x5794": 7.766715049743652,
  "0x5795": 3.354518413543701,
  "0x5f32": 7.827763557434082,
  "0x5f33": 4.373176097869873,
  "0x2c52": 7.900665283203125,
  "0x2c53": 4.299609184265137,
  "0x3928": 13.098618507385254,
  "0x3929": 4.39987325668335,
  "0x4490": 9.509218215942383,
  "0x4491": 4.896388530731201,
  "0x4f08": 9.705985069274902,
  "0x4f09": 3.8192429542541504,
  "0x5796": 7.813876152038574,
  "0x5797": 3.4128475189208984,
  "0x5f34": 7.899449348449707,
  "0x5f35": 4.255950927734375,
  "0x2c54": 7.900665283203125,
  "0x2c55": 4.299609184265137,
  "0x392a": 13.098618507385254,
  "0x392b": 4.39987325668335,
  "0x4492": 9.509218215942383,
  "0x4493": 4.896388530731201,
  "0x4f0a": 9.705985069274902,
  "0x4f0b": 3.8192429542541504,
  "0x5798": 7.813876152038574,
  "0x5799": 3.4128475189208984,
  "0x5f36": 7.899449348449707,
  "0x5f37": 4.255950927734375,
  "0x2c56": 7.900665283203125,
  "0x2c57": 4.299609184265137,
  "0x392c": 13.098618507385254,
  "0x392d": 4.39987325668335,
  "0x4494": 9.508535385131836,
  "0x4495": 4.896388530731201,
  "0x4f0c": 9.703699111938477,
  "0x4f0d": 3.8267619609832764,
  "0x579a": 7.811590194702148,
  "0x579b": 3.4203665256500244,
  "0x5f38": 7.900559902191162,
  "0x5f39": 4.265265941619873,
  "0x2c58": 7.900665283203125,
  "0x2c59": 4.299609184265137,
  "0x392e": 13.098618507385254,
  "0x392f": 4.39987325668335,
  "0x4496": 9.601705551147461,
  "0x4497": 4.896388530731201,
  "0x4f0e": 9.796869277954102,
  "0x4f0f": 3.8052103519439697,
  "0x579c": 7.898331642150879,
  "0x579d": 3.4029462337493896,
  "0x5f3a": 7.941539287567139,
  "0x5f3b": 4.247845649719238,
  "0x2c5a": 7.900665283203125,
  "0x2c5b": 4.299609184265137,
  "0x3930": 13.098618507385254,
  "0x3931": 4.39987325668335,
  "0x4498": 9.601705551147461,
  "0x4499": 4.896388530731201,
  "0x4f10": 9.796869277954102,
  "0x4f11": 3.8052103519439697,
  "0x579e": 7.898331642150879,
  "0x579f": 3.4029462337493896,
  "0x5f3c": 7.941539287567139,
  "0x5f3d": 4.247845649719238,
  "0x2c5c": 7.900665283203125,
  "0x2c5d": 4.299609184265137,
  "0x3932": 13.098618507385254,
  "0x3933": 4.39987325668335,
  "0x449a": 9.601705551147461,
  "0x449b": 4.896388530731201,
  "0x4f12": 9.796869277954102,
  "0x4f13": 3.8052103519439697,
  "0x57a0": 7.898331642150879,
  "0x57a1": 3.4029462337493896,
  "0x5f3e": 7.941539287567139,
  "0x5f3f": 4.247845649719238
}