{
  "0x2d14": 8.99960994720459,
  "0x2d15": 3.4007184505462646,
  "0x39ea": 11.099790573120117,
  "0x39eb": 5.299777507781982,
  "0x4552": 11.298297882080078,
  "0x4553": 5.200263977050781,
  "0x4fca": 8.505309104919434,
  "0x4fcb": 4.395033359527588,
  "0x5858": 7.802783966064453,
  "0x5859": 3.5000946521759033,
  "0x5ff6": 7.295866012573242,
  "0x5ff7": 3.805255174636841,
  "0x2d16": 8.99960994720459,
  "0x2d17": 3.4007184505462646,
  "0x39ec": 11.099790573120117,
  "0x39ed": 5.299777507781982,
  "0x4554": 11.298297882080078,
  "0x4555": 5.200263977050781,
  "0x4fcc": 8.505309104919434,
  "0x4fcd": 4.395033359527588,
  "0x585a": 7.802783966064453,
  "0x585b": 3.5000946521759033,
  "0x5ff8": 7.295866012573242,
  "0x5ff9": 3.805255174636841,
  "0x2d18": 8.99960994720459,
  "0x2d19": 3.4007184505462646,
  "0x39ee": 11.099790573120117,
  "0x39ef": 5.299777507781982,
  "0x4556": 11.298297882080078,
  "0x4557": 5.200263977050781,
  "0x4fce": 8.505309104919434,
  "0x4fcf": 4.395033359527588,
  "0x585c": 7.802783966064453,
  "0x585d": 3.5000946521759033,
  "0x5ffa": 7.295866012573242,
  "0x5ffb": 3.805255174636841,
  "0x2d1a": 8.99960994720459,
  "0x2d1b": 3.4007184505462646,
  "0x39f0": 11.099790573120117,
  "0x39f1": 5.299777507781982,
  "0x4558": 11.298297882080078,
  "0x4559": 5.200263977050781,
  "0x4fd0": 8.505309104919434,
  "0x4fd1": 4.395033359527588,
  "0x585e": 7.802783966064453,
  "0x585f": 3.5000946521759033,
  "0x5ffc": 7.295866012573242,
  "0x5ffd": 3.805255174636841,
  "0x2d1c": 8.99960994720459,
  "0x2d1d": 3.4007184505462646,
  "0x39f2": 11.099790573120117,
  "0x39f3": 5.299777507781982,
  "0x455a": 11.298297882080078,
  "0x455b": 5.200263977050781,
  "0x4fd2": 8.505309104919434,
  "0x4fd3": 4.395033359527588,
  "0x5860": 7.802783966064453,
  "0x5861": 3.5000946521759033,
  "0x5ffe": 7.295866012573242,
  "0x5fff": 3.805255174636841,
  "0x2d1e": 8.99960994720459,
  "0x2d1f": 3.4007184505462646,
  "0x39f4": 11.099790573120117,
  "0x39f5": 5.299777507781982,
  "0x455c": 11.298297882080078,
  "0x455d": 5.200263977050781,
  "0x4fd4": 8.505309104919434,
  "0x4fd5": 4.395033359527588,
  "0x5862": 7.802783966064453,
  "0x5863": 3.5000946521759033,
  "0x6000": 7.295866012573242,
  "0x6001": 3.805255174636841,
  "0x2d20": 8.99960994720459,
  "0x2d21": 3.4007184505462646,
  "0x39f6": 11.099790573120117,
  "0x39f7": 5.299777507781982,
  "0x455e": 11.298297882080078,
  "0x455f": 5.200263977050781,
  "0x4fd6": 8.505309104919434,
  "0x4fd7": 4.395033359527588,
  "0x5864": 7.802783966064453,
  "0x5865": 3.5000946521759033,
  "0x6002": 7.295866012573242,
  "0x6003": 3.805255174636841
}