{
  "0x2e72": 6.294054985046387,
  "0x2e73": 3.3506202697753906,
  "0x3b48": 9.898704528808594,
  "0x3b49": 3.7865238189697266,
  "0x46b0": 8.795502662658691,
  "0x46b1": 4.187109470367432,
  "0x5128": 7.175990581512451,
  "0x5129": 3.3820128440856934,
  "0x59b6": 4.201714515686035,
  "0x59b7": 3.1833691596984863,
  "0x6154": 5.795557975769043,
  "0x6155": 2.980048894882202,
  "0x6708": 5.300745010375977,
  "0x6709": 2.833258628845215,
  "0x7140": 8.604935646057129,
  "0x7141": 3.647587776184082,
  "0x2e74": 6.499768257141113,
  "0x2e75": 3.4002773761749268,
  "0x3b4a": 9.899709701538086,
  "0x3b4b": 3.8006834983825684,
  "0x46b2": 8.804142951965332,
  "0x46b3": 4.196576118469238,
  "0x512a": 7.397676467895508,
  "0x512b": 3.5023837089538574,
  "0x59b8": 4.199712753295898,
  "0x59b9": 3.300718307495117,
  "0x6156": 6.000787258148193,
  "0x6157": 3.0989162921905518,
  "0x670a": 5.690289497375488,
  "0x670b": 3.096111297607422,
  "0x7142": 8.61374568939209,
  "0x7143": 3.647977828979492,
  "0x2e76": 6.499768257141113,
  "0x2e77": 3.3943846225738525,
  "0x3b4c": 9.899709701538086,
  "0x3b4d": 3.819431781768799,
  "0x46b4": 8.78664493560791,
  "0x46b5": 4.195892810821533,
  "0x512c": 7.469339370727539,
  "0x512d": 3.523791790008545,
  "0x59ba": 4.252418041229248,
  "0x59bb": 3.2664875984191895,
  "0x6158": 6.002488613128662,
  "0x6159": 3.128147840499878,
  "0x670c": 5.689866065979004,
  "0x670d": 3.118989944458008,
  "0x7144": 8.60558795928955,
  "0x7145": 3.668703556060791,
  "0x2e78": 6.653454780578613,
  "0x2e79": 3.4127204418182373,
  "0x3b4e": 9.899853706359863,
  "0x3b4f": 3.819431781768799,
  "0x46b6": 8.786788940429688,
  "0x46b7": 4.174849510192871,
  "0x512e": 7.659228801727295,
  "0x512f": 3.455278158187866,
  "0x59bc": 4.277785778045654,
  "0x59bd": 3.212388515472412,
  "0x615a": 6.080954074859619,
  "0x615b": 3.0740489959716797,
  "0x670e": 5.906987190246582,
  "0x670f": 3.0484328269958496,
  "0x7146": 8.58552074432373,
  "0x7147": 3.592949867248535,
  "0x2e7a": 6.652840614318848,
  "0x2e7b": 3.4163098335266113,
  "0x3b50": 9.899853706359863,
  "0x3b51": 3.819431781768799,
  "0x46b8": 8.786174774169922,
  "0x46b9": 4.179999351501465,
  "0x5130": 7.69401216506958,
  "0x5131": 3.462423324584961,
  "0x59be": 4.323094367980957,
  "0x59bf": 3.2092013359069824,
  "0x615c": 6.077094554901123,
  "0x615d": 3.070861577987671,
  "0x6710": 5.947137355804443,
  "0x6711": 3.054018020629883,
  "0x7148": 8.58396053314209,
  "0x7149": 3.5949456691741943,
  "0x2e7c": 6.652840614318848,
  "0x2e7d": 3.4163098335266113,
  "0x3b52": 9.899853706359863,
  "0x3b53": 3.819431781768799,
  "0x46ba": 8.786174774169922,
  "0x46bb": 4.179999351501465,
  "0x5132": 7.69401216506958,
  "0x5133": 3.462423324584961,
  "0x59c0": 4.323094367980957,
  "0x59c1": 3.2092013359069824,
  "0x615e": 6.077094554901123,
  "0x615f": 3.070861577987671,
  "0x6712": 5.947137355804443,
  "0x6713": 3.054018020629883,
  "0x714a": 8.58396053314209,
  "0x714b": 3.5949456691741943,
  "0x2e7e": 6.652840614318848,
  "0x2e7f": 3.4163098335266113,
  "0x3b54": 9.899853706359863,
  "0x3b55": 3.819431781768799,
  "0x46bc": 8.786174774169922,
  "0x46bd": 4.179999351501465,
  "0x5134": 7.69401216506958,
  "0x5135": 3.462423324584961,
  "0x59c2": 4.323094367980957,
  "0x59c3": 3.2092013359069824,
  "0x6160": 6.077094554901123,
  "0x6161": 3.070861577987671,
  "0x6714": 5.947137355804443,
  "0x6715": 3.054018020629883,
  "0x714c": 8.58396053314209,
  "0x714d": 3.5949456691741943
}