{
  "0x2ee2": 6.6012420654296875,
  "0x2ee3": 2.9998159408569336,
  "0x3bb8": 6.397134780883789,
  "0x3bb9": 3.4009337425231934,
  "0x4720": 5.002954006195068,
  "0x4721": 2.099532127380371,
  "0x5198": 8.502594947814941,
  "0x5199": 3.396458148956299,
  "0x5a26": 4.3925557136535645,
  "0x5a27": 1.4045495986938477,
  "0x61c4": 0.8070223331451416,
  "0x61c5": 2.2945806980133057,
  "0x6778": 4.897808074951172,
  "0x6779": 1.205820083618164,
  "0x71b0": 4.00016975402832,
  "0x71b1": 2.198040008544922,
  "0x2ee4": 6.6012420654296875,
  "0x2ee5": 2.9998159408569336,
  "0x3bba": 6.397134780883789,
  "0x3bbb": 3.4009337425231934,
  "0x4722": 5.002954006195068,
  "0x4723": 2.099532127380371,
  "0x519a": 8.502594947814941,
  "0x519b": 3.396458148956299,
  "0x5a28": 4.3925557136535645,
  "0x5a29": 1.4045495986938477,
  "0x61c6": 0.8070223331451416,
  "0x61c7": 2.2945806980133057,
  "0x677a": 4.897808074951172,
  "0x677b": 1.205820083618164,
  "0x71b2": 4.00016975402832,
  "0x71b3": 2.198040008544922,
  "0x2ee6": 6.6012420654296875,
  "0x2ee7": 2.9998159408569336,
  "0x3bbc": 6.397134780883789,
  "0x3bbd": 3.4009337425231934,
  "0x4724": 5.002954006195068,
  "0x4725": 2.099532127380371,
  "0x519c": 8.502594947814941,
  "0x519d": 3.396458148956299,
  "0x5a2a": 4.3925557136535645,
  "0x5a2b": 1.4045495986938477,
  "0x61c8": 0.8070223331451416,
  "0x61c9": 2.2945806980133057,
  "0x677c": 4.897808074951172,
  "0x677d": 1.205820083618164,
  "0x71b4": 4.00016975402832,
  "0x71b5": 2.198040008544922,
  "0x2ee8": 6.6012420654296875,
  "0x2ee9": 2.9998159408569336,
  "0x3bbe": 6.397134780883789,
  "0x3bbf": 3.4009337425231934,
  "0x4726": 5.002954006195068,
  "0x4727": 2.099532127380371,
  "0x519e": 8.502594947814941,
  "0x519f": 3.396458148956299,
  "0x5a2c": 4.3925557136535645,
  "0x5a2d": 1.4045495986938477,
  "0x61ca": 0.8070223331451416,
  "0x61cb": 2.2945806980133057,
  "0x677e": 4.897808074951172,
  "0x677f": 1.205820083618164,
  "0x71b6": 4.00016975402832,
  "0x71b7": 2.198040008544922,
  "0x2eea": 6.6012420654296875,
  "0x2eeb": 2.9998159408569336,
  "0x3bc0": 6.397134780883789,
  "0x3bc1": 3.4009337425231934,
  "0x4728": 5.002954006195068,
  "0x4729": 2.099532127380371,
  "0x51a0": 8.502594947814941,
  "0x51a1": 3.396458148956299,
  "0x5a2e": 4.3925557136535645,
  "0x5a2f": 1.4045495986938477,
  "0x61cc": 0.8070223331451416,
  "0x61cd": 2.2945806980133057,
  "0x6780": 4.897808074951172,
  "0x6781": 1.205820083618164,
  "0x71b8": 4.00016975402832,
  "0x71b9": 2.198040008544922,
  "0x2eec": 6.6012420654296875,
  "0x2eed": 2.9998159408569336,
  "0x3bc2": 6.397134780883789,
  "0x3bc3": 3.4009337425231934,
  "0x472a": 5.002954006195068,
  "0x472b": 2.099532127380371,
  "0x51a2": 8.502594947814941,
  "0x51a3": 3.396458148956299,
  "0x5a30": 4.3925557136535645,
  "0x5a31": 1.4045495986938477,
  "0x61ce": 0.8070223331451416,
  "0x61cf": 2.2945806980133057,
  "0x6782": 4.897808074951172,
  "0x6783": 1.205820083618164,
  "0x71ba": 4.00016975402832,
  "0x71bb": 2.198040008544922,
  "0x2eee": 6.6012420654296875,
  "0x2eef": 2.9998159408569336,
  "0x3bc4": 6.397134780883789,
  "0x3bc5": 3.4009337425231934,
  "0x472c": 5.002954006195068,
  "0x472d": 2.099532127380371,
  "0x51a4": 8.502594947814941,
  "0x51a5": 3.396458148956299,
  "0x5a32": 4.3925557136535645,
  "0x5a33": 1.4045495986938477,
  "0x61d0": 0.8070223331451416,
  "0x61d1": 2.2945806980133057,
  "0x6784": 4.897808074951172,
  "0x6785": 1.205820083618164,
  "0x71bc": 4.00016975402832,
  "0x71bd": 2.198040008544922
}