{
  "0x2e80": 6.000781536102295,
  "0x2e81": 3.2013678550720215,
  "0x3b56": 8.700043678283691,
  "0x3b57": 4.493434906005859,
  "0x46be": 7.003698348999023,
  "0x46bf": 3.6999363899230957,
  "0x5136": 7.367160320281982,
  "0x5137": 3.4922916889190674,
  "0x59c4": 5.901831150054932,
  "0x59c5": 2.6981899738311768,
  "0x6162": 5.901831150054932,
  "0x6163": 2.6981899738311768,
  "0x6716": 6.449891567230225,
  "0x6717": 3.364776372909546,
  "0x714e": 5.405120849609375,
  "0x714f": 2.998504638671875,
  "0x2e82": 6.000781536102295,
  "0x2e83": 3.2013678550720215,
  "0x3b58": 8.700043678283691,
  "0x3b59": 4.493434906005859,
  "0x46c0": 7.003698348999023,
  "0x46c1": 3.6999363899230957,
  "0x5138": 7.367160320281982,
  "0x5139": 3.4922916889190674,
  "0x59c6": 5.901831150054932,
  "0x59c7": 2.6981899738311768,
  "0x6164": 5.901831150054932,
  "0x6165": 2.6981899738311768,
  "0x6718": 6.449891567230225,
  "0x6719": 3.364776372909546,
  "0x7150": 5.405120849609375,
  "0x7151": 2.998504638671875,
  "0x2e84": 6.000781536102295,
  "0x2e85": 3.2013678550720215,
  "0x3b5a": 8.700043678283691,
  "0x3b5b": 4.493434906005859,
  "0x46c2": 7.003698348999023,
  "0x46c3": 3.6999363899230957,
  "0x513a": 7.367160320281982,
  "0x513b": 3.4922916889190674,
  "0x59c8": 5.901831150054932,
  "0x59c9": 2.6981899738311768,
  "0x6166": 5.901831150054932,
  "0x6167": 2.6981899738311768,
  "0x671a": 6.449891567230225,
  "0x671b": 3.364776372909546,
  "0x7152": 5.405120849609375,
  "0x7153": 2.998504638671875,
  "0x2e86": 6.000781536102295,
  "0x2e87": 3.2013678550720215,
  "0x3b5c": 8.700043678283691,
  "0x3b5d": 4.493434906005859,
  "0x46c4": 7.003698348999023,
  "0x46c5": 3.6999363899230957,
  "0x513c": 7.367160320281982,
  "0x513d": 3.4922916889190674,
  "0x59ca": 5.901831150054932,
  "0x59cb": 2.6981899738311768,
  "0x6168": 5.901831150054932,
  "0x6169": 2.6981899738311768,
  "0x671c": 6.449891567230225,
  "0x671d": 3.364776372909546,
  "0x7154": 5.405120849609375,
  "0x7155": 2.998504638671875,
  "0x2e88": 6.000781536102295,
  "0x2e89": 3.2013678550720215,
  "0x3b5e": 8.700043678283691,
  "0x3b5f": 4.493434906005859,
  "0x46c6": 7.003698348999023,
  "0x46c7": 3.6999363899230957,
  "0x513e": 7.367160320281982,
  "0x513f": 3.4922916889190674,
  "0x59cc": 5.901831150054932,
  "0x59cd": 2.6981899738311768,
  "0x616a": 5.901831150054932,
  "0x616b": 2.6981899738311768,
  "0x671e": 6.449891567230225,
  "0x671f": 3.364776372909546,
  "0x7156": 5.405120849609375,
  "0x7157": 2.998504638671875,
  "0x2e8a": 6.000781536102295,
  "0x2e8b": 3.2013678550720215,
  "0x3b60": 8.700043678283691,
  "0x3b61": 4.493434906005859,
  "0x46c8": 7.003698348999023,
  "0x46c9": 3.6999363899230957,
  "0x5140": 7.367160320281982,
  "0x5141": 3.4922916889190674,
  "0x59ce": 5.901831150054932,
  "0x59cf": 2.6981899738311768,
  "0x616c": 5.901831150054932,
  "0x616d": 2.6981899738311768,
  "0x6720": 6.449891567230225,
  "0x6721": 3.364776372909546,
  "0x7158": 5.405120849609375,
  "0x7159": 2.998504638671875,
  "0x2e8c": 6.000781536102295,
  "0x2e8d": 3.2013678550720215,
  "0x3b62": 8.700043678283691,
  "0x3b63": 4.493434906005859,
  "0x46ca": 7.003698348999023,
  "0x46cb": 3.6999363899230957,
  "0x5142": 7.367160320281982,
  "0x5143": 3.4922916889190674,
  "0x59d0": 5.901831150054932,
  "0x59d1": 2.6981899738311768,
  "0x616e": 5.901831150054932,
  "0x616f": 2.6981899738311768,
  "0x6722": 6.449891567230225,
  "0x6723": 3.364776372909546,
  "0x715a": 5.405120849609375,
  "0x715b": 2.998504638671875
}