{
  "0x3008": 3.0033836364746094,
  "0x3009": 3.198849678039551,
  "0x3cde": 11.065132141113281,
  "0x3cdf": 1.230623722076416,
  "0x4846": 6.750675201416016,
  "0x4847": 3.944169282913208,
  "0x52be": 9.671055793762207,
  "0x52bf": 1.5240851640701294,
  "0x5b4c": 5.2179718017578125,
  "0x5b4d": 0.606837809085846,
  "0x62ea": 3.4925572872161865,
  "0x62eb": 1.1533889770507812,
  "0x689e": 5.385430335998535,
  "0x689f": 1.22568941116333,
  "0x6d60": 5.805231094360352,
  "0x6d61": 1.7001513242721558,
  "0x72d6": 4.81163215637207,
  "0x72d7": 1.8938767910003662,
  "0x775a": 6.099246978759766,
  "0x775b": 3.4990718364715576,
  "0x300a": 3.0033836364746094,
  "0x300b": 0.45556968450546265,
  "0x3ce0": 11.065132141113281,
  "0x3ce1": 1.230623722076416,
  "0x4848": 6.750675201416016,
  "0x4849": 3.944169282913208,
  "0x52c0": 9.671055793762207,
  "0x52c1": 1.5240851640701294,
  "0x5b4e": 5.2179718017578125,
  "0x5b4f": 0.606837809085846,
  "0x62ec": 3.4925572872161865,
  "0x62ed": 1.1533889770507812,
  "0x68a0": 5.385430335998535,
  "0x68a1": 1.22568941116333,
  "0x6d62": 5.805231094360352,
  "0x6d63": 1.7001513242721558,
  "0x72d8": 4.81163215637207,
  "0x72d9": 1.8938767910003662,
  "0x775c": 6.099246978759766,
  "0x775d": 3.4990718364715576,
  "0x300c": 3.0033836364746094,
  "0x300d": 3.198849678039551,
  "0x3ce2": 11.065132141113281,
  "0x3ce3": 1.230623722076416,
  "0x484a": 6.750675201416016,
  "0x484b": 3.944169282913208,
  "0x52c2": 9.671055793762207,
  "0x52c3": 1.5240851640701294,
  "0x5b50": 5.2179718017578125,
  "0x5b51": 0.606837809085846,
  "0x62ee": 3.4925572872161865,
  "0x62ef": 1.1533889770507812,
  "0x68a2": 5.385430335998535,
  "0x68a3": 0.0014101850101724267,
  "0x6d64": 5.805231094360352,
  "0x6d65": 1.7001513242721558,
  "0x72da": 4.81163215637207,
  "0x72db": 1.8938767910003662,
  "0x775e": 6.099246978759766,
  "0x775f": 3.4990718364715576,
  "0x300e": 3.0033836364746094,
  "0x300f": 3.198849678039551,
  "0x3ce4": 11.065132141113281,
  "0x3ce5": 1.230623722076416,
  "0x484c": 6.750675201416016,
  "0x484d": 3.944169282913208,
  "0x52c4": 9.671055793762207,
  "0x52c5": 1.5240851640701294,
  "0x5b52": 5.2179718017578125,
  "0x5b53": 0.606837809085846,
  "0x62f0": 3.4925572872161865,
  "0x62f1": 1.1533889770507812,
  "0x68a4": 5.385430335998535,
  "0x68a5": 1.22568941116333,
  "0x6d66": 5.805231094360352,
  "0x6d67": 1.7001513242721558,
  "0x72dc": 4.81163215637207,
  "0x72dd": 1.8938767910003662,
  "0x7760": 6.099246978759766,
  "0x7761": 3.4990718364715576,
  "0x3010": 3.0033836364746094,
  "0x3011": 3.198849678039551,
  "0x3ce6": 11.065132141113281,
  "0x3ce7": 1.230623722076416,
  "0x484e": 6.750675201416016,
  "0x484f": 3.944169282913208,
  "0x52c6": 9.671055793762207,
  "0x52c7": 1.5240851640701294,
  "0x5b54": 5.2179718017578125,
  "0x5b55": -0.005690270569175482,
  "0x62f2": 3.4925572872161865,
  "0x62f3": 1.1533889770507812,
  "0x68a6": 5.385430335998535,
  "0x68a7": 1.22568941116333,
  "0x6d68": 5.805231094360352,
  "0x6d69": 1.7001513242721558,
  "0x72de": 4.81163215637207,
  "0x72df": 1.8938767910003662,
  "0x7762": 6.099246978759766,
  "0x7763": 3.4990718364715576,
  "0x3012": 3.0033836364746094,
  "0x3013": 3.198849678039551,
  "0x3ce8": 11.065132141113281,
  "0x3ce9": 1.230623722076416,
  "0x4850": 6.750675201416016,
  "0x4851": 3.944169282913208,
  "0x52c8": 9.671055793762207,
  "0x52c9": 1.5240851640701294,
  "0x5b56": 5.2179718017578125,
  "0x5b57": 0.606837809085846,
  "0x62f4": 3.4925572872161865,
  "0x62f5": 1.1533889770507812,
  "0x68a8": 5.294992446899414,
  "0x68a9": 1.22568941116333,
  "0x6d6a": 5.805231094360352,
  "0x6d6b": 1.7001513242721558,
  "0x72e0": 4.81163215637207,
  "0x72e1": 1.8938767910003662,
  "0x7764": 6.099246978759766,
  "0x7765": 3.4990718364715576,
  "0x3014": 3.0033836364746094,
  "0x3015": 3.198849678039551,
  "0x3cea": 11.065132141113281,
  "0x3ceb": 1.230623722076416,
  "0x4852": 6.750675201416016,
  "0x4853": 3.944169282913208,
  "0x52ca": 9.671055793762207,
  "0x52cb": 1.5240851640701294,
  "0x5b58": 5.2179718017578125,
  "0x5b59": -0.005690270569175482,
  "0x62f6": 3.4925572872161865,
  "0x62f7": 1.1533889770507812,
  "0x68aa": 5.385430335998535,
  "0x68ab": 0.0014101850101724267,
  "0x6d6c": 5.805231094360352,
  "0x6d6d": 1.7001513242721558,
  "0x72e2": 4.81163215637207,
  "0x72e3": 1.8938767910003662,
  "0x7766": 6.099246978759766,
  "0x7767": 3.4990718364715576
}