{
  "0x305c": 4.699999999999998,
  "0x305d": 1.5,
  "0x3d32": 7.0,
  "0x3d33": 0.5999999999999996,
  "0x489a": 7.199999999999998,
  "0x489b": 1.2000000000000002,
  "0x5312": 4.9,
  "0x5313": 2.2,
  "0x5ba0": 6.1,
  "0x5ba1": 0.0,
  "0x633e": 5.0,
  "0x633f": 2.6,
  "0x68f2": 4.9,
  "0x68f3": 2.5,
  "0x6db4": 5.5,
  "0x6db5": 3.6,
  "0x732a": 3.4000000000000004,
  "0x732b": 2.5,
  "0x77ae": 6.0,
  "0x77af": 1.7000000000000002,
  "0x305e": 3.4000000000000004,
  "0x305f": 2.0,
  "0x3d34": 9.7,
  "0x3d35": 0.5,
  "0x489c": 3.6999999999999993,
  "0x489d": 3.5,
  "0x5314": 2.5,
  "0x5315": 0.4000000000000004,
  "0x5ba2": 5.4,
  "0x5ba3": 1.0999999999999996,
  "0x6340": 3.8,
  "0x6341": 2.6,
  "0x68f4": 3.2,
  "0x68f5": 2.7,
  "0x6db6": 9.0,
  "0x6db7": 0.0,
  "0x732c": 5.300000000000002,
  "0x732d": 2.5,
  "0x77b0": 7.5,
  "0x77b1": 3.1,
  "0x3060": 8.6,
  "0x3061": 0.7000000000000002,
  "0x3d36": 6.0,
  "0x3d37": 3.1,
  "0x489e": 8.1,
  "0x489f": 0.9000000000000004,
  "0x5316": 5.199999999999998,
  "0x5317": 2.3,
  "0x5ba4": 6.800000000000002,
  "0x5ba5": 0.7000000000000002,
  "0x6342": 4.4,
  "0x6343": 0.0,
  "0x68f6": 2.3,
  "0x68f7": 0.0,
  "0x6db8": 2.9000000000000004,
  "0x6db9": 0.4000000000000004,
  "0x732e": 5.199999999999998,
  "0x732f": 2.5,
  "0x77b2": 9.5,
  "0x77b3": 3.4000000000000004,
  "0x3062": 4.199999999999998,
  "0x3063": 3.2,
  "0x3d38": 6.699999999999998,
  "0x3d39": 1.7999999999999998,
  "0x48a0": 10.8,
  "0x48a1": 1.7999999999999998,
  "0x5318": 6.0,
  "0x5319": 3.5,
  "0x5ba6": 4.4,
  "0x5ba7": 2.2,
  "0x6344": 8.3,
  "0x6345": 0.3999999999999999,
  "0x68f8": 0.5999999999999996,
  "0x68f9": 1.2000000000000002,
  "0x6dba": 11.9,
  "0x6dbb": 0.2000000000000001,
  "0x7330": 5.9,
  "0x7331": 1.0999999999999996,
  "0x77b4": 10.6,
  "0x77b5": 2.6,
  "0x3064": 8.3,
  "0x3065": 2.7,
  "0x3d3a": 10.5,
  "0x3d3b": 3.7,
  "0x48a2": 6.199999999999998,
  "0x48a3": 2.0,
  "0x531a": 7.6,
  "0x531b": 3.8,
  "0x5ba8": 5.9,
  "0x5ba9": 1.7999999999999998,
  "0x6346": 3.3000000000000007,
  "0x6347": 1.0,
  "0x68fa": 6.199999999999998,
  "0x68fb": 0.0,
  "0x6dbc": 10.5,
  "0x6dbd": 1.7999999999999998,
  "0x7332": 7.800000000000002,
  "0x7333": 0.0,
  "0x77b6": 6.4,
  "0x77b7": 2.8,
  "0x3066": 2.5,
  "0x3067": 1.6,
  "0x3d3c": 4.4,
  "0x3d3d": 0.0,
  "0x48a4": 5.199999999999998,
  "0x48a5": 1.7999999999999998,
  "0x531c": 0.2999999999999998,
  "0x531d": 2.7,
  "0x5baa": 0.9000000000000004,
  "0x5bab": 1.2000000000000002,
  "0x6348": 5.1,
  "0x6349": 0.0,
  "0x68fc": 0.0,
  "0x68fd": 2.8,
  "0x6dbe": 3.4000000000000004,
  "0x6dbf": 1.7999999999999998,
  "0x7334": 2.3000000000000007,
  "0x7335": 0.0,
  "0x77b8": 6.4,
  "0x77b9": 0.3999999999999999,
  "0x3068": 6.199999999999998,
  "0x3069": 2.6,
  "0x3d3e": 8.5,
  "0x3d3f": 3.8,
  "0x48a6": 3.1,
  "0x48a7": 2.8,
  "0x531e": 8.6,
  "0x531f": 3.0,
  "0x5bac": 6.8,
  "0x5bad": 0.0,
  "0x634a": 3.4000000000000004,
  "0x634b": 1.9,
  "0x68fe": 2.0,
  "0x68ff": 2.0,
  "0x6dc0": 3.0,
  "0x6dc1": 1.5,
  "0x7336": 2.5,
  "0x7337": 2.9,
  "0x77ba": 5.4,
  "0x77bb": 2.2
}