{
  "0x305c": 6.289173126220703,
  "0x305d": 0.895874559879303,
  "0x3d32": 8.922490119934082,
  "0x3d33": 2.6216540336608887,
  "0x489a": 3.6259331703186035,
  "0x489b": 1.2077250480651855,
  "0x5312": 6.789173126220703,
  "0x5313": 2.7415225505828857,
  "0x5ba0": 2.563263177871704,
  "0x5ba1": 0.2682356834411621,
  "0x633e": 5.907861709594727,
  "0x633f": 2.3650989532470703,
  "0x68f2": 5.725970268249512,
  "0x68f3": 2.138291597366333,
  "0x6db4": 9.08661937713623,
  "0x6db5": 1.5584723949432373,
  "0x732a": 6.9836106300354,
  "0x732b": 2.690394163131714,
  "0x77ae": 7.0556111335754395,
  "0x77af": 0.035704996436834335,
  "0x305e": 6.336275577545166,
  "0x305f": 0.14723271131515503,
  "0x3d34": 6.0109477043151855,
  "0x3d35": 2.4635512828826904,
  "0x489c": 3.0827856063842773,
  "0x489d": 0.7314127087593079,
  "0x5314": 6.804712295532227,
  "0x5315": 2.354763984680176,
  "0x5ba2": 2.6537420749664307,
  "0x5ba3": 2.476367950439453,
  "0x6340": 6.368790626525879,
  "0x6341": 2.403550386428833,
  "0x68f4": 6.2212371826171875,
  "0x68f5": 2.3935186862945557,
  "0x6db6": 6.856369495391846,
  "0x6db7": -0.01965380273759365,
  "0x732c": 8.667608261108398,
  "0x732d": 2.9041450023651123,
  "0x77b0": 4.163763046264648,
  "0x77b1": 1.0303877592086792,
  "0x3060": 5.401041030883789,
  "0x3061": 0.599361777305603,
  "0x3d36": 5.597578525543213,
  "0x3d37": 2.1979641914367676,
  "0x489e": 3.1085665225982666,
  "0x489f": 0.997610867023468,
  "0x5316": 5.685840606689453,
  "0x5317": 2.7156684398651123,
  "0x5ba4": 2.00726580619812,
  "0x5ba5": 2.4941015243530273,
  "0x6342": 5.398187637329102,
  "0x6343": -0.0004968876601196826,
  "0x68f6": 4.934183597564697,
  "0x68f7": 0.06172943860292435,
  "0x6db8": 7.284229278564453,
  "0x6db9": 1.5151811838150024,
  "0x732e": 8.886846542358398,
  "0x732f": 3.0117087364196777,
  "0x77b2": 3.503304958343506,
  "0x77b3": 0.4979533553123474,
  "0x3062": 5.401041030883789,
  "0x3063": 0.599361777305603,
  "0x3d38": 5.597578525543213,
  "0x3d39": 2.1979641914367676,
  "0x48a0": 3.1085665225982666,
  "0x48a1": 0.997610867023468,
  "0x5318": 5.685840606689453,
  "0x5319": 2.7156684398651123,
  "0x5ba6": 2.00726580619812,
  "0x5ba7": 2.4941015243530273,
  "0x6344": 5.398187637329102,
  "0x6345": 2.4567484855651855,
  "0x68f8": 4.934183597564697,
  "0x68f9": 2.389188051223755,
  "0x6dba": 7.284229278564453,
  "0x6dbb": 1.5151811838150024,
  "0x7330": 8.886846542358398,
  "0x7331": 3.0117087364196777,
  "0x77b4": 3.503304958343506,
  "0x77b5": 0.4979533553123474,
  "0x3064": 5.401041030883789,
  "0x3065": 0.599361777305603,
  "0x3d3a": 5.597578525543213,
  "0x3d3b": 2.1979641914367676,
  "0x48a2": 3.1085665225982666,
  "0x48a3": 0.997610867023468,
  "0x531a": 5.685840606689453,
  "0x531b": 2.7156684398651123,
  "0x5ba8": 2.00726580619812,
  "0x5ba9": 2.4941015243530273,
  "0x6346": 5.398187637329102,
  "0x6347": 2.4567484855651855,
  "0x68fa": 4.934183597564697,
  "0x68fb": 0.06172943860292435,
  "0x6dbc": 7.284229278564453,
  "0x6dbd": 1.5151811838150024,
  "0x7332": 8.886846542358398,
  "0x7333": 0.6797412037849426,
  "0x77b6": 3.503304958343506,
  "0x77b7": 0.4979533553123474,
  "0x3066": 5.401041030883789,
  "0x3067": 0.599361777305603,
  "0x3d3c": 5.597578525543213,
  "0x3d3d": -0.08600690215826035,
  "0x48a4": 3.1085665225982666,
  "0x48a5": 0.997610867023468,
  "0x531c": 5.685840606689453,
  "0x531d": 2.7156684398651123,
  "0x5baa": 2.00726580619812,
  "0x5bab": 2.4941015243530273,
  "0x6348": 5.398187637329102,
  "0x6349": -0.0004968876601196826,
  "0x68fc": 0.37008026242256165,
  "0x68fd": 2.389188051223755,
  "0x6dbe": 7.284229278564453,
  "0x6dbf": 1.5151811838150024,
  "0x7334": 8.886846542358398,
  "0x7335": 0.6797412037849426,
  "0x77b8": 3.503304958343506,
  "0x77b9": 0.4979533553123474,
  "0x3068": 5.401041030883789,
  "0x3069": 0.599361777305603,
  "0x3d3e": 5.597578525543213,
  "0x3d3f": 2.1979641914367676,
  "0x48a6": 3.1085665225982666,
  "0x48a7": 0.997610867023468,
  "0x531e": 5.685840606689453,
  "0x531f": 2.7156684398651123,
  "0x5bac": 2.00726580619812,
  "0x5bad": 0.3347410559654236,
  "0x634a": 5.398187637329102,
  "0x634b": 2.4567484855651855,
  "0x68fe": 4.934183597564697,
  "0x68ff": 2.389188051223755,
  "0x6dc0": 7.284229278564453,
  "0x6dc1": 1.5151811838150024,
  "0x7336": 8.886846542358398,
  "0x7337": 3.0117087364196777,
  "0x77ba": 3.503304958343506,
  "0x77bb": 0.4979533553123474
}