{
  "0x2df4": 5.900957107543945,
  "0x2df5": 3.09684157371521,
  "0x3aca": 9.101183891296387,
  "0x3acb": 3.6055526733398438,
  "0x4632": 6.697550296783447,
  "0x4633": 3.5997087955474854,
  "0x50aa": 6.804866313934326,
  "0x50ab": 2.898606538772583,
  "0x5938": 5.494266986846924,
  "0x5939": 3.0012152194976807,
  "0x60d6": 5.501736640930176,
  "0x60d7": 2.7988452911376953,
  "0x2df6": 5.900957107543945,
  "0x2df7": 3.09684157371521,
  "0x3acc": 9.101183891296387,
  "0x3acd": 3.6055526733398438,
  "0x4634": 6.697550296783447,
  "0x4635": 3.5997087955474854,
  "0x50ac": 6.804866313934326,
  "0x50ad": 2.898606538772583,
  "0x593a": 5.494266986846924,
  "0x593b": 3.0012152194976807,
  "0x60d8": 5.501736640930176,
  "0x60d9": 2.7988452911376953,
  "0x2df8": 5.900957107543945,
  "0x2df9": 3.09684157371521,
  "0x3ace": 9.101183891296387,
  "0x3acf": 3.6055526733398438,
  "0x4636": 6.697550296783447,
  "0x4637": 3.5997087955474854,
  "0x50ae": 6.804866313934326,
  "0x50af": 2.898606538772583,
  "0x593c": 5.494266986846924,
  "0x593d": 3.0012152194976807,
  "0x60da": 5.501736640930176,
  "0x60db": 2.7988452911376953,
  "0x2dfa": 5.900957107543945,
  "0x2dfb": 3.09684157371521,
  "0x3ad0": 9.101183891296387,
  "0x3ad1": 3.6055526733398438,
  "0x4638": 6.697550296783447,
  "0x4639": 3.5997087955474854,
  "0x50b0": 6.804866313934326,
  "0x50b1": 2.898606538772583,
  "0x593e": 5.494266986846924,
  "0x593f": 3.0012152194976807,
  "0x60dc": 5.501736640930176,
  "0x60dd": 2.7988452911376953,
  "0x2dfc": 5.900957107543945,
  "0x2dfd": 3.09684157371521,
  "0x3ad2": 9.101183891296387,
  "0x3ad3": 3.6055526733398438,
  "0x463a": 6.697550296783447,
  "0x463b": 3.5997087955474854,
  "0x50b2": 6.804866313934326,
  "0x50b3": 2.898606538772583,
  "0x5940": 5.494266986846924,
  "0x5941": 3.0012152194976807,
  "0x60de": 5.501736640930176,
  "0x60df": 2.7988452911376953,
  "0x2dfe": 5.900957107543945,
  "0x2dff": 3.09684157371521,
  "0x3ad4": 9.101183891296387,
  "0x3ad5": 3.6055526733398438,
  "0x463c": 6.697550296783447,
  "0x463d": 3.5997087955474854,
  "0x50b4": 6.804866313934326,
  "0x50b5": 2.898606538772583,
  "0x5942": 5.494266986846924,
  "0x5943": 3.0012152194976807,
  "0x60e0": 5.501736640930176,
  "0x60e1": 2.7988452911376953,
  "0x2e00": 5.900957107543945,
  "0x2e01": 3.09684157371521,
  "0x3ad6": 9.101183891296387,
  "0x3ad7": 3.6055526733398438,
  "0x463e": 6.697550296783447,
  "0x463f": 3.5997087955474854,
  "0x50b6": 6.804866313934326,
  "0x50b7": 2.898606538772583,
  "0x5944": 5.494266986846924,
  "0x5945": 3.0012152194976807,
  "0x60e2": 5.501736640930176,
  "0x60e3": 2.7988452911376953
}