{
  "0x2b8c": 5.7001051902771,
  "0x2b8d": 3.1005241870880127,
  "0x3862": 7.298609733581543,
  "0x3863": 3.4004533290863037,
  "0x43ca": 6.602832317352295,
  "0x43cb": 4.095986843109131,
  "0x4e42": 6.298112392425537,
  "0x4e43": 3.201216697692871,
  "0x56d0": 5.796993255615234,
  "0x56d1": 2.7126893997192383,
  "0x2b8e": 5.7001051902771,
  "0x2b8f": 3.1005241870880127,
  "0x3864": 7.298609733581543,
  "0x3865": 3.4004533290863037,
  "0x43cc": 6.602832317352295,
  "0x43cd": 4.095986843109131,
  "0x4e44": 6.298112392425537,
  "0x4e45": 3.201216697692871,
  "0x56d2": 5.796993255615234,
  "0x56d3": 2.7126893997192383,
  "0x2b90": 5.7001051902771,
  "0x2b91": 3.1005241870880127,
  "0x3866": 7.298609733581543,
  "0x3867": 3.4004533290863037,
  "0x43ce": 6.602832317352295,
  "0x43cf": 4.095986843109131,
  "0x4e46": 6.298112392425537,
  "0x4e47": 3.201216697692871,
  "0x56d4": 5.796993255615234,
  "0x56d5": 2.7126893997192383,
  "0x2b92": 5.7001051902771,
  "0x2b93": 3.1005241870880127,
  "0x3868": 7.298609733581543,
  "0x3869": 3.4004533290863037,
  "0x43d0": 6.602832317352295,
  "0x43d1": 4.095986843109131,
  "0x4e48": 6.298112392425537,
  "0x4e49": 3.201216697692871,
  "0x56d6": 5.796993255615234,
  "0x56d7": 2.7126893997192383,
  "0x2b94": 5.7001051902771,
  "0x2b95": 3.1005241870880127,
  "0x386a": 7.298609733581543,
  "0x386b": 3.4004533290863037,
  "0x43d2": 6.602832317352295,
  "0x43d3": 4.095986843109131,
  "0x4e4a": 6.298112392425537,
  "0x4e4b": 3.201216697692871,
  "0x56d8": 5.796993255615234,
  "0x56d9": 2.7126893997192383,
  "0x2b96": 5.7001051902771,
  "0x2b97": 3.1005241870880127,
  "0x386c": 7.298609733581543,
  "0x386d": 3.4004533290863037,
  "0x43d4": 6.602832317352295,
  "0x43d5": 4.095986843109131,
  "0x4e4c": 6.298112392425537,
  "0x4e4d": 3.201216697692871,
  "0x56da": 5.796993255615234,
  "0x56db": 2.7126893997192383,
  "0x2b98": 5.7001051902771,
  "0x2b99": 3.1005241870880127,
  "0x386e": 7.298609733581543,
  "0x386f": 3.4004533290863037,
  "0x43d6": 6.602832317352295,
  "0x43d7": 4.095986843109131,
  "0x4e4e": 6.298112392425537,
  "0x4e4f": 3.201216697692871,
  "0x56dc": 5.796993255615234,
  "0x56dd": 2.7126893997192383
}