{
  "0x2e3a": 5.959376335144043,
  "0x2e3b": 3.030475616455078,
  "0x3b10": 7.398144245147705,
  "0x3b11": 3.981267213821411,
  "0x4678": 8.458525657653809,
  "0x4679": 3.1239354610443115,
  "0x50f0": 6.513922214508057,
  "0x50f1": 3.5301554203033447,
  "0x597e": 5.349889278411865,
  "0x597f": 2.9452810287475586,
  "0x611c": 6.368312835693359,
  "0x611d": 3.0308406352996826,
  "0x66d0": 5.11024808883667,
  "0x66d1": 2.8056023120880127,
  "0x2e3c": 6.09014892578125,
  "0x2e3d": 3.039929151535034,
  "0x3b12": 7.31893253326416,
  "0x3b13": 3.9807815551757812,
  "0x467a": 8.715265274047852,
  "0x467b": 3.1227152347564697,
  "0x50f2": 6.479261875152588,
  "0x50f3": 3.5378410816192627,
  "0x5980": 5.285758972167969,
  "0x5981": 2.9463138580322266,
  "0x611e": 6.4500956535339355,
  "0x611f": 3.0318734645843506,
  "0x66d2": 5.134293556213379,
  "0x66d3": 2.8066351413726807,
  "0x2e3e": 6.090768814086914,
  "0x2e3f": 3.0499465465545654,
  "0x3b14": 7.31553840637207,
  "0x3b15": 3.9973108768463135,
  "0x467c": 8.731771469116211,
  "0x467d": 3.113595724105835,
  "0x50f4": 6.495769500732422,
  "0x50f5": 3.528721570968628,
  "0x5982": 5.282108306884766,
  "0x5983": 2.9426631927490234,
  "0x6120": 6.451180934906006,
  "0x6121": 3.0398800373077393,
  "0x66d4": 5.150801181793213,
  "0x66d5": 2.797515630722046,
  "0x2e40": 6.0727715492248535,
  "0x2e41": 3.0402610301971436,
  "0x3b16": 7.3186140060424805,
  "0x3b17": 3.963585615158081,
  "0x467e": 8.675724029541016,
  "0x467f": 3.13879132270813,
  "0x50f6": 6.452904224395752,
  "0x50f7": 3.5342838764190674,
  "0x5984": 5.291147708892822,
  "0x5985": 2.934561252593994,
  "0x6122": 6.437648296356201,
  "0x6123": 3.0177972316741943,
  "0x66d6": 5.126452445983887,
  "0x66d7": 2.8065202236175537,
  "0x2e42": 6.299169063568115,
  "0x2e43": 3.0013678073883057,
  "0x3b18": 7.301247596740723,
  "0x3b19": 3.998946189880371,
  "0x4680": 9.096794128417969,
  "0x4681": 3.101306915283203,
  "0x50f8": 6.501562595367432,
  "0x50f9": 3.598177194595337,
  "0x5986": 5.202064514160156,
  "0x5987": 2.9985451698303223,
  "0x6124": 6.7990570068359375,
  "0x6125": 3.001411199569702,
  "0x66d8": 5.466099262237549,
  "0x66d9": 2.8010528087615967,
  "0x2e44": 6.299169063568115,
  "0x2e45": 3.0013678073883057,
  "0x3b1a": 7.301247596740723,
  "0x3b1b": 3.998946189880371,
  "0x4682": 9.096794128417969,
  "0x4683": 3.101306915283203,
  "0x50fa": 6.501562595367432,
  "0x50fb": 3.598177194595337,
  "0x5988": 5.202064514160156,
  "0x5989": 2.9985451698303223,
  "0x6126": 6.7990570068359375,
  "0x6127": 3.001411199569702,
  "0x66da": 5.466099262237549,
  "0x66db": 2.8010528087615967,
  "0x2e46": 6.299169063568115,
  "0x2e47": 3.0013678073883057,
  "0x3b1c": 7.301247596740723,
  "0x3b1d": 3.998946189880371,
  "0x4684": 9.096794128417969,
  "0x4685": 3.101306915283203,
  "0x50fc": 6.501562595367432,
  "0x50fd": 3.598177194595337,
  "0x598a": 5.202064514160156,
  "0x598b": 2.9985451698303223,
  "0x6128": 6.7990570068359375,
  "0x6129": 3.001411199569702,
  "0x66dc": 5.466099262237549,
  "0x66dd": 2.8010528087615967
}