{
  "0x2e80": 6.002056121826172,
  "0x2e81": 3.2003259658813477,
  "0x3b56": 8.699299812316895,
  "0x3b57": 4.498590469360352,
  "0x46be": 6.999002933502197,
  "0x46bf": 3.6997311115264893,
  "0x5136": 7.49912691116333,
  "0x5137": 3.5016286373138428,
  "0x59c4": 5.899319171905518,
  "0x59c5": 2.7029190063476562,
  "0x6162": 5.589789390563965,
  "0x6163": 3.003103017807007,
  "0x6716": 5.370187282562256,
  "0x6717": 3.0044901371002197,
  "0x714e": 7.668900012969971,
  "0x714f": 3.759953260421753,
  "0x2e82": 6.002056121826172,
  "0x2e83": 3.2003259658813477,
  "0x3b58": 8.699299812316895,
  "0x3b59": 4.498590469360352,
  "0x46c0": 6.999002933502197,
  "0x46c1": 3.6997311115264893,
  "0x5138": 7.49912691116333,
  "0x5139": 3.5016286373138428,
  "0x59c6": 5.899319171905518,
  "0x59c7": 2.7029190063476562,
  "0x6164": 5.589789390563965,
  "0x6165": 3.003103017807007,
  "0x6718": 5.370187282562256,
  "0x6719": 3.0044901371002197,
  "0x7150": 7.668900012969971,
  "0x7151": 3.759953260421753,
  "0x2e84": 6.002056121826172,
  "0x2e85": 3.2003259658813477,
  "0x3b5a": 8.699299812316895,
  "0x3b5b": 4.498590469360352,
  "0x46c2": 6.999002933502197,
  "0x46c3": 3.6997311115264893,
  "0x513a": 7.49912691116333,
  "0x513b": 3.5016286373138428,
  "0x59c8": 5.899319171905518,
  "0x59c9": 2.7029190063476562,
  "0x6166": 5.589789390563965,
  "0x6167": 3.003103017807007,
  "0x671a": 5.370187282562256,
  "0x671b": 3.0044901371002197,
  "0x7152": 7.668900012969971,
  "0x7153": 3.759953260421753,
  "0x2e86": 6.002056121826172,
  "0x2e87": 3.2003259658813477,
  "0x3b5c": 8.699299812316895,
  "0x3b5d": 4.498590469360352,
  "0x46c4": 6.999002933502197,
  "0x46c5": 3.6997311115264893,
  "0x513c": 7.49912691116333,
  "0x513d": 3.5016286373138428,
  "0x59ca": 5.899319171905518,
  "0x59cb": 2.7029190063476562,
  "0x6168": 5.589789390563965,
  "0x6169": 3.003103017807007,
  "0x671c": 5.370187282562256,
  "0x671d": 3.0044901371002197,
  "0x7154": 7.668900012969971,
  "0x7155": 3.759953260421753,
  "0x2e88": 6.002056121826172,
  "0x2e89": 3.2003259658813477,
  "0x3b5e": 8.699299812316895,
  "0x3b5f": 4.498590469360352,
  "0x46c6": 6.999002933502197,
  "0x46c7": 3.6997311115264893,
  "0x513e": 7.49912691116333,
  "0x513f": 3.5016286373138428,
  "0x59cc": 5.899319171905518,
  "0x59cd": 2.7029190063476562,
  "0x616a": 5.589789390563965,
  "0x616b": 3.003103017807007,
  "0x671e": 5.370187282562256,
  "0x671f": 3.0044901371002197,
  "0x7156": 7.668900012969971,
  "0x7157": 3.759953260421753,
  "0x2e8a": 6.002056121826172,
  "0x2e8b": 3.2003259658813477,
  "0x3b60": 8.699299812316895,
  "0x3b61": 4.498590469360352,
  "0x46c8": 6.999002933502197,
  "0x46c9": 3.6997311115264893,
  "0x5140": 7.49912691116333,
  "0x5141": 3.5016286373138428,
  "0x59ce": 5.899319171905518,
  "0x59cf": 2.7029190063476562,
  "0x616c": 5.589789390563965,
  "0x616d": 3.003103017807007,
  "0x6720": 5.370187282562256,
  "0x6721": 3.0044901371002197,
  "0x7158": 7.668900012969971,
  "0x7159": 3.759953260421753,
  "0x2e8c": 6.002056121826172,
  "0x2e8d": 3.2003259658813477,
  "0x3b62": 8.699299812316895,
  "0x3b63": 4.498590469360352,
  "0x46ca": 6.999002933502197,
  "0x46cb": 3.6997311115264893,
  "0x5142": 7.49912691116333,
  "0x5143": 3.5016286373138428,
  "0x59d0": 5.899319171905518,
  "0x59d1": 2.7029190063476562,
  "0x616e": 5.589789390563965,
  "0x616f": 3.003103017807007,
  "0x6722": 5.370187282562256,
  "0x6723": 3.0044901371002197,
  "0x715a": 7.668900012969971,
  "0x715b": 3.759953260421753
}