{
  "0x2f6e": 3.400902509689331,
  "0x2f6f": 0.9981234669685364,
  "0x3c44": 5.60050106048584,
  "0x3c45": 3.800255060195923,
  "0x47ac": 9.357415199279785,
  "0x47ad": 2.909137725830078,
  "0x5224": 8.334145545959473,
  "0x5225": 2.2675395011901855,
  "0x5ab2": 4.601329803466797,
  "0x5ab3": 0.9988693594932556,
  "0x6250": 2.993516445159912,
  "0x6251": 0.7055758833885193,
  "0x6804": 0.7631980776786804,
  "0x6805": 2.04193115234375,
  "0x6cc6": 8.965773582458496,
  "0x6cc7": 2.863365650177002,
  "0x723c": 12.027780532836914,
  "0x723d": 1.815369963645935,
  "0x76c0": 9.819772720336914,
  "0x76c1": 1.2734200954437256,
  "0x2f70": 3.400902509689331,
  "0x2f71": 0.9981234669685364,
  "0x3c46": 5.60050106048584,
  "0x3c47": 3.800255060195923,
  "0x47ae": 9.357415199279785,
  "0x47af": 2.909137725830078,
  "0x5226": 8.334145545959473,
  "0x5227": 2.2675395011901855,
  "0x5ab4": 4.601329803466797,
  "0x5ab5": 0.9988693594932556,
  "0x6252": 2.993516445159912,
  "0x6253": 0.7055758833885193,
  "0x6806": 0.23069797456264496,
  "0x6807": 2.04193115234375,
  "0x6cc8": 8.965773582458496,
  "0x6cc9": 2.863365650177002,
  "0x723e": 12.027780532836914,
  "0x723f": 1.815369963645935,
  "0x76c2": 9.819772720336914,
  "0x76c3": 1.2734200954437256,
  "0x2f72": 3.400902509689331,
  "0x2f73": 0.9981234669685364,
  "0x3c48": 5.60050106048584,
  "0x3c49": 3.800255060195923,
  "0x47b0": 9.357415199279785,
  "0x47b1": 2.909137725830078,
  "0x5228": 8.299124717712402,
  "0x5229": 2.303081750869751,
  "0x5ab6": 4.601329803466797,
  "0x5ab7": 0.9988693594932556,
  "0x6254": 2.993516445159912,
  "0x6255": 0.7055758833885193,
  "0x6808": 0.23069797456264496,
  "0x6809": 2.04193115234375,
  "0x6cca": 8.965773582458496,
  "0x6ccb": 2.863365650177002,
  "0x7240": 12.027780532836914,
  "0x7241": 1.815369963645935,
  "0x76c4": 9.819772720336914,
  "0x76c5": 1.2734200954437256,
  "0x2f74": 3.400902509689331,
  "0x2f75": 0.9981234669685364,
  "0x3c4a": 5.60050106048584,
  "0x3c4b": 3.800255060195923,
  "0x47b2": 9.357415199279785,
  "0x47b3": 2.909137725830078,
  "0x522a": 7.874470233917236,
  "0x522b": 2.2316150665283203,
  "0x5ab8": 4.601329803466797,
  "0x5ab9": 0.9988693594932556,
  "0x6256": 2.993516445159912,
  "0x6257": 0.7055758833885193,
  "0x680a": 0.23069797456264496,
  "0x680b": 2.04193115234375,
  "0x6ccc": 8.965773582458496,
  "0x6ccd": 2.863365650177002,
  "0x7242": 12.027780532836914,
  "0x7243": 1.815369963645935,
  "0x76c6": 9.819772720336914,
  "0x76c7": 1.2734200954437256,
  "0x2f76": 3.400902509689331,
  "0x2f77": 0.9981234669685364,
  "0x3c4c": 5.60050106048584,
  "0x3c4d": 3.800255060195923,
  "0x47b4": 9.357415199279785,
  "0x47b5": 2.909137725830078,
  "0x522c": 8.222184181213379,
  "0x522d": 2.223811149597168,
  "0x5aba": 4.601329803466797,
  "0x5abb": 0.9988693594932556,
  "0x6258": 2.993516445159912,
  "0x6259": 0.7055758833885193,
  "0x680c": 0.23069797456264496,
  "0x680d": 2.04193115234375,
  "0x6cce": 8.965773582458496,
  "0x6ccf": 2.863365650177002,
  "0x7244": 12.027780532836914,
  "0x7245": 1.815369963645935,
  "0x76c8": 9.819772720336914,
  "0x76c9": 1.2734200954437256,
  "0x2f78": 3.400902509689331,
  "0x2f79": 0.9981234669685364,
  "0x3c4e": 5.60050106048584,
  "0x3c4f": 3.800255060195923,
  "0x47b6": 9.357415199279785,
  "0x47b7": 2.909137725830078,
  "0x522e": 8.222184181213379,
  "0x522f": 2.223811149597168,
  "0x5abc": 4.601329803466797,
  "0x5abd": 0.9988693594932556,
  "0x625a": 2.993516445159912,
  "0x625b": 0.7055758833885193,
  "0x680e": 0.23069797456264496,
  "0x680f": 2.04193115234375,
  "0x6cd0": 8.965773582458496,
  "0x6cd1": 2.863365650177002,
  "0x7246": 12.027780532836914,
  "0x7247": 1.815369963645935,
  "0x76ca": 9.819772720336914,
  "0x76cb": 1.2734200954437256,
  "0x2f7a": 3.400902509689331,
  "0x2f7b": 0.9981234669685364,
  "0x3c50": 5.60050106048584,
  "0x3c51": 3.800255060195923,
  "0x47b8": 9.357415199279785,
  "0x47b9": 2.909137725830078,
  "0x5230": 8.170516967773438,
  "0x5231": 2.230182409286499,
  "0x5abe": 4.601329803466797,
  "0x5abf": 0.9988693594932556,
  "0x625c": 3.0112640857696533,
  "0x625d": 0.710803210735321,
  "0x6810": 0.23069797456264496,
  "0x6811": 2.04193115234375,
  "0x6cd2": 8.965773582458496,
  "0x6cd3": 2.863365650177002,
  "0x7248": 12.027780532836914,
  "0x7249": 1.815369963645935,
  "0x76cc": 9.819772720336914,
  "0x76cd": 1.2734200954437256
}