{
  "0x2efe": 5.765565395355225,
  "0x2eff": 2.799299716949463,
  "0x3bd4": 5.301004886627197,
  "0x3bd5": 3.7065653800964355,
  "0x473c": 6.610722064971924,
  "0x473d": 2.79463529586792,
  "0x51b4": 5.343632221221924,
  "0x51b5": 1.3226932287216187,
  "0x5a42": 2.8749430179595947,
  "0x5a43": 4.021736145019531,
  "0x61e0": 5.946949481964111,
  "0x61e1": 1.6326305866241455,
  "0x6794": 3.0368599891662598,
  "0x6795": 0.8938196301460266,
  "0x71cc": 9.996651649475098,
  "0x71cd": 3.002913236618042,
  "0x2f00": 4.5168986320495605,
  "0x2f01": 2.329594135284424,
  "0x3bd6": 5.301004886627197,
  "0x3bd7": 3.7573986053466797,
  "0x473e": 6.62083101272583,
  "0x473f": 2.79463529586792,
  "0x51b6": 5.284008979797363,
  "0x51b7": 1.4784396886825562,
  "0x5a44": 2.89357852935791,
  "0x5a45": 3.971510648727417,
  "0x61e2": 5.803747653961182,
  "0x61e3": 1.6298918724060059,
  "0x6796": 3.0368599891662598,
  "0x6797": 0.8938196301460266,
  "0x71ce": 9.996651649475098,
  "0x71cf": 3.002913236618042,
  "0x2f02": 4.516136169433594,
  "0x2f03": 2.329453229904175,
  "0x3bd8": 5.290799140930176,
  "0x3bd9": 3.7388522624969482,
  "0x4740": 6.62083101272583,
  "0x4741": 2.79463529586792,
  "0x51b8": 5.270302772521973,
  "0x51b9": 1.4774833917617798,
  "0x5a46": 2.8828306198120117,
  "0x5a47": 3.964397430419922,
  "0x61e4": 5.776641845703125,
  "0x61e5": 1.558305025100708,
  "0x6798": 3.0368599891662598,
  "0x6799": 0.8938196301460266,
  "0x71d0": 9.996651649475098,
  "0x71d1": 3.002913236618042,
  "0x2f04": 4.516736030578613,
  "0x2f05": 2.329442024230957,
  "0x3bda": 5.290799140930176,
  "0x3bdb": 3.7388522624969482,
  "0x4742": 6.62083101272583,
  "0x4743": 2.79463529586792,
  "0x51ba": 5.270302772521973,
  "0x51bb": 1.4774833917617798,
  "0x5a48": 2.434305191040039,
  "0x5a49": 3.494691848754883,
  "0x61e6": 3.9838104248046875,
  "0x61e7": 1.0885989665985107,
  "0x679a": 3.0368599891662598,
  "0x679b": 0.8938196301460266,
  "0x71d2": 9.996651649475098,
  "0x71d3": 3.002913236618042,
  "0x2f06": 4.517607688903809,
  "0x2f07": 2.330019235610962,
  "0x3bdc": 5.230730056762695,
  "0x3bdd": 3.523080825805664,
  "0x4744": 6.62083101272583,
  "0x4745": 2.79463529586792,
  "0x51bc": 5.265435695648193,
  "0x51bd": 1.4726163148880005,
  "0x5a4a": 2.434305191040039,
  "0x5a4b": 3.494691848754883,
  "0x61e8": 3.9838104248046875,
  "0x61e9": 1.0885989665985107,
  "0x679c": 3.0368599891662598,
  "0x679d": 0.8938196301460266,
  "0x71d4": 9.996651649475098,
  "0x71d5": 3.002913236618042,
  "0x2f08": 4.517607688903809,
  "0x2f09": 2.330019235610962,
  "0x3bde": 5.269723415374756,
  "0x3bdf": 3.5264029502868652,
  "0x4746": 6.62083101272583,
  "0x4747": 2.79463529586792,
  "0x51be": 5.265435695648193,
  "0x51bf": 1.4726163148880005,
  "0x5a4c": 2.434305191040039,
  "0x5a4d": 3.494691848754883,
  "0x61ea": 3.5765817165374756,
  "0x61eb": 1.191695213317871,
  "0x679e": 3.0368599891662598,
  "0x679f": 0.8938196301460266,
  "0x71d6": 9.996651649475098,
  "0x71d7": 3.002913236618042,
  "0x2f0a": 4.517607688903809,
  "0x2f0b": 2.330019235610962,
  "0x3be0": 5.269723415374756,
  "0x3be1": 3.5264029502868652,
  "0x4748": 6.62083101272583,
  "0x4749": 2.79463529586792,
  "0x51c0": 5.265435695648193,
  "0x51c1": 1.4726163148880005,
  "0x5a4e": 2.434305191040039,
  "0x5a4f": 3.494691848754883,
  "0x61ec": 3.5765817165374756,
  "0x61ed": 1.191695213317871,
  "0x67a0": 3.0368599891662598,
  "0x67a1": 0.8938196301460266,
  "0x71d8": 9.996651649475098,
  "0x71d9": 3.002913236618042
}