{
  "0x2c7a": 7.310881614685059,
  "0x2c7b": 3.699373483657837,
  "0x3950": 10.491971015930176,
  "0x3951": 5.099087715148926,
  "0x44b8": 9.708020210266113,
  "0x44b9": 4.594393730163574,
  "0x4f30": 9.297978401184082,
  "0x4f31": 4.400710105895996,
  "0x57be": 8.484387397766113,
  "0x57bf": 3.5147688388824463,
  "0x5f5c": 6.207682132720947,
  "0x5f5d": 4.192754745483398,
  "0x2c7c": 7.310881614685059,
  "0x2c7d": 3.699373483657837,
  "0x3952": 10.491971015930176,
  "0x3953": 5.099087715148926,
  "0x44ba": 9.708020210266113,
  "0x44bb": 4.594393730163574,
  "0x4f32": 9.297978401184082,
  "0x4f33": 4.400710105895996,
  "0x57c0": 8.484387397766113,
  "0x57c1": 3.5147688388824463,
  "0x5f5e": 6.207682132720947,
  "0x5f5f": 4.192754745483398,
  "0x2c7e": 7.310881614685059,
  "0x2c7f": 3.699373483657837,
  "0x3954": 10.491971015930176,
  "0x3955": 5.099087715148926,
  "0x44bc": 9.708020210266113,
  "0x44bd": 4.594393730163574,
  "0x4f34": 9.297978401184082,
  "0x4f35": 4.400710105895996,
  "0x57c2": 8.484387397766113,
  "0x57c3": 3.5147688388824463,
  "0x5f60": 6.207682132720947,
  "0x5f61": 4.192754745483398,
  "0x2c80": 7.310881614685059,
  "0x2c81": 3.699373483657837,
  "0x3956": 10.491971015930176,
  "0x3957": 5.099087715148926,
  "0x44be": 9.708020210266113,
  "0x44bf": 4.594393730163574,
  "0x4f36": 9.297978401184082,
  "0x4f37": 4.400710105895996,
  "0x57c4": 8.484387397766113,
  "0x57c5": 3.5147688388824463,
  "0x5f62": 6.207682132720947,
  "0x5f63": 4.192754745483398,
  "0x2c82": 7.310881614685059,
  "0x2c83": 3.699373483657837,
  "0x3958": 10.491971015930176,
  "0x3959": 5.099087715148926,
  "0x44c0": 9.708020210266113,
  "0x44c1": 4.594393730163574,
  "0x4f38": 9.297978401184082,
  "0x4f39": 4.400710105895996,
  "0x57c6": 8.484387397766113,
  "0x57c7": 3.5147688388824463,
  "0x5f64": 6.207682132720947,
  "0x5f65": 4.192754745483398,
  "0x2c84": 7.310881614685059,
  "0x2c85": 3.699373483657837,
  "0x395a": 10.491971015930176,
  "0x395b": 5.099087715148926,
  "0x44c2": 9.708020210266113,
  "0x44c3": 4.594393730163574,
  "0x4f3a": 9.297978401184082,
  "0x4f3b": 4.400710105895996,
  "0x57c8": 8.484387397766113,
  "0x57c9": 3.5147688388824463,
  "0x5f66": 6.207682132720947,
  "0x5f67": 4.192754745483398,
  "0x2c86": 7.310881614685059,
  "0x2c87": 3.699373483657837,
  "0x395c": 10.491971015930176,
  "0x395d": 5.099087715148926,
  "0x44c4": 9.708020210266113,
  "0x44c5": 4.594393730163574,
  "0x4f3c": 9.297978401184082,
  "0x4f3d": 4.400710105895996,
  "0x57ca": 8.484387397766113,
  "0x57cb": 3.5147688388824463,
  "0x5f68": 6.207682132720947,
  "0x5f69": 4.192754745483398
}