{
  "0x2d3e": 8.300724983215332,
  "0x2d3f": 4.5002570152282715,
  "0x3a14": 9.897700309753418,
  "0x3a15": 4.8007588386535645,
  "0x457c": 9.992919921875,
  "0x457d": 4.205502986907959,
  "0x4ff4": 8.505659103393555,
  "0x4ff5": 4.396421909332275,
  "0x5882": 7.80010986328125,
  "0x5883": 3.7940783500671387,
  "0x6020": 7.505866527557373,
  "0x6021": 3.4010276794433594,
  "0x2d40": 8.300724983215332,
  "0x2d41": 4.5002570152282715,
  "0x3a16": 9.897700309753418,
  "0x3a17": 4.8007588386535645,
  "0x457e": 9.992919921875,
  "0x457f": 4.205502986907959,
  "0x4ff6": 8.505659103393555,
  "0x4ff7": 4.396421909332275,
  "0x5884": 7.80010986328125,
  "0x5885": 3.7940783500671387,
  "0x6022": 7.505866527557373,
  "0x6023": 3.4010276794433594,
  "0x2d42": 8.300724983215332,
  "0x2d43": 4.5002570152282715,
  "0x3a18": 9.897700309753418,
  "0x3a19": 4.8007588386535645,
  "0x4580": 9.992919921875,
  "0x4581": 4.205502986907959,
  "0x4ff8": 8.505659103393555,
  "0x4ff9": 4.396421909332275,
  "0x5886": 7.80010986328125,
  "0x5887": 3.7940783500671387,
  "0x6024": 7.505866527557373,
  "0x6025": 3.4010276794433594,
  "0x2d44": 8.300724983215332,
  "0x2d45": 4.5002570152282715,
  "0x3a1a": 9.897700309753418,
  "0x3a1b": 4.8007588386535645,
  "0x4582": 9.992919921875,
  "0x4583": 4.205502986907959,
  "0x4ffa": 8.505659103393555,
  "0x4ffb": 4.396421909332275,
  "0x5888": 7.80010986328125,
  "0x5889": 3.7940783500671387,
  "0x6026": 7.505866527557373,
  "0x6027": 3.4010276794433594,
  "0x2d46": 8.300724983215332,
  "0x2d47": 4.5002570152282715,
  "0x3a1c": 9.897700309753418,
  "0x3a1d": 4.8007588386535645,
  "0x4584": 9.992919921875,
  "0x4585": 4.205502986907959,
  "0x4ffc": 8.505659103393555,
  "0x4ffd": 4.396421909332275,
  "0x588a": 7.80010986328125,
  "0x588b": 3.7940783500671387,
  "0x6028": 7.505866527557373,
  "0x6029": 3.4010276794433594,
  "0x2d48": 8.300724983215332,
  "0x2d49": 4.5002570152282715,
  "0x3a1e": 9.897700309753418,
  "0x3a1f": 4.8007588386535645,
  "0x4586": 9.992919921875,
  "0x4587": 4.205502986907959,
  "0x4ffe": 8.505659103393555,
  "0x4fff": 4.396421909332275,
  "0x588c": 7.80010986328125,
  "0x588d": 3.7940783500671387,
  "0x602a": 7.505866527557373,
  "0x602b": 3.4010276794433594,
  "0x2d4a": 8.300724983215332,
  "0x2d4b": 4.5002570152282715,
  "0x3a20": 9.897700309753418,
  "0x3a21": 4.8007588386535645,
  "0x4588": 9.992919921875,
  "0x4589": 4.205502986907959,
  "0x5000": 8.505659103393555,
  "0x5001": 4.396421909332275,
  "0x588e": 7.80010986328125,
  "0x588f": 3.7940783500671387,
  "0x602c": 7.505866527557373,
  "0x602d": 3.4010276794433594
}