{
  "0x2cf8": 9.398858070373535,
  "0x2cf9": 4.5004472732543945,
  "0x39ce": 10.100281715393066,
  "0x39cf": 4.798888206481934,
  "0x4536": 11.399714469909668,
  "0x4537": 5.0994086265563965,
  "0x4fae": 11.395747184753418,
  "0x4faf": 5.101513862609863,
  "0x583c": 7.711148262023926,
  "0x583d": 3.8976399898529053,
  "0x5fda": 7.9963178634643555,
  "0x5fdb": 3.600571632385254,
  "0x2cfa": 9.398858070373535,
  "0x2cfb": 4.5004472732543945,
  "0x39d0": 10.100281715393066,
  "0x39d1": 4.798888206481934,
  "0x4538": 11.399714469909668,
  "0x4539": 5.0994086265563965,
  "0x4fb0": 11.395747184753418,
  "0x4fb1": 5.101513862609863,
  "0x583e": 7.711148262023926,
  "0x583f": 3.8976399898529053,
  "0x5fdc": 7.9963178634643555,
  "0x5fdd": 3.600571632385254,
  "0x2cfc": 9.398858070373535,
  "0x2cfd": 4.5004472732543945,
  "0x39d2": 10.100281715393066,
  "0x39d3": 4.798888206481934,
  "0x453a": 11.399714469909668,
  "0x453b": 5.0994086265563965,
  "0x4fb2": 11.395747184753418,
  "0x4fb3": 5.101513862609863,
  "0x5840": 7.711148262023926,
  "0x5841": 3.8976399898529053,
  "0x5fde": 7.9963178634643555,
  "0x5fdf": 3.600571632385254,
  "0x2cfe": 9.398858070373535,
  "0x2cff": 4.5004472732543945,
  "0x39d4": 10.100281715393066,
  "0x39d5": 4.798888206481934,
  "0x453c": 11.399714469909668,
  "0x453d": 5.0994086265563965,
  "0x4fb4": 11.395747184753418,
  "0x4fb5": 5.101513862609863,
  "0x5842": 7.711148262023926,
  "0x5843": 3.8976399898529053,
  "0x5fe0": 7.9963178634643555,
  "0x5fe1": 3.600571632385254,
  "0x2d00": 9.398858070373535,
  "0x2d01": 4.5004472732543945,
  "0x39d6": 10.100281715393066,
  "0x39d7": 4.798888206481934,
  "0x453e": 11.399714469909668,
  "0x453f": 5.0994086265563965,
  "0x4fb6": 11.395747184753418,
  "0x4fb7": 5.101513862609863,
  "0x5844": 7.711148262023926,
  "0x5845": 3.8976399898529053,
  "0x5fe2": 7.9963178634643555,
  "0x5fe3": 3.600571632385254,
  "0x2d02": 9.398858070373535,
  "0x2d03": 4.5004472732543945,
  "0x39d8": 10.100281715393066,
  "0x39d9": 4.798888206481934,
  "0x4540": 11.399714469909668,
  "0x4541": 5.0994086265563965,
  "0x4fb8": 11.395747184753418,
  "0x4fb9": 5.101513862609863,
  "0x5846": 7.711148262023926,
  "0x5847": 3.8976399898529053,
  "0x5fe4": 7.9963178634643555,
  "0x5fe5": 3.600571632385254,
  "0x2d04": 9.398858070373535,
  "0x2d05": 4.5004472732543945,
  "0x39da": 10.100281715393066,
  "0x39db": 4.798888206481934,
  "0x4542": 11.399714469909668,
  "0x4543": 5.0994086265563965,
  "0x4fba": 11.395747184753418,
  "0x4fbb": 5.101513862609863,
  "0x5848": 7.711148262023926,
  "0x5849": 3.8976399898529053,
  "0x5fe6": 7.9963178634643555,
  "0x5fe7": 3.600571632385254
}