{
  "0x2bcc": 5.265309810638428,
  "0x2bcd": 1.1307274103164673,
  "0x38a2": 7.248569965362549,
  "0x38a3": 1.0836527347564697,
  "0x440a": 7.071954727172852,
  "0x440b": 1.0542227029800415,
  "0x4e82": 4.800262451171875,
  "0x4e83": 0.8089538216590881,
  "0x5710": 4.511105060577393,
  "0x5711": 0.12262348085641861,
  "0x2bce": 5.265309810638428,
  "0x2bcf": 1.1307274103164673,
  "0x38a4": 7.248569965362549,
  "0x38a5": 1.0836527347564697,
  "0x440c": 7.071954727172852,
  "0x440d": 1.0542227029800415,
  "0x4e84": 4.800262451171875,
  "0x4e85": 0.8089538216590881,
  "0x5712": 4.511105060577393,
  "0x5713": 0.11950525641441345,
  "0x2bd0": 5.265309810638428,
  "0x2bd1": 1.1307274103164673,
  "0x38a6": 7.248569965362549,
  "0x38a7": 1.0836527347564697,
  "0x440e": 7.071954727172852,
  "0x440f": 1.0542227029800415,
  "0x4e86": 4.800262451171875,
  "0x4e87": 0.8089538216590881,
  "0x5714": 5.10941219329834,
  "0x5715": 0.22625774145126343
}