{
  "0x2bc4": 5.000025272369385,
  "0x2bc5": 2.600476026535034,
  "0x389a": 9.499213218688965,
  "0x389b": 3.699826717376709,
  "0x4402": 6.902442455291748,
  "0x4403": 3.0974514484405518,
  "0x4e7a": 7.096869468688965,
  "0x4e7b": 2.70367431640625,
  "0x5708": 5.999794006347656,
  "0x5709": 2.892209053039551,
  "0x2bc6": 5.000025272369385,
  "0x2bc7": 2.600476026535034,
  "0x389c": 9.499213218688965,
  "0x389d": 3.699826717376709,
  "0x4404": 6.902442455291748,
  "0x4405": 3.0974514484405518,
  "0x4e7c": 7.096869468688965,
  "0x4e7d": 2.70367431640625,
  "0x570a": 5.999794006347656,
  "0x570b": 2.892209053039551,
  "0x2bc8": 5.000025272369385,
  "0x2bc9": 2.600476026535034,
  "0x389e": 9.499213218688965,
  "0x389f": 3.699826717376709,
  "0x4406": 6.902442455291748,
  "0x4407": 3.0974514484405518,
  "0x4e7e": 7.096869468688965,
  "0x4e7f": 2.70367431640625,
  "0x570c": 5.999794006347656,
  "0x570d": 2.892209053039551,
  "0x2bca": 5.000025272369385,
  "0x2bcb": 2.600476026535034,
  "0x38a0": 9.499213218688965,
  "0x38a1": 3.699826717376709,
  "0x4408": 6.902442455291748,
  "0x4409": 3.0974514484405518,
  "0x4e80": 7.096869468688965,
  "0x4e81": 2.70367431640625,
  "0x570e": 5.999794006347656,
  "0x570f": 2.892209053039551
}