{
  "0x2c6c": 9.197053909301758,
  "0x2c6d": 4.601990222930908,
  "0x3942": 11.60103702545166,
  "0x3943": 5.199075222015381,
  "0x44aa": 9.907782554626465,
  "0x44ab": 4.395369529724121,
  "0x4f22": 10.587185859680176,
  "0x4f23": 3.7087604999542236,
  "0x57b0": 6.304783344268799,
  "0x57b1": 3.200233221054077,
  "0x5f4e": 7.700414180755615,
  "0x5f4f": 3.4967949390411377,
  "0x2c6e": 9.197053909301758,
  "0x2c6f": 4.601990222930908,
  "0x3944": 11.60103702545166,
  "0x3945": 5.199075222015381,
  "0x44ac": 9.907782554626465,
  "0x44ad": 4.395369529724121,
  "0x4f24": 10.587185859680176,
  "0x4f25": 3.7087604999542236,
  "0x57b2": 6.304783344268799,
  "0x57b3": 3.200233221054077,
  "0x5f50": 7.700414180755615,
  "0x5f51": 3.4967949390411377,
  "0x2c70": 9.197053909301758,
  "0x2c71": 4.601990222930908,
  "0x3946": 11.60103702545166,
  "0x3947": 5.199075222015381,
  "0x44ae": 9.907782554626465,
  "0x44af": 4.395369529724121,
  "0x4f26": 10.587185859680176,
  "0x4f27": 3.7087604999542236,
  "0x57b4": 6.304783344268799,
  "0x57b5": 3.200233221054077,
  "0x5f52": 7.700414180755615,
  "0x5f53": 3.4967949390411377,
  "0x2c72": 9.197053909301758,
  "0x2c73": 4.601990222930908,
  "0x3948": 11.60103702545166,
  "0x3949": 5.199075222015381,
  "0x44b0": 9.907782554626465,
  "0x44b1": 4.395369529724121,
  "0x4f28": 10.587185859680176,
  "0x4f29": 3.7087604999542236,
  "0x57b6": 6.304783344268799,
  "0x57b7": 3.200233221054077,
  "0x5f54": 7.700414180755615,
  "0x5f55": 3.4967949390411377,
  "0x2c74": 9.197053909301758,
  "0x2c75": 4.601990222930908,
  "0x394a": 11.60103702545166,
  "0x394b": 5.199075222015381,
  "0x44b2": 9.907782554626465,
  "0x44b3": 4.395369529724121,
  "0x4f2a": 10.587185859680176,
  "0x4f2b": 3.7087604999542236,
  "0x57b8": 6.304783344268799,
  "0x57b9": 3.200233221054077,
  "0x5f56": 7.700414180755615,
  "0x5f57": 3.4967949390411377,
  "0x2c76": 9.197053909301758,
  "0x2c77": 4.601990222930908,
  "0x394c": 11.60103702545166,
  "0x394d": 5.199075222015381,
  "0x44b4": 9.907782554626465,
  "0x44b5": 4.395369529724121,
  "0x4f2c": 10.587185859680176,
  "0x4f2d": 3.7087604999542236,
  "0x57ba": 6.304783344268799,
  "0x57bb": 3.200233221054077,
  "0x5f58": 7.700414180755615,
  "0x5f59": 3.4967949390411377,
  "0x2c78": 9.197053909301758,
  "0x2c79": 4.601990222930908,
  "0x394e": 11.60103702545166,
  "0x394f": 5.199075222015381,
  "0x44b6": 9.907782554626465,
  "0x44b7": 4.395369529724121,
  "0x4f2e": 10.587185859680176,
  "0x4f2f": 3.7087604999542236,
  "0x57bc": 6.304783344268799,
  "0x57bd": 3.200233221054077,
  "0x5f5a": 7.700414180755615,
  "0x5f5b": 3.4967949390411377
}