{
  "date.value": {
    "0x2c18": 1.5546816e+18,
    "0x2c19": 1.5546816e+18,
    "0x38ee": 1.5546816e+18,
    "0x38ef": 1.5546816e+18,
    "0x4456": 1.5546816e+18,
    "0x4457": 1.5546816e+18,
    "0x4ece": 1.5546816e+18,
    "0x4ecf": 1.5546816e+18,
    "0x575c": 1.5546816e+18,
    "0x575d": 1.5546816e+18,
    "0x2c1a": 1.554768e+18,
    "0x2c1b": 1.554768e+18,
    "0x38f0": 1.554768e+18,
    "0x38f1": 1.554768e+18,
    "0x4458": 1.554768e+18,
    "0x4459": 1.554768e+18,
    "0x4ed0": 1.554768e+18,
    "0x4ed1": 1.554768e+18,
    "0x575e": 1.554768e+18,
    "0x575f": 1.554768e+18,
    "0x2c1c": 1.5548544e+18,
    "0x2c1d": 1.5548544e+18,
    "0x38f2": 1.5548544e+18,
    "0x38f3": 1.5548544e+18,
    "0x445a": 1.5548544e+18,
    "0x445b": 1.5548544e+18,
    "0x4ed2": 1.5548544e+18,
    "0x4ed3": 1.5548544e+18,
    "0x5760": 1.5548544e+18,
    "0x5761": 1.5548544e+18,
    "0x2c1e": 1.5549408e+18,
    "0x2c1f": 1.5549408e+18,
    "0x38f4": 1.5549408e+18,
    "0x38f5": 1.5549408e+18,
    "0x445c": 1.5549408e+18,
    "0x445d": 1.5549408e+18,
    "0x4ed4": 1.5549408e+18,
    "0x4ed5": 1.5549408e+18,
    "0x5762": 1.5549408e+18,
    "0x5763": 1.5549408e+18,
    "0x2c20": 1.5550272e+18,
    "0x2c21": 1.5550272e+18,
    "0x38f6": 1.5550272e+18,
    "0x38f7": 1.5550272e+18,
    "0x445e": 1.5550272e+18,
    "0x445f": 1.5550272e+18,
    "0x4ed6": 1.5550272e+18,
    "0x4ed7": 1.5550272e+18,
    "0x5764": 1.5550272e+18,
    "0x5765": 1.5550272e+18,
    "0x2c22": 1.5551136e+18,
    "0x2c23": 1.5551136e+18,
    "0x38f8": 1.5551136e+18,
    "0x38f9": 1.5551136e+18,
    "0x4460": 1.5551136e+18,
    "0x4461": 1.5551136e+18,
    "0x4ed8": 1.5551136e+18,
    "0x4ed9": 1.5551136e+18,
    "0x5766": 1.5551136e+18,
    "0x5767": 1.5551136e+18,
    "0x2c24": 1.5552e+18,
    "0x2c25": 1.5552e+18,
    "0x38fa": 1.5552e+18,
    "0x38fb": 1.5552e+18,
    "0x4462": 1.5552e+18,
    "0x4463": 1.5552e+18,
    "0x4eda": 1.5552e+18,
    "0x4edb": 1.5552e+18,
    "0x5768": 1.5552e+18,
    "0x5769": 1.5552e+18
  },
  "warehouse_ID.value": {
    "0x2c18": 0.1,
    "0x2c19": 0.1,
    "0x38ee": 0.30000000000000004,
    "0x38ef": 0.30000000000000004,
    "0x4456": 0.5,
    "0x4457": 0.5,
    "0x4ece": 0.7000000000000001,
    "0x4ecf": 0.7000000000000001,
    "0x575c": 0.9,
    "0x575d": 0.9,
    "0x2c1a": 0.1,
    "0x2c1b": 0.1,
    "0x38f0": 0.30000000000000004,
    "0x38f1": 0.30000000000000004,
    "0x4458": 0.5,
    "0x4459": 0.5,
    "0x4ed0": 0.7000000000000001,
    "0x4ed1": 0.7000000000000001,
    "0x575e": 0.9,
    "0x575f": 0.9,
    "0x2c1c": 0.1,
    "0x2c1d": 0.1,
    "0x38f2": 0.30000000000000004,
    "0x38f3": 0.30000000000000004,
    "0x445a": 0.5,
    "0x445b": 0.5,
    "0x4ed2": 0.7000000000000001,
    "0x4ed3": 0.7000000000000001,
    "0x5760": 0.9,
    "0x5761": 0.9,
    "0x2c1e": 0.1,
    "0x2c1f": 0.1,
    "0x38f4": 0.30000000000000004,
    "0x38f5": 0.30000000000000004,
    "0x445c": 0.5,
    "0x445d": 0.5,
    "0x4ed4": 0.7000000000000001,
    "0x4ed5": 0.7000000000000001,
    "0x5762": 0.9,
    "0x5763": 0.9,
    "0x2c20": 0.1,
    "0x2c21": 0.1,
    "0x38f6": 0.30000000000000004,
    "0x38f7": 0.30000000000000004,
    "0x445e": 0.5,
    "0x445f": 0.5,
    "0x4ed6": 0.7000000000000001,
    "0x4ed7": 0.7000000000000001,
    "0x5764": 0.9,
    "0x5765": 0.9,
    "0x2c22": 0.1,
    "0x2c23": 0.1,
    "0x38f8": 0.30000000000000004,
    "0x38f9": 0.30000000000000004,
    "0x4460": 0.5,
    "0x4461": 0.5,
    "0x4ed8": 0.7000000000000001,
    "0x4ed9": 0.7000000000000001,
    "0x5766": 0.9,
    "0x5767": 0.9,
    "0x2c24": 0.1,
    "0x2c25": 0.1,
    "0x38fa": 0.30000000000000004,
    "0x38fb": 0.30000000000000004,
    "0x4462": 0.5,
    "0x4463": 0.5,
    "0x4eda": 0.7000000000000001,
    "0x4edb": 0.7000000000000001,
    "0x5768": 0.9,
    "0x5769": 0.9
  },
  "Product_Type.value": {
    "0x2c18": 0.25,
    "0x2c19": 0.75,
    "0x38ee": 0.25,
    "0x38ef": 0.75,
    "0x4456": 0.25,
    "0x4457": 0.75,
    "0x4ece": 0.25,
    "0x4ecf": 0.75,
    "0x575c": 0.25,
    "0x575d": 0.75,
    "0x2c1a": 0.25,
    "0x2c1b": 0.75,
    "0x38f0": 0.25,
    "0x38f1": 0.75,
    "0x4458": 0.25,
    "0x4459": 0.75,
    "0x4ed0": 0.25,
    "0x4ed1": 0.75,
    "0x575e": 0.25,
    "0x575f": 0.75,
    "0x2c1c": 0.25,
    "0x2c1d": 0.75,
    "0x38f2": 0.25,
    "0x38f3": 0.75,
    "0x445a": 0.25,
    "0x445b": 0.75,
    "0x4ed2": 0.25,
    "0x4ed3": 0.75,
    "0x5760": 0.25,
    "0x5761": 0.75,
    "0x2c1e": 0.25,
    "0x2c1f": 0.75,
    "0x38f4": 0.25,
    "0x38f5": 0.75,
    "0x445c": 0.25,
    "0x445d": 0.75,
    "0x4ed4": 0.25,
    "0x4ed5": 0.75,
    "0x5762": 0.25,
    "0x5763": 0.75,
    "0x2c20": 0.25,
    "0x2c21": 0.75,
    "0x38f6": 0.25,
    "0x38f7": 0.75,
    "0x445e": 0.25,
    "0x445f": 0.75,
    "0x4ed6": 0.25,
    "0x4ed7": 0.75,
    "0x5764": 0.25,
    "0x5765": 0.75,
    "0x2c22": 0.25,
    "0x2c23": 0.75,
    "0x38f8": 0.25,
    "0x38f9": 0.75,
    "0x4460": 0.25,
    "0x4461": 0.75,
    "0x4ed8": 0.25,
    "0x4ed9": 0.75,
    "0x5766": 0.25,
    "0x5767": 0.75,
    "0x2c24": 0.25,
    "0x2c25": 0.75,
    "0x38fa": 0.25,
    "0x38fb": 0.75,
    "0x4462": 0.25,
    "0x4463": 0.75,
    "0x4eda": 0.25,
    "0x4edb": 0.75,
    "0x5768": 0.25,
    "0x5769": 0.75
  },
  "year.value": {
    "0x2c18": 2019,
    "0x2c19": 2019,
    "0x38ee": 2019,
    "0x38ef": 2019,
    "0x4456": 2019,
    "0x4457": 2019,
    "0x4ece": 2019,
    "0x4ecf": 2019,
    "0x575c": 2019,
    "0x575d": 2019,
    "0x2c1a": 2019,
    "0x2c1b": 2019,
    "0x38f0": 2019,
    "0x38f1": 2019,
    "0x4458": 2019,
    "0x4459": 2019,
    "0x4ed0": 2019,
    "0x4ed1": 2019,
    "0x575e": 2019,
    "0x575f": 2019,
    "0x2c1c": 2019,
    "0x2c1d": 2019,
    "0x38f2": 2019,
    "0x38f3": 2019,
    "0x445a": 2019,
    "0x445b": 2019,
    "0x4ed2": 2019,
    "0x4ed3": 2019,
    "0x5760": 2019,
    "0x5761": 2019,
    "0x2c1e": 2019,
    "0x2c1f": 2019,
    "0x38f4": 2019,
    "0x38f5": 2019,
    "0x445c": 2019,
    "0x445d": 2019,
    "0x4ed4": 2019,
    "0x4ed5": 2019,
    "0x5762": 2019,
    "0x5763": 2019,
    "0x2c20": 2019,
    "0x2c21": 2019,
    "0x38f6": 2019,
    "0x38f7": 2019,
    "0x445e": 2019,
    "0x445f": 2019,
    "0x4ed6": 2019,
    "0x4ed7": 2019,
    "0x5764": 2019,
    "0x5765": 2019,
    "0x2c22": 2019,
    "0x2c23": 2019,
    "0x38f8": 2019,
    "0x38f9": 2019,
    "0x4460": 2019,
    "0x4461": 2019,
    "0x4ed8": 2019,
    "0x4ed9": 2019,
    "0x5766": 2019,
    "0x5767": 2019,
    "0x2c24": 2019,
    "0x2c25": 2019,
    "0x38fa": 2019,
    "0x38fb": 2019,
    "0x4462": 2019,
    "0x4463": 2019,
    "0x4eda": 2019,
    "0x4edb": 2019,
    "0x5768": 2019,
    "0x5769": 2019
  },
  "month.value": {
    "0x2c18": 4,
    "0x2c19": 4,
    "0x38ee": 4,
    "0x38ef": 4,
    "0x4456": 4,
    "0x4457": 4,
    "0x4ece": 4,
    "0x4ecf": 4,
    "0x575c": 4,
    "0x575d": 4,
    "0x2c1a": 4,
    "0x2c1b": 4,
    "0x38f0": 4,
    "0x38f1": 4,
    "0x4458": 4,
    "0x4459": 4,
    "0x4ed0": 4,
    "0x4ed1": 4,
    "0x575e": 4,
    "0x575f": 4,
    "0x2c1c": 4,
    "0x2c1d": 4,
    "0x38f2": 4,
    "0x38f3": 4,
    "0x445a": 4,
    "0x445b": 4,
    "0x4ed2": 4,
    "0x4ed3": 4,
    "0x5760": 4,
    "0x5761": 4,
    "0x2c1e": 4,
    "0x2c1f": 4,
    "0x38f4": 4,
    "0x38f5": 4,
    "0x445c": 4,
    "0x445d": 4,
    "0x4ed4": 4,
    "0x4ed5": 4,
    "0x5762": 4,
    "0x5763": 4,
    "0x2c20": 4,
    "0x2c21": 4,
    "0x38f6": 4,
    "0x38f7": 4,
    "0x445e": 4,
    "0x445f": 4,
    "0x4ed6": 4,
    "0x4ed7": 4,
    "0x5764": 4,
    "0x5765": 4,
    "0x2c22": 4,
    "0x2c23": 4,
    "0x38f8": 4,
    "0x38f9": 4,
    "0x4460": 4,
    "0x4461": 4,
    "0x4ed8": 4,
    "0x4ed9": 4,
    "0x5766": 4,
    "0x5767": 4,
    "0x2c24": 4,
    "0x2c25": 4,
    "0x38fa": 4,
    "0x38fb": 4,
    "0x4462": 4,
    "0x4463": 4,
    "0x4eda": 4,
    "0x4edb": 4,
    "0x5768": 4,
    "0x5769": 4
  },
  "is_weekend.value": {
    "0x2c18": 0.35714285714285715,
    "0x2c19": 0.35714285714285715,