{
  "0x2c18": 8.199999809265137,
  "0x2c19": 3.702577590942383,
  "0x38ee": 10.898947715759277,
  "0x38ef": 5.097677230834961,
  "0x4456": 9.701711654663086,
  "0x4457": 4.398555755615234,
  "0x4ece": 9.799467086791992,
  "0x4ecf": 3.699765682220459,
  "0x575c": 6.597475528717041,
  "0x575d": 3.30328631401062,
  "0x2c1a": 8.199999809265137,
  "0x2c1b": 3.702577590942383,
  "0x38f0": 10.898947715759277,
  "0x38f1": 5.097677230834961,
  "0x4458": 9.701711654663086,
  "0x4459": 4.398555755615234,
  "0x4ed0": 9.799467086791992,
  "0x4ed1": 3.699765682220459,
  "0x575e": 6.597475528717041,
  "0x575f": 3.30328631401062,
  "0x2c1c": 8.199999809265137,
  "0x2c1d": 3.702577590942383,
  "0x38f2": 10.898947715759277,
  "0x38f3": 5.097677230834961,
  "0x445a": 9.701711654663086,
  "0x445b": 4.398555755615234,
  "0x4ed2": 9.799467086791992,
  "0x4ed3": 3.699765682220459,
  "0x5760": 6.597475528717041,
  "0x5761": 3.30328631401062,
  "0x2c1e": 8.199999809265137,
  "0x2c1f": 3.702577590942383,
  "0x38f4": 10.898947715759277,
  "0x38f5": 5.097677230834961,
  "0x445c": 9.701711654663086,
  "0x445d": 4.398555755615234,
  "0x4ed4": 9.799467086791992,
  "0x4ed5": 3.699765682220459,
  "0x5762": 6.597475528717041,
  "0x5763": 3.30328631401062,
  "0x2c20": 8.199999809265137,
  "0x2c21": 3.702577590942383,
  "0x38f6": 10.898947715759277,
  "0x38f7": 5.097677230834961,
  "0x445e": 9.701711654663086,
  "0x445f": 4.398555755615234,
  "0x4ed6": 9.799467086791992,
  "0x4ed7": 3.699765682220459,
  "0x5764": 6.597475528717041,
  "0x5765": 3.30328631401062,
  "0x2c22": 8.199999809265137,
  "0x2c23": 3.702577590942383,
  "0x38f8": 10.898947715759277,
  "0x38f9": 5.097677230834961,
  "0x4460": 9.701711654663086,
  "0x4461": 4.398555755615234,
  "0x4ed8": 9.799467086791992,
  "0x4ed9": 3.699765682220459,
  "0x5766": 6.597475528717041,
  "0x5767": 3.30328631401062,
  "0x2c24": 8.199999809265137,
  "0x2c25": 3.702577590942383,
  "0x38fa": 10.898947715759277,
  "0x38fb": 5.097677230834961,
  "0x4462": 9.701711654663086,
  "0x4463": 4.398555755615234,
  "0x4eda": 9.799467086791992,
  "0x4edb": 3.699765682220459,
  "0x5768": 6.597475528717041,
  "0x5769": 3.30328631401062
}