{
  "0x2efe": 5.699999999999998,
  "0x2eff": 3.2,
  "0x3bd4": 9.6,
  "0x3bd5": 2.0,
  "0x473c": 6.199999999999998,
  "0x473d": 2.0,
  "0x51b4": 6.5,
  "0x51b5": 3.9,
  "0x5a42": 2.6,
  "0x5a43": 2.0,
  "0x61e0": 7.5,
  "0x61e1": 2.5,
  "0x6794": 3.5,
  "0x6795": 1.2000000000000002,
  "0x71cc": 9.3,
  "0x71cd": 3.8,
  "0x2f00": 5.4,
  "0x2f01": 2.0,
  "0x3bd6": 8.7,
  "0x3bd7": 4.8,
  "0x473e": 7.4,
  "0x473f": 3.5,
  "0x51b6": 4.6,
  "0x51b7": 2.6,
  "0x5a44": 5.2,
  "0x5a45": 2.8,
  "0x61e2": 4.300000000000002,
  "0x61e3": 2.9,
  "0x6796": 3.6,
  "0x6797": 2.9,
  "0x71ce": 5.300000000000002,
  "0x71cf": 1.7999999999999998,
  "0x2f02": 7.199999999999998,
  "0x2f03": 3.1,
  "0x3bd8": 10.9,
  "0x3bd9": 3.9,
  "0x4740": 8.3,
  "0x4741": 4.2,
  "0x51b8": 6.5,
  "0x51b9": 2.4000000000000004,
  "0x5a46": 6.3,
  "0x5a47": 1.2999999999999998,
  "0x61e4": 5.0,
  "0x61e5": 2.9,
  "0x6798": 3.8000000000000007,
  "0x6799": 1.2000000000000002,
  "0x71d0": 8.6,
  "0x71d1": 3.7,
  "0x2f04": 7.300000000000002,
  "0x2f05": 2.0,
  "0x3bda": 7.6,
  "0x3bdb": 3.7,
  "0x4742": 8.9,
  "0x4743": 3.5,
  "0x51ba": 10.3,
  "0x51bb": 2.9000000000000004,
  "0x5a48": 5.1,
  "0x5a49": 3.1,
  "0x61e6": 3.9,
  "0x61e7": 2.5,
  "0x679a": 4.199999999999998,
  "0x679b": 2.6,
  "0x71d2": 8.3,
  "0x71d3": 3.6,
  "0x2f06": 7.6,
  "0x2f07": 2.6,
  "0x3bdc": 9.5,
  "0x3bdd": 4.9,
  "0x4744": 9.1,
  "0x4745": 2.6,
  "0x51bc": 9.1,
  "0x51bd": 2.7,
  "0x5a4a": 5.1,
  "0x5a4b": 3.0,
  "0x61e8": 4.6,
  "0x61e9": 1.7000000000000002,
  "0x679c": 4.3,
  "0x679d": 2.3,
  "0x71d4": 9.5,
  "0x71d5": 2.9000000000000004,
  "0x2f08": 5.1,
  "0x2f09": 2.1,
  "0x3bde": 6.300000000000002,
  "0x3bdf": 1.6,
  "0x4746": 6.0,
  "0x4747": 2.4000000000000004,
  "0x51be": 2.9000000000000004,
  "0x51bf": 2.1,
  "0x5a4c": 2.2,
  "0x5a4d": 1.7999999999999998,
  "0x61ea": 5.1,
  "0x61eb": 1.7999999999999998,
  "0x679e": 3.4000000000000004,
  "0x679f": 1.7000000000000002,
  "0x71d6": 6.1,
  "0x71d7": 1.4,
  "0x2f0a": 7.800000000000002,
  "0x2f0b": 3.1,
  "0x3be0": 6.9,
  "0x3be1": 2.0,
  "0x4748": 7.300000000000002,
  "0x4749": 2.3,
  "0x51c0": 3.5,
  "0x51c1": 2.6,
  "0x5a4e": 4.5,
  "0x5a4f": 2.2,
  "0x61ec": 4.4,
  "0x61ed": 2.8,
  "0x67a0": 1.7999999999999998,
  "0x67a1": 3.1,
  "0x71d8": 5.5,
  "0x71d9": 3.0
}