{
  "0x2f6e": 3.400428056716919,
  "0x2f6f": 0.9996258020401001,
  "0x3c44": 5.601659774780273,
  "0x3c45": 3.7955710887908936,
  "0x47ac": 10.927083015441895,
  "0x47ad": 2.9325432777404785,
  "0x5224": 8.242298126220703,
  "0x5225": 2.1968488693237305,
  "0x5ab2": 4.6083807945251465,
  "0x5ab3": 0.9954843521118164,
  "0x6250": 2.9876389503479004,
  "0x6251": 0.7050222158432007,
  "0x6804": 1.1260647773742676,
  "0x6805": 1.9927440881729126,
  "0x6cc6": 9.115140914916992,
  "0x6cc7": 3.166104555130005,
  "0x723c": 10.945027351379395,
  "0x723d": 2.1025633811950684,
  "0x76c0": 8.761953353881836,
  "0x76c1": 0.3889320194721222,
  "0x2f70": 3.400428056716919,
  "0x2f71": 0.9996258020401001,
  "0x3c46": 5.601659774780273,
  "0x3c47": 3.7955710887908936,
  "0x47ae": 10.616978645324707,
  "0x47af": 2.9071969985961914,
  "0x5226": 8.242298126220703,
  "0x5227": 2.1968488693237305,
  "0x5ab4": 4.6083807945251465,
  "0x5ab5": 0.9954843521118164,
  "0x6252": 2.9876389503479004,
  "0x6253": 0.7050222158432007,
  "0x6806": 0.5938287973403931,
  "0x6807": 1.9920687675476074,
  "0x6cc8": 9.115140914916992,
  "0x6cc9": 3.166104555130005,
  "0x723e": 10.945027351379395,
  "0x723f": 2.1025633811950684,
  "0x76c2": 8.761953353881836,
  "0x76c3": 0.3889320194721222,
  "0x2f72": 3.400428056716919,
  "0x2f73": 0.9996258020401001,
  "0x3c48": 5.601659774780273,
  "0x3c49": 3.7955710887908936,
  "0x47b0": 10.616978645324707,
  "0x47b1": 2.9071969985961914,
  "0x5228": 8.1588716506958,
  "0x5229": 2.2328453063964844,
  "0x5ab6": 4.6083807945251465,
  "0x5ab7": 0.9954843521118164,
  "0x6254": 2.9876389503479004,
  "0x6255": 0.7050222158432007,
  "0x6808": 0.5938287973403931,
  "0x6809": 1.9920687675476074,
  "0x6cca": 9.115140914916992,
  "0x6ccb": 3.166104555130005,
  "0x7240": 10.945027351379395,
  "0x7241": 2.1025633811950684,
  "0x76c4": 8.761953353881836,
  "0x76c5": 0.3889320194721222,
  "0x2f74": 3.400428056716919,
  "0x2f75": 0.9996258020401001,
  "0x3c4a": 5.601659774780273,
  "0x3c4b": 3.7955710887908936,
  "0x47b2": 10.616978645324707,
  "0x47b3": 2.9071969985961914,
  "0x522a": 7.906766414642334,
  "0x522b": 2.233297824859619,
  "0x5ab8": 4.6083807945251465,
  "0x5ab9": 0.9954843521118164,
  "0x6256": 2.9876389503479004,
  "0x6257": 0.7050222158432007,
  "0x680a": 0.5938287973403931,
  "0x680b": 1.9920687675476074,
  "0x6ccc": 9.115140914916992,
  "0x6ccd": 3.166104555130005,
  "0x7242": 10.945027351379395,
  "0x7243": 2.1025633811950684,
  "0x76c6": 8.761953353881836,
  "0x76c7": 0.3889320194721222,
  "0x2f76": 3.400428056716919,
  "0x2f77": 0.9996258020401001,
  "0x3c4c": 5.601659774780273,
  "0x3c4d": 3.7955710887908936,
  "0x47b4": 10.616978645324707,
  "0x47b5": 2.9071969985961914,
  "0x522c": 8.051606178283691,
  "0x522d": 2.235245704650879,
  "0x5aba": 4.6083807945251465,
  "0x5abb": 0.9954843521118164,
  "0x6258": 2.9876389503479004,
  "0x6259": 0.7050222158432007,
  "0x680c": 0.5938287973403931,
  "0x680d": 1.9920687675476074,
  "0x6cce": 9.115140914916992,
  "0x6ccf": 3.166104555130005,
  "0x7244": 10.945027351379395,
  "0x7245": 2.1025633811950684,
  "0x76c8": 8.761953353881836,
  "0x76c9": 0.3889320194721222,
  "0x2f78": 3.400428056716919,
  "0x2f79": 0.9996258020401001,
  "0x3c4e": 5.601659774780273,
  "0x3c4f": 3.7955710887908936,
  "0x47b6": 10.616978645324707,
  "0x47b7": 2.9071969985961914,
  "0x522e": 8.051606178283691,
  "0x522f": 2.235245704650879,
  "0x5abc": 4.6083807945251465,
  "0x5abd": 0.9954843521118164,
  "0x625a": 2.9876389503479004,
  "0x625b": 0.7050222158432007,
  "0x680e": 0.5938287973403931,
  "0x680f": 1.9920687675476074,
  "0x6cd0": 9.115140914916992,
  "0x6cd1": 3.166104555130005,
  "0x7246": 10.945027351379395,
  "0x7247": 2.1025633811950684,
  "0x76ca": 8.761953353881836,
  "0x76cb": 0.3889320194721222,
  "0x2f7a": 3.400428056716919,
  "0x2f7b": 0.9996258020401001,
  "0x3c50": 5.601659774780273,
  "0x3c51": 3.7955710887908936,
  "0x47b8": 10.616978645324707,
  "0x47b9": 2.9071969985961914,
  "0x5230": 7.951373100280762,
  "0x5231": 2.280839443206787,
  "0x5abe": 4.6083807945251465,
  "0x5abf": 0.9954843521118164,
  "0x625c": 2.9849586486816406,
  "0x625d": 0.7050222158432007,
  "0x6810": 0.5938287973403931,
  "0x6811": 1.9920687675476074,
  "0x6cd2": 9.115140914916992,
  "0x6cd3": 3.166104555130005,
  "0x7248": 10.945027351379395,
  "0x7249": 2.1025633811950684,
  "0x76cc": 8.761953353881836,
  "0x76cd": 0.3889320194721222
}