{
  "0x30a2": 4.1,
  "0x30a3": 2.0,
  "0x3d78": 7.699999999999998,
  "0x3d79": 1.9,
  "0x48e0": 5.1,
  "0x48e1": 3.2,
  "0x5358": 2.5,
  "0x5359": 0.0999999999999996,
  "0x5be6": 6.199999999999998,
  "0x5be7": 1.2999999999999998,
  "0x6384": 3.3,
  "0x6385": 1.7000000000000002,
  "0x6938": 1.7000000000000002,
  "0x6939": 2.9,
  "0x6dfa": 6.199999999999998,
  "0x6dfb": 0.6000000000000001,
  "0x7370": 5.4,
  "0x7371": 1.9000000000000004,
  "0x77f4": 7.300000000000002,
  "0x77f5": 0.0999999999999996,
  "0x30a4": 6.6,
  "0x30a5": 1.6,
  "0x3d7a": 4.4,
  "0x3d7b": 2.8,
  "0x48e2": 8.1,
  "0x48e3": 4.2,
  "0x535a": 9.0,
  "0x535b": 3.7,
  "0x5be8": 5.3,
  "0x5be9": 2.6,
  "0x6386": 1.0999999999999996,
  "0x6387": 2.3,
  "0x693a": 4.1,
  "0x693b": 0.0,
  "0x6dfc": 5.6,
  "0x6dfd": 2.1,
  "0x7372": 7.300000000000002,
  "0x7373": 3.6,
  "0x77f6": 5.199999999999998,
  "0x77f7": 3.5,
  "0x30a6": 7.800000000000002,
  "0x30a7": 2.4000000000000004,
  "0x3d7c": 10.5,
  "0x3d7d": 4.1,
  "0x48e4": 9.4,
  "0x48e5": 3.2,
  "0x535c": 4.6,
  "0x535d": 1.9000000000000004,
  "0x5bea": 2.5,
  "0x5beb": 0.0,
  "0x6388": 2.3000000000000007,
  "0x6389": 2.3,
  "0x693c": 5.7,
  "0x693d": 0.0,
  "0x6dfe": 4.9,
  "0x6dff": 2.9000000000000004,
  "0x7374": 3.5,
  "0x7375": 0.7999999999999998,
  "0x77f8": 5.4,
  "0x77f9": 2.1,
  "0x30a8": 4.1,
  "0x30a9": 1.4000000000000004,
  "0x3d7e": 6.699999999999998,
  "0x3d7f": 3.7,
  "0x48e6": 6.5,
  "0x48e7": 0.7999999999999998,
  "0x535e": 11.5,
  "0x535f": 0.8999999999999999,
  "0x5bec": 8.2,
  "0x5bed": 1.5,
  "0x638a": 6.5,
  "0x638b": 0.2000000000000001,
  "0x693e": 3.6999999999999993,
  "0x693f": 3.1,
  "0x6e00": 8.9,
  "0x6e01": 4.5,
  "0x7376": 9.0,
  "0x7377": 0.7999999999999998,
  "0x77fa": 9.4,
  "0x77fb": 3.5,
  "0x30aa": 4.199999999999998,
  "0x30ab": 4.4,
  "0x3d80": 7.699999999999998,
  "0x3d81": 2.2,
  "0x48e8": 12.0,
  "0x48e9": 0.2999999999999998,
  "0x5360": 7.9,
  "0x5361": 2.3,
  "0x5bee": 3.4000000000000004,
  "0x5bef": 1.5999999999999996,
  "0x638c": 7.0,
  "0x638d": 0.0,
  "0x6940": 6.699999999999998,
  "0x6941": 3.6,
  "0x6e02": 8.3,
  "0x6e03": 2.9000000000000004,
  "0x7378": 12.1,
  "0x7379": 3.1,
  "0x77fc": 9.1,
  "0x77fd": 3.2,
  "0x30ac": 0.7999999999999998,
  "0x30ad": 1.5,
  "0x3d82": 7.800000000000002,
  "0x3d83": 0.2000000000000001,
  "0x48ea": 3.1,
  "0x48eb": 2.1,
  "0x5362": 5.5,
  "0x5363": 2.2,
  "0x5bf0": 0.9000000000000004,
  "0x5bf1": 0.0,
  "0x638e": 2.4000000000000004,
  "0x638f": 2.7,
  "0x6942": 0.0,
  "0x6943": 2.0,
  "0x6e04": 5.1,
  "0x6e05": 2.6,
  "0x737a": 6.5,
  "0x737b": 3.2,
  "0x77fe": 3.3000000000000007,
  "0x77ff": 0.3999999999999999,
  "0x30ae": 8.2,
  "0x30af": 2.0,
  "0x3d84": 5.800000000000002,
  "0x3d85": 0.0,
  "0x48ec": 4.699999999999998,
  "0x48ed": 0.5,
  "0x5364": 5.199999999999998,
  "0x5365": 2.8,
  "0x5bf2": 1.4000000000000004,
  "0x5bf3": 1.9,
  "0x6390": 4.300000000000002
}