{
  "0x2b54": 8.098949432373047,
  "0x2b55": 3.0996646881103516,
  "0x382a": 8.098949432373047,
  "0x382b": 3.0996646881103516,
  "0x4392": 8.098949432373047,
  "0x4393": 3.0996646881103516,
  "0x4e0a": 8.098949432373047,
  "0x4e0b": 3.0996646881103516,
  "0x2b56": 8.098949432373047,
  "0x2b57": 3.0996646881103516,
  "0x382c": 8.098949432373047,
  "0x382d": 3.0996646881103516,
  "0x4394": 8.098949432373047,
  "0x4395": 3.0996646881103516,
  "0x4e0c": 8.098949432373047,
  "0x4e0d": 3.0996646881103516,
  "0x2b58": 8.098949432373047,
  "0x2b59": 3.0996646881103516,
  "0x382e": 8.098949432373047,
  "0x382f": 3.0996646881103516,
  "0x4396": 8.098949432373047,
  "0x4397": 3.0996646881103516,
  "0x4e0e": 8.098949432373047,
  "0x4e0f": 3.0996646881103516,
  "0x569c": 8.098949432373047,
  "0x569d": 3.0996646881103516,
  "0x2b5a": 8.098949432373047,
  "0x2b5b": 3.0996646881103516,
  "0x3830": 8.098949432373047,
  "0x3831": 3.0996646881103516,
  "0x4398": 8.098949432373047,
  "0x4399": 3.0996646881103516,
  "0x4e10": 8.098949432373047,
  "0x4e11": 3.0996646881103516,
  "0x569e": 8.098949432373047,
  "0x569f": 3.0996646881103516,
  "0x2b5c": 8.098949432373047,
  "0x2b5d": 3.0996646881103516,
  "0x3832": 8.098949432373047,
  "0x3833": 3.0996646881103516,
  "0x439a": 8.098949432373047,
  "0x439b": 3.0996646881103516,
  "0x4e12": 8.098949432373047,
  "0x4e13": 3.0996646881103516,
  "0x56a0": 8.098949432373047,
  "0x56a1": 3.0996646881103516,
  "0x2b5e": 8.098949432373047,
  "0x2b5f": 3.0996646881103516,
  "0x3834": 8.098949432373047,
  "0x3835": 3.0996646881103516,
  "0x439c": 8.098949432373047,
  "0x439d": 3.0996646881103516,
  "0x4e14": 8.098949432373047,
  "0x4e15": 3.0996646881103516,
  "0x56a2": 8.098949432373047,
  "0x56a3": 3.0996646881103516,
  "0x2b60": 8.098949432373047,
  "0x2b61": 3.0996646881103516,
  "0x3836": 8.098949432373047,
  "0x3837": 3.0996646881103516,
  "0x439e": 8.098949432373047,
  "0x439f": 3.0996646881103516,
  "0x4e16": 8.098949432373047,
  "0x4e17": 3.0996646881103516,
  "0x56a4": 8.098949432373047,
  "0x56a5": 3.0996646881103516
}