{
  "0x2f6e": 8.7,
  "0x2f6f": 3.0,
  "0x3c44": 8.8,
  "0x3c45": 1.7000000000000002,
  "0x47ac": 8.0,
  "0x47ad": 0.7000000000000002,
  "0x5224": 9.3,
  "0x5225": 1.9,
  "0x5ab2": 2.0,
  "0x5ab3": 2.6,
  "0x6250": 5.6,
  "0x6251": 0.8999999999999999,
  "0x6804": 6.6,
  "0x6805": 0.2999999999999998,
  "0x6cc6": 5.800000000000002,
  "0x6cc7": 4.3,
  "0x723c": 7.6,
  "0x723d": 2.2,
  "0x76c0": 6.199999999999998,
  "0x76c1": 0.5999999999999996,
  "0x2f70": 6.9,
  "0x2f71": 3.2,
  "0x3c46": 5.1,
  "0x3c47": 2.8,
  "0x47ae": 6.199999999999998,
  "0x47af": 1.5,
  "0x5226": 3.6,
  "0x5227": 0.0,
  "0x5ab4": 3.9,
  "0x5ab5": 0.0,
  "0x6252": 5.300000000000002,
  "0x6253": 3.2,
  "0x6806": 7.199999999999998,
  "0x6807": 3.2,
  "0x6cc8": 11.6,
  "0x6cc9": 2.5,
  "0x723e": 4.9,
  "0x723f": 1.5,
  "0x76c2": 7.6,
  "0x76c3": 3.4000000000000004,
  "0x2f72": 5.0,
  "0x2f73": 4.2,
  "0x3c48": 10.8,
  "0x3c49": 3.4000000000000004,
  "0x47b0": 7.800000000000002,
  "0x47b1": 4.7,
  "0x5228": 7.9,
  "0x5229": 2.2,
  "0x5ab6": 9.7,
  "0x5ab7": 3.5,
  "0x6254": 7.6,
  "0x6255": 3.0,
  "0x6808": 6.8,
  "0x6809": 0.6000000000000001,
  "0x6cca": 8.7,
  "0x6ccb": 3.6,
  "0x7240": 6.699999999999998,
  "0x7241": 4.1,
  "0x76c4": 8.6,
  "0x76c5": 1.2999999999999998,
  "0x2f74": 9.5,
  "0x2f75": 2.9000000000000004,
  "0x3c4a": 13.2,
  "0x3c4b": 5.0,
  "0x47b2": 6.5,
  "0x47b3": 4.5,
  "0x522a": 11.8,
  "0x522b": 1.5999999999999996,
  "0x5ab8": 4.800000000000002,
  "0x5ab9": 2.9,
  "0x6256": 6.300000000000002,
  "0x6257": 2.8,
  "0x680a": 0.7999999999999998,
  "0x680b": 2.5,
  "0x6ccc": 8.9,
  "0x6ccd": 1.9000000000000004,
  "0x7242": 11.2,
  "0x7243": 1.4000000000000004,
  "0x76c6": 8.6,
  "0x76c7": 5.3,
  "0x2f76": 7.300000000000002,
  "0x2f77": 1.0,
  "0x3c4c": 13.5,
  "0x3c4d": 3.2,
  "0x47b4": 8.5,
  "0x47b5": 3.3,
  "0x522c": 5.199999999999998,
  "0x522d": 1.0999999999999996,
  "0x5aba": 7.9,
  "0x5abb": 1.7000000000000002,
  "0x6258": 5.5,
  "0x6259": 0.9000000000000004,
  "0x680c": 5.199999999999998,
  "0x680d": 4.3,
  "0x6cce": 11.2,
  "0x6ccf": 5.8,
  "0x7244": 10.0,
  "0x7245": 3.9,
  "0x76c8": 11.4,
  "0x76c9": 3.6,
  "0x2f78": 3.9,
  "0x2f79": 0.0,
  "0x3c4e": 8.0,
  "0x3c4f": 3.9,
  "0x47b6": 2.4000000000000004,
  "0x47b7": 2.6,
  "0x522e": 5.4,
  "0x522f": 1.2000000000000002,
  "0x5abc": 3.9,
  "0x5abd": 1.0,
  "0x625a": 4.3,
  "0x625b": 0.0,
  "0x680e": 3.7,
  "0x680f": 0.0,
  "0x6cd0": 8.0,
  "0x6cd1": 0.4000000000000004,
  "0x7246": 7.300000000000002,
  "0x7247": 2.1,
  "0x76ca": 4.0,
  "0x76cb": 3.2,
  "0x2f7a": 2.8000000000000007,
  "0x2f7b": 0.2999999999999998,
  "0x3c50": 6.300000000000002,
  "0x3c51": 2.7,
  "0x47b8": 4.9,
  "0x47b9": 0.7999999999999998,
  "0x5230": 7.4,
  "0x5231": 1.5,
  "0x5abe": 1.8000000000000007,
  "0x5abf": 1.5,
  "0x625c": 2.2,
  "0x625d": 0.0,
  "0x6810": 1.7000000000000002,
  "0x6811": 0.5,
  "0x6cd2": 5.199999999999998,
  "0x6cd3": 3.2,
  "0x7248": 6.199999999999998,
  "0x7249": 0.5999999999999996,
  "0x76cc": 6.199999999999998,
  "0x76cd": 0.6000000000000001
}