{
  "0x2f6e": 3.4005649089813232,
  "0x2f6f": 0.9978799223899841,
  "0x3c44": 5.600246429443359,
  "0x3c45": 3.805314302444458,
  "0x47ac": 10.277639389038086,
  "0x47ad": 2.964301347732544,
  "0x5224": 8.329771995544434,
  "0x5225": 2.376251697540283,
  "0x5ab2": 4.607452392578125,
  "0x5ab3": 0.9910073280334473,
  "0x6250": 2.991546630859375,
  "0x6251": 0.7077674865722656,
  "0x6804": 0.8360016345977783,
  "0x6805": 1.6811658143997192,
  "0x6cc6": 8.845772743225098,
  "0x6cc7": 3.0795750617980957,
  "0x723c": 10.903937339782715,
  "0x723d": 1.8999906778335571,
  "0x76c0": 8.20859432220459,
  "0x76c1": 0.6447595357894897,
  "0x2f70": 3.4005649089813232,
  "0x2f71": 0.9978799223899841,
  "0x3c46": 5.600246429443359,
  "0x3c47": 3.805314302444458,
  "0x47ae": 10.27446174621582,
  "0x47af": 2.9411542415618896,
  "0x5226": 8.329771995544434,
  "0x5227": 2.376251697540283,
  "0x5ab4": 4.607452392578125,
  "0x5ab5": 0.9910073280334473,
  "0x6252": 2.991546630859375,
  "0x6253": 0.7077674865722656,
  "0x6806": 0.2582235038280487,
  "0x6807": 1.719373345375061,
  "0x6cc8": 8.845772743225098,
  "0x6cc9": 3.0795750617980957,
  "0x723e": 10.903937339782715,
  "0x723f": 1.8999906778335571,
  "0x76c2": 8.20859432220459,
  "0x76c3": 0.6447595357894897,
  "0x2f72": 3.4005649089813232,
  "0x2f73": 0.9978799223899841,
  "0x3c48": 5.600246429443359,
  "0x3c49": 3.805314302444458,
  "0x47b0": 10.27446174621582,
  "0x47b1": 2.9411542415618896,
  "0x5228": 8.329771995544434,
  "0x5229": 2.376251697540283,
  "0x5ab6": 4.607452392578125,
  "0x5ab7": 0.9910073280334473,
  "0x6254": 2.991546630859375,
  "0x6255": 0.7077674865722656,
  "0x6808": 0.2582235038280487,
  "0x6809": 1.719373345375061,
  "0x6cca": 8.845772743225098,
  "0x6ccb": 3.0795750617980957,
  "0x7240": 10.903937339782715,
  "0x7241": 1.8999906778335571,
  "0x76c4": 8.20859432220459,
  "0x76c5": 0.6447595357894897,
  "0x2f74": 3.4005649089813232,
  "0x2f75": 0.9978799223899841,
  "0x3c4a": 5.600246429443359,
  "0x3c4b": 3.805314302444458,
  "0x47b2": 10.27446174621582,
  "0x47b3": 2.9411542415618896,
  "0x522a": 8.307061195373535,
  "0x522b": 2.353541612625122,
  "0x5ab8": 4.607452392578125,
  "0x5ab9": 0.9910073280334473,
  "0x6256": 2.991546630859375,
  "0x6257": 0.7077674865722656,
  "0x680a": 0.2582235038280487,
  "0x680b": 1.719373345375061,
  "0x6ccc": 8.845772743225098,
  "0x6ccd": 3.0795750617980957,
  "0x7242": 10.903937339782715,
  "0x7243": 1.8999906778335571,
  "0x76c6": 8.20859432220459,
  "0x76c7": 0.6447595357894897,
  "0x2f76": 3.4005649089813232,
  "0x2f77": 0.9978799223899841,
  "0x3c4c": 5.600246429443359,
  "0x3c4d": 3.805314302444458,
  "0x47b4": 10.27446174621582,
  "0x47b5": 2.9411542415618896,
  "0x522c": 8.307061195373535,
  "0x522d": 2.353541612625122,
  "0x5aba": 4.607452392578125,
  "0x5abb": 0.9910073280334473,
  "0x6258": 2.991546630859375,
  "0x6259": 0.7077674865722656,
  "0x680c": 0.2582235038280487,
  "0x680d": 1.719373345375061,
  "0x6cce": 8.845772743225098,
  "0x6ccf": 3.0795750617980957,
  "0x7244": 10.903937339782715,
  "0x7245": 1.8999906778335571,
  "0x76c8": 8.20859432220459,
  "0x76c9": 0.6447595357894897,
  "0x2f78": 3.4005649089813232,
  "0x2f79": 0.9978799223899841,
  "0x3c4e": 5.600246429443359,
  "0x3c4f": 3.805314302444458,
  "0x47b6": 10.27446174621582,
  "0x47b7": 2.9411542415618896,
  "0x522e": 8.307061195373535,
  "0x522f": 2.353541612625122,
  "0x5abc": 4.607452392578125,
  "0x5abd": 0.9910073280334473,
  "0x625a": 2.991546630859375,
  "0x625b": 0.7077674865722656,
  "0x680e": 0.2582235038280487,
  "0x680f": 1.719373345375061,
  "0x6cd0": 8.845772743225098,
  "0x6cd1": 3.0795750617980957,
  "0x7246": 10.903937339782715,
  "0x7247": 1.8999906778335571,
  "0x76ca": 8.20859432220459,
  "0x76cb": 0.6447595357894897,
  "0x2f7a": 3.4005649089813232,
  "0x2f7b": 0.9978799223899841,
  "0x3c50": 5.600246429443359,
  "0x3c51": 3.805314302444458,
  "0x47b8": 10.27446174621582,
  "0x47b9": 2.9411542415618896,
  "0x5230": 8.291338920593262,
  "0x5231": 2.363862991333008,
  "0x5abe": 4.607452392578125,
  "0x5abf": 0.9910073280334473,
  "0x625c": 2.991546630859375,
  "0x625d": 0.7077674865722656,
  "0x6810": 0.2582235038280487,
  "0x6811": 1.719373345375061,
  "0x6cd2": 8.845772743225098,
  "0x6cd3": 3.0795750617980957,
  "0x7248": 10.903937339782715,
  "0x7249": 1.8999906778335571,
  "0x76cc": 8.20859432220459,
  "0x76cd": 0.6447595357894897
}