{
  "0x2cdc": 11.199263572692871,
  "0x2cdd": 3.699738025665283,
  "0x39b2": 13.199127197265625,
  "0x39b3": 5.900803089141846,
  "0x451a": 12.795156478881836,
  "0x451b": 4.305718421936035,
  "0x4f92": 11.50156307220459,
  "0x4f93": 4.396403789520264,
  "0x5820": 8.079248428344727,
  "0x5821": 3.897798538208008,
  "0x5fbe": 6.995971202850342,
  "0x5fbf": 2.9070661067962646,
  "0x2cde": 11.199263572692871,
  "0x2cdf": 3.699738025665283,
  "0x39b4": 13.199127197265625,
  "0x39b5": 5.900803089141846,
  "0x451c": 12.795156478881836,
  "0x451d": 4.305718421936035,
  "0x4f94": 11.50156307220459,
  "0x4f95": 4.396403789520264,
  "0x5822": 8.079248428344727,
  "0x5823": 3.897798538208008,
  "0x5fc0": 6.995971202850342,
  "0x5fc1": 2.9070661067962646,
  "0x2ce0": 11.199263572692871,
  "0x2ce1": 3.699738025665283,
  "0x39b6": 13.199127197265625,
  "0x39b7": 5.900803089141846,
  "0x451e": 12.795156478881836,
  "0x451f": 4.305718421936035,
  "0x4f96": 11.50156307220459,
  "0x4f97": 4.396403789520264,
  "0x5824": 8.079248428344727,
  "0x5825": 3.897798538208008,
  "0x5fc2": 6.995971202850342,
  "0x5fc3": 2.9070661067962646,
  "0x2ce2": 11.199263572692871,
  "0x2ce3": 3.699738025665283,
  "0x39b8": 13.199127197265625,
  "0x39b9": 5.900803089141846,
  "0x4520": 12.795156478881836,
  "0x4521": 4.305718421936035,
  "0x4f98": 11.50156307220459,
  "0x4f99": 4.396403789520264,
  "0x5826": 8.079248428344727,
  "0x5827": 3.897798538208008,
  "0x5fc4": 6.995971202850342,
  "0x5fc5": 2.9070661067962646,
  "0x2ce4": 11.199263572692871,
  "0x2ce5": 3.699738025665283,
  "0x39ba": 13.199127197265625,
  "0x39bb": 5.900803089141846,
  "0x4522": 12.795156478881836,
  "0x4523": 4.305718421936035,
  "0x4f9a": 11.50156307220459,
  "0x4f9b": 4.396403789520264,
  "0x5828": 8.079248428344727,
  "0x5829": 3.897798538208008,
  "0x5fc6": 6.995971202850342,
  "0x5fc7": 2.9070661067962646,
  "0x2ce6": 11.199263572692871,
  "0x2ce7": 3.699738025665283,
  "0x39bc": 13.199127197265625,
  "0x39bd": 5.900803089141846,
  "0x4524": 12.795156478881836,
  "0x4525": 4.305718421936035,
  "0x4f9c": 11.50156307220459,
  "0x4f9d": 4.396403789520264,
  "0x582a": 8.079248428344727,
  "0x582b": 3.897798538208008,
  "0x5fc8": 6.995971202850342,
  "0x5fc9": 2.9070661067962646,
  "0x2ce8": 11.199263572692871,
  "0x2ce9": 3.699738025665283,
  "0x39be": 13.199127197265625,
  "0x39bf": 5.900803089141846,
  "0x4526": 12.795156478881836,
  "0x4527": 4.305718421936035,
  "0x4f9e": 11.50156307220459,
  "0x4f9f": 4.396403789520264,
  "0x582c": 8.079248428344727,
  "0x582d": 3.897798538208008,
  "0x5fca": 6.995971202850342,
  "0x5fcb": 2.9070661067962646
}