{
  "0x2e72": 6.296051979064941,
  "0x2e73": 3.3545162677764893,
  "0x3b48": 9.895771026611328,
  "0x3b49": 3.798703670501709,
  "0x46b0": 8.806571960449219,
  "0x46b1": 4.1921868324279785,
  "0x5128": 7.1741790771484375,
  "0x5129": 3.4030473232269287,
  "0x59b6": 4.213649272918701,
  "0x59b7": 3.179999351501465,
  "0x6154": 5.796979904174805,
  "0x6155": 2.9614367485046387,
  "0x6708": 5.255434513092041,
  "0x6709": 2.796056032180786,
  "0x7140": 7.649057388305664,
  "0x7141": 3.664191246032715,
  "0x2e74": 6.4998459815979,
  "0x2e75": 3.400951623916626,
  "0x3b4a": 9.899271011352539,
  "0x3b4b": 3.8005237579345703,
  "0x46b2": 8.80533218383789,
  "0x46b3": 4.195495128631592,
  "0x512a": 7.392168998718262,
  "0x512b": 3.508448839187622,
  "0x59b8": 4.200528144836426,
  "0x59b9": 3.3002123832702637,
  "0x6156": 6.003869533538818,
  "0x6157": 3.0957448482513428,
  "0x670a": 5.661984443664551,
  "0x670b": 3.0558085441589355,
  "0x7142": 7.652327060699463,
  "0x7143": 3.6606431007385254,
  "0x2e76": 6.4998459815979,
  "0x2e77": 3.400951623916626,
  "0x3b4c": 9.899271011352539,
  "0x3b4d": 3.8005237579345703,
  "0x46b4": 8.80533218383789,
  "0x46b5": 4.195495128631592,
  "0x512c": 7.474392414093018,
  "0x512d": 3.511723756790161,
  "0x59ba": 4.26164436340332,
  "0x59bb": 3.25396728515625,
  "0x6158": 6.028191089630127,
  "0x6159": 3.1052768230438232,
  "0x670c": 5.676741600036621,
  "0x670d": 3.081556558609009,
  "0x7144": 7.675450801849365,
  "0x7145": 3.6991705894470215,
  "0x2e78": 6.6533894538879395,
  "0x2e79": 3.423781633377075,
  "0x3b4e": 9.897505760192871,
  "0x3b4f": 3.8010787963867188,
  "0x46b6": 8.803566932678223,
  "0x46b7": 4.179501056671143,
  "0x512e": 7.662983417510986,
  "0x512f": 3.4509620666503906,
  "0x59bc": 4.288496494293213,
  "0x59bd": 3.1938395500183105,
  "0x615a": 6.105814456939697,
  "0x615b": 3.0508487224578857,
  "0x670e": 5.8943023681640625,
  "0x670f": 3.016364812850952,
  "0x7146": 7.657883167266846,
  "0x7147": 3.621495246887207,
  "0x2e7a": 6.6533894538879395,
  "0x2e7b": 3.423781633377075,
  "0x3b50": 9.897505760192871,
  "0x3b51": 3.8010787963867188,
  "0x46b8": 8.803566932678223,
  "0x46b9": 4.179501056671143,
  "0x5130": 7.70682954788208,
  "0x5131": 3.4509620666503906,
  "0x59be": 4.332342147827148,
  "0x59bf": 3.1938395500183105,
  "0x615c": 6.100492000579834,
  "0x615d": 3.0508487224578857,
  "0x6710": 5.936800003051758,
  "0x6711": 3.016364812850952,
  "0x7148": 7.657883167266846,
  "0x7149": 3.621495246887207,
  "0x2e7c": 6.6533894538879395,
  "0x2e7d": 3.423781633377075,
  "0x3b52": 9.897505760192871,
  "0x3b53": 3.8010787963867188,
  "0x46ba": 8.803566932678223,
  "0x46bb": 4.179501056671143,
  "0x5132": 7.70682954788208,
  "0x5133": 3.4509620666503906,
  "0x59c0": 4.332342147827148,
  "0x59c1": 3.1938395500183105,
  "0x615e": 6.100492000579834,
  "0x615f": 3.0508487224578857,
  "0x6712": 5.936800003051758,
  "0x6713": 3.016364812850952,
  "0x714a": 7.657883167266846,
  "0x714b": 3.621495246887207,
  "0x2e7e": 6.6533894538879395,
  "0x2e7f": 3.423781633377075,
  "0x3b54": 9.897505760192871,
  "0x3b55": 3.8010787963867188,
  "0x46bc": 8.803566932678223,
  "0x46bd": 4.179501056671143,
  "0x5134": 7.70682954788208,
  "0x5135": 3.4509620666503906,
  "0x59c2": 4.332342147827148,
  "0x59c3": 3.1938395500183105,
  "0x6160": 6.100492000579834,
  "0x6161": 3.0508487224578857,
  "0x6714": 5.936800003051758,
  "0x6715": 3.016364812850952,
  "0x714c": 7.657883167266846,
  "0x714d": 3.621495246887207
}