{
  "0x2e56": 6.400543212890625,
  "0x2e57": 3.497965097427368,
  "0x3b2c": 8.09986686706543,
  "0x3b2d": 3.200315237045288,
  "0x4694": 7.497761249542236,
  "0x4695": 3.8029468059539795,
  "0x510c": 6.901374340057373,
  "0x510d": 3.3006083965301514,
  "0x599a": 5.9026288986206055,
  "0x599b": 2.9981329441070557,
  "0x6138": 4.898672103881836,
  "0x6139": 3.0002431869506836,
  "0x66ec": 5.023924827575684,
  "0x66ed": 2.7043216228485107,
  "0x2e58": 6.400543212890625,
  "0x2e59": 3.497965097427368,
  "0x3b2e": 8.09986686706543,
  "0x3b2f": 3.200315237045288,
  "0x4696": 7.497761249542236,
  "0x4697": 3.8029468059539795,
  "0x510e": 6.901374340057373,
  "0x510f": 3.3006083965301514,
  "0x599c": 5.9026288986206055,
  "0x599d": 2.9981329441070557,
  "0x613a": 4.898672103881836,
  "0x613b": 3.0002431869506836,
  "0x66ee": 5.023924827575684,
  "0x66ef": 2.7043216228485107,
  "0x2e5a": 6.400543212890625,
  "0x2e5b": 3.497965097427368,
  "0x3b30": 8.09986686706543,
  "0x3b31": 3.200315237045288,
  "0x4698": 7.497761249542236,
  "0x4699": 3.8029468059539795,
  "0x5110": 6.901374340057373,
  "0x5111": 3.3006083965301514,
  "0x599e": 5.9026288986206055,
  "0x599f": 2.9981329441070557,
  "0x613c": 4.898672103881836,
  "0x613d": 3.0002431869506836,
  "0x66f0": 5.023924827575684,
  "0x66f1": 2.7043216228485107,
  "0x2e5c": 6.400543212890625,
  "0x2e5d": 3.497965097427368,
  "0x3b32": 8.09986686706543,
  "0x3b33": 3.200315237045288,
  "0x469a": 7.497761249542236,
  "0x469b": 3.8029468059539795,
  "0x5112": 6.901374340057373,
  "0x5113": 3.3006083965301514,
  "0x59a0": 5.9026288986206055,
  "0x59a1": 2.9981329441070557,
  "0x613e": 4.898672103881836,
  "0x613f": 3.0002431869506836,
  "0x66f2": 5.023924827575684,
  "0x66f3": 2.7043216228485107,
  "0x2e5e": 6.400543212890625,
  "0x2e5f": 3.497965097427368,
  "0x3b34": 8.09986686706543,
  "0x3b35": 3.200315237045288,
  "0x469c": 7.497761249542236,
  "0x469d": 3.8029468059539795,
  "0x5114": 6.901374340057373,
  "0x5115": 3.3006083965301514,
  "0x59a2": 5.9026288986206055,
  "0x59a3": 2.9981329441070557,
  "0x6140": 4.898672103881836,
  "0x6141": 3.0002431869506836,
  "0x66f4": 5.023924827575684,
  "0x66f5": 2.7043216228485107,
  "0x2e60": 6.400543212890625,
  "0x2e61": 3.497965097427368,
  "0x3b36": 8.09986686706543,
  "0x3b37": 3.200315237045288,
  "0x469e": 7.497761249542236,
  "0x469f": 3.8029468059539795,
  "0x5116": 6.901374340057373,
  "0x5117": 3.3006083965301514,
  "0x59a4": 5.9026288986206055,
  "0x59a5": 2.9981329441070557,
  "0x6142": 4.898672103881836,
  "0x6143": 3.0002431869506836,
  "0x66f6": 5.023924827575684,
  "0x66f7": 2.7043216228485107,
  "0x2e62": 6.400543212890625,
  "0x2e63": 3.497965097427368,
  "0x3b38": 8.09986686706543,
  "0x3b39": 3.200315237045288,
  "0x46a0": 7.497761249542236,
  "0x46a1": 3.8029468059539795,
  "0x5118": 6.901374340057373,
  "0x5119": 3.3006083965301514,
  "0x59a6": 5.9026288986206055,
  "0x59a7": 2.9981329441070557,
  "0x6144": 4.898672103881836,
  "0x6145": 3.0002431869506836,
  "0x66f8": 5.023924827575684,
  "0x66f9": 2.7043216228485107
}