{
  "0x2e72": 6.293400287628174,
  "0x2e73": 3.3501060009002686,
  "0x3b48": 9.900203704833984,
  "0x3b49": 3.806304931640625,
  "0x46b0": 8.79967975616455,
  "0x46b1": 4.191405773162842,
  "0x5128": 7.18785285949707,
  "0x5129": 3.398045063018799,
  "0x59b6": 4.274504661560059,
  "0x59b7": 3.169316530227661,
  "0x6154": 5.804924011230469,
  "0x6155": 2.9694204330444336,
  "0x6708": 5.3372802734375,
  "0x6709": 2.8240485191345215,
  "0x7140": 7.65617036819458,
  "0x7141": 3.6676809787750244,
  "0x2e74": 6.4991135597229,
  "0x2e75": 3.4011569023132324,
  "0x3b4a": 9.900203704833984,
  "0x3b4b": 3.800114631652832,
  "0x46b2": 8.801966667175293,
  "0x46b3": 4.198436737060547,
  "0x512a": 7.3939900398254395,
  "0x512b": 3.5061850547790527,
  "0x59b8": 4.20200777053833,
  "0x59b9": 3.2991716861724854,
  "0x6156": 6.00532865524292,
  "0x6157": 3.0956079959869385,
  "0x670a": 5.698741912841797,
  "0x670b": 3.1063308715820312,
  "0x7142": 7.677098751068115,
  "0x7143": 3.6768715381622314,
  "0x2e76": 6.499197483062744,
  "0x2e77": 3.4009337425231934,
  "0x3b4c": 9.900287628173828,
  "0x3b4d": 3.799891471862793,
  "0x46b4": 8.802050590515137,
  "0x46b5": 4.198213577270508,
  "0x512c": 7.464959621429443,
  "0x512d": 3.5161471366882324,
  "0x59ba": 4.322070121765137,
  "0x59bb": 3.2509467601776123,
  "0x6158": 6.014191627502441,
  "0x6159": 3.14589524269104,
  "0x670c": 5.655207633972168,
  "0x670d": 3.171588659286499,
  "0x7144": 7.641478061676025,
  "0x7145": 3.696458101272583,
  "0x2e78": 6.652740955352783,
  "0x2e79": 3.4237637519836426,
  "0x3b4e": 9.900287628173828,
  "0x3b4f": 3.799891471862793,
  "0x46b6": 8.802050590515137,
  "0x46b7": 4.18166446685791,
  "0x512e": 7.65531587600708,
  "0x512f": 3.4508519172668457,
  "0x59bc": 4.361776828765869,
  "0x59bd": 3.1747710704803467,
  "0x615a": 6.1046857833862305,
  "0x615b": 3.0697195529937744,
  "0x670e": 5.887576580047607,
  "0x670f": 3.083646774291992,
  "0x7146": 7.619216442108154,
  "0x7147": 3.6248619556427,
  "0x2e7a": 6.652719974517822,
  "0x2e7b": 3.423591375350952,
  "0x3b50": 9.900716781616211,
  "0x3b51": 3.7992615699768066,
  "0x46b8": 8.800082206726074,
  "0x46b9": 4.18418550491333,
  "0x5130": 7.691360950469971,
  "0x5131": 3.4561734199523926,
  "0x59be": 4.40552282333374,
  "0x59bf": 3.1755073070526123,
  "0x615c": 6.101080894470215,
  "0x615d": 3.069058895111084,
  "0x6710": 5.927415370941162,
  "0x6711": 3.087416172027588,
  "0x7148": 7.616557598114014,
  "0x7149": 3.628631353378296,
  "0x2e7c": 6.652719974517822,
  "0x2e7d": 3.423591375350952,
  "0x3b52": 9.900716781616211,
  "0x3b53": 3.7992615699768066,
  "0x46ba": 8.800082206726074,
  "0x46bb": 4.18418550491333,
  "0x5132": 7.691360950469971,
  "0x5133": 3.4561734199523926,
  "0x59c0": 4.40552282333374,
  "0x59c1": 3.1755073070526123,
  "0x615e": 6.101080894470215,
  "0x615f": 3.069058895111084,
  "0x6712": 5.927415370941162,
  "0x6713": 3.087416172027588,
  "0x714a": 7.616557598114014,
  "0x714b": 3.628631353378296,
  "0x2e7e": 6.652719974517822,
  "0x2e7f": 3.423591375350952,
  "0x3b54": 9.900716781616211,
  "0x3b55": 3.7992615699768066,
  "0x46bc": 8.800082206726074,
  "0x46bd": 4.18418550491333,
  "0x5134": 7.691360950469971,
  "0x5135": 3.4561734199523926,
  "0x59c2": 4.40552282333374,
  "0x59c3": 3.1755073070526123,
  "0x6160": 6.101080894470215,
  "0x6161": 3.069058895111084,
  "0x6714": 5.927415370941162,
  "0x6715": 3.087416172027588,
  "0x714c": 7.616557598114014,
  "0x714d": 3.628631353378296
}