{
  "0x306a": 5.7,
  "0x306b": 0.3999999999999999,
  "0x3d40": 10.2,
  "0x3d41": 3.0,
  "0x48a8": 5.300000000000002,
  "0x48a9": 3.4000000000000004,
  "0x5320": 4.6,
  "0x5321": 2.6,
  "0x5bae": 4.6,
  "0x5baf": 2.5,
  "0x634c": 7.1,
  "0x634d": 0.0,
  "0x6900": 4.1,
  "0x6901": 1.7000000000000002,
  "0x6dc2": 10.2,
  "0x6dc3": 0.2999999999999998,
  "0x7338": 2.9000000000000004,
  "0x7339": 1.9,
  "0x77bc": 5.0,
  "0x77bd": 0.5999999999999996,
  "0x306c": 1.1999999999999993,
  "0x306d": 1.4,
  "0x3d42": 4.800000000000002,
  "0x3d43": 0.9000000000000004,
  "0x48aa": 6.5,
  "0x48ab": 3.0,
  "0x5322": 6.6,
  "0x5323": 2.9000000000000004,
  "0x5bb0": 0.5,
  "0x5bb1": 1.9,
  "0x634e": 0.7000000000000002,
  "0x634f": 1.5,
  "0x6902": 4.9,
  "0x6903": 1.4,
  "0x6dc4": 3.0,
  "0x6dc5": 1.7999999999999998,
  "0x733a": 4.800000000000002,
  "0x733b": 3.8,
  "0x77be": 8.4,
  "0x77bf": 2.1,
  "0x306e": 3.4000000000000004,
  "0x306f": 1.0,
  "0x3d44": 7.199999999999998,
  "0x3d45": 3.6,
  "0x48ac": 3.9,
  "0x48ad": 0.9000000000000004,
  "0x5324": 3.6999999999999993,
  "0x5325": 0.5999999999999996,
  "0x5bb2": 2.6,
  "0x5bb3": 1.2000000000000002,
  "0x6350": 1.7999999999999998,
  "0x6351": 2.3,
  "0x6904": 4.4,
  "0x6905": 0.5,
  "0x6dc6": 8.6,
  "0x6dc7": 3.5,
  "0x733c": 8.4,
  "0x733d": 0.0,
  "0x77c0": 5.199999999999998,
  "0x77c1": 1.2000000000000002,
  "0x3070": 5.0,
  "0x3071": 4.0,
  "0x3d46": 7.0,
  "0x3d47": 2.9000000000000004,
  "0x48ae": 5.0,
  "0x48af": 4.3,
  "0x5326": 4.6,
  "0x5327": 1.7999999999999998,
  "0x5bb4": 2.9000000000000004,
  "0x5bb5": 2.0,
  "0x6352": 3.8,
  "0x6353": 1.9,
  "0x6906": 1.4000000000000004,
  "0x6907": 1.7999999999999998,
  "0x6dc8": 7.800000000000002,
  "0x6dc9": 0.7000000000000002,
  "0x733e": 6.9,
  "0x733f": 2.7,
  "0x77c2": 7.800000000000002,
  "0x77c3": 2.4000000000000004,
  "0x3072": 2.2,
  "0x3073": 3.4000000000000004,
  "0x3d48": 8.8,
  "0x3d49": 2.1,
  "0x48b0": 8.3,
  "0x48b1": 3.9,
  "0x5328": 8.3,
  "0x5329": 0.7000000000000002,
  "0x5bb6": 7.199999999999998,
  "0x5bb7": 2.4,
  "0x6354": 2.5,
  "0x6355": 0.6000000000000001,
  "0x6908": 7.5,
  "0x6909": 1.7000000000000002,
  "0x6dca": 6.5,
  "0x6dcb": 4.4,
  "0x7340": 5.0,
  "0x7341": 2.3,
  "0x77c4": 9.9,
  "0x77c5": 1.5,
  "0x3074": 1.9000000000000004,
  "0x3075": 0.7999999999999998,
  "0x3d4a": 7.699999999999998,
  "0x3d4b": 1.7999999999999998,
  "0x48b2": 1.7000000000000002,
  "0x48b3": 1.7000000000000002,
  "0x532a": 2.1,
  "0x532b": 0.0,
  "0x5bb8": 3.3,
  "0x5bb9": 0.0,
  "0x6356": 4.0,
  "0x6357": 2.6,
  "0x690a": 0.0999999999999996,
  "0x690b": 1.0,
  "0x6dcc": 2.3000000000000007,
  "0x6dcd": 2.4000000000000004,
  "0x7342": 1.7000000000000002,
  "0x7343": 2.8,
  "0x77c6": 6.6,
  "0x77c7": 1.5,
  "0x3076": 4.6,
  "0x3077": 2.9,
  "0x3d4c": 8.5,
  "0x3d4d": 1.6,
  "0x48b4": 6.0,
  "0x48b5": 2.6,
  "0x532c": 5.5,
  "0x532d": 3.5,
  "0x5bba": 0.0,
  "0x5bbb": 1.4,
  "0x6358": 3.9,
  "0x6359": 0.0,
  "0x690c": 0.7999999999999998,
  "0x690d": 2.2,
  "0x6dce": 5.1,
  "0x6dcf": 2.9000000000000004,
  "0x7344": 4.9,
  "0x7345": 0.0,
  "0x77c8": 4.300000000000002,
  "0x77c9": 2.1
}