{
  "0x2cea": 9.901378631591797,
  "0x2ceb": 4.698995113372803,
  "0x39c0": 12.199701309204102,
  "0x39c1": 5.499487400054932,
  "0x4528": 12.595877647399902,
  "0x4529": 4.803529739379883,
  "0x4fa0": 10.897738456726074,
  "0x4fa1": 3.6024765968322754,
  "0x582e": 8.95627498626709,
  "0x582f": 4.070418834686279,
  "0x5fcc": 7.700198173522949,
  "0x5fcd": 3.5992722511291504,
  "0x2cec": 9.901378631591797,
  "0x2ced": 4.698995113372803,
  "0x39c2": 12.199701309204102,
  "0x39c3": 5.499487400054932,
  "0x452a": 12.595877647399902,
  "0x452b": 4.803529739379883,
  "0x4fa2": 10.897738456726074,
  "0x4fa3": 3.6024765968322754,
  "0x5830": 8.95627498626709,
  "0x5831": 4.070418834686279,
  "0x5fce": 7.700198173522949,
  "0x5fcf": 3.5992722511291504,
  "0x2cee": 9.901378631591797,
  "0x2cef": 4.698995113372803,
  "0x39c4": 12.199701309204102,
  "0x39c5": 5.499487400054932,
  "0x452c": 12.595877647399902,
  "0x452d": 4.803529739379883,
  "0x4fa4": 10.897738456726074,
  "0x4fa5": 3.6024765968322754,
  "0x5832": 8.95627498626709,
  "0x5833": 4.070418834686279,
  "0x5fd0": 7.700198173522949,
  "0x5fd1": 3.5992722511291504,
  "0x2cf0": 9.901378631591797,
  "0x2cf1": 4.698995113372803,
  "0x39c6": 12.199701309204102,
  "0x39c7": 5.499487400054932,
  "0x452e": 12.595877647399902,
  "0x452f": 4.803529739379883,
  "0x4fa6": 10.897738456726074,
  "0x4fa7": 3.6024765968322754,
  "0x5834": 8.95627498626709,
  "0x5835": 4.070418834686279,
  "0x5fd2": 7.700198173522949,
  "0x5fd3": 3.5992722511291504,
  "0x2cf2": 9.901378631591797,
  "0x2cf3": 4.698995113372803,
  "0x39c8": 12.199701309204102,
  "0x39c9": 5.499487400054932,
  "0x4530": 12.595877647399902,
  "0x4531": 4.803529739379883,
  "0x4fa8": 10.897738456726074,
  "0x4fa9": 3.6024765968322754,
  "0x5836": 8.95627498626709,
  "0x5837": 4.070418834686279,
  "0x5fd4": 7.700198173522949,
  "0x5fd5": 3.5992722511291504,
  "0x2cf4": 9.901378631591797,
  "0x2cf5": 4.698995113372803,
  "0x39ca": 12.199701309204102,
  "0x39cb": 5.499487400054932,
  "0x4532": 12.595877647399902,
  "0x4533": 4.803529739379883,
  "0x4faa": 10.897738456726074,
  "0x4fab": 3.6024765968322754,
  "0x5838": 8.95627498626709,
  "0x5839": 4.070418834686279,
  "0x5fd6": 7.700198173522949,
  "0x5fd7": 3.5992722511291504,
  "0x2cf6": 9.901378631591797,
  "0x2cf7": 4.698995113372803,
  "0x39cc": 12.199701309204102,
  "0x39cd": 5.499487400054932,
  "0x4534": 12.595877647399902,
  "0x4535": 4.803529739379883,
  "0x4fac": 10.897738456726074,
  "0x4fad": 3.6024765968322754,
  "0x583a": 8.95627498626709,
  "0x583b": 4.070418834686279,
  "0x5fd8": 7.700198173522949,
  "0x5fd9": 3.5992722511291504
}