{
  "0x2de6": 7.5034379959106445,
  "0x2de7": 3.799513578414917,
  "0x3abc": 12.099462509155273,
  "0x3abd": 4.696920394897461,
  "0x4624": 9.899678230285645,
  "0x4625": 3.802053928375244,
  "0x509c": 9.700448036193848,
  "0x509d": 4.299272537231445,
  "0x592a": 7.796883583068848,
  "0x592b": 3.3013572692871094,
  "0x60c8": 6.2002482414245605,
  "0x60c9": 3.1997618675231934,
  "0x2de8": 7.5034379959106445,
  "0x2de9": 3.799513578414917,
  "0x3abe": 12.099462509155273,
  "0x3abf": 4.696920394897461,
  "0x4626": 9.899678230285645,
  "0x4627": 3.802053928375244,
  "0x509e": 9.700448036193848,
  "0x509f": 4.299272537231445,
  "0x592c": 7.796883583068848,
  "0x592d": 3.3013572692871094,
  "0x60ca": 6.2002482414245605,
  "0x60cb": 3.1997618675231934,
  "0x2dea": 7.5034379959106445,
  "0x2deb": 3.799513578414917,
  "0x3ac0": 12.099462509155273,
  "0x3ac1": 4.696920394897461,
  "0x4628": 9.899678230285645,
  "0x4629": 3.802053928375244,
  "0x50a0": 9.700448036193848,
  "0x50a1": 4.299272537231445,
  "0x592e": 7.796883583068848,
  "0x592f": 3.3013572692871094,
  "0x60cc": 6.2002482414245605,
  "0x60cd": 3.1997618675231934,
  "0x2dec": 7.5034379959106445,
  "0x2ded": 3.799513578414917,
  "0x3ac2": 12.099462509155273,
  "0x3ac3": 4.696920394897461,
  "0x462a": 9.899678230285645,
  "0x462b": 3.802053928375244,
  "0x50a2": 9.700448036193848,
  "0x50a3": 4.299272537231445,
  "0x5930": 7.796883583068848,
  "0x5931": 3.3013572692871094,
  "0x60ce": 6.2002482414245605,
  "0x60cf": 3.1997618675231934,
  "0x2dee": 7.5034379959106445,
  "0x2def": 3.799513578414917,
  "0x3ac4": 12.099462509155273,
  "0x3ac5": 4.696920394897461,
  "0x462c": 9.899678230285645,
  "0x462d": 3.802053928375244,
  "0x50a4": 9.700448036193848,
  "0x50a5": 4.299272537231445,
  "0x5932": 7.796883583068848,
  "0x5933": 3.3013572692871094,
  "0x60d0": 6.2002482414245605,
  "0x60d1": 3.1997618675231934,
  "0x2df0": 7.5034379959106445,
  "0x2df1": 3.799513578414917,
  "0x3ac6": 12.099462509155273,
  "0x3ac7": 4.696920394897461,
  "0x462e": 9.899678230285645,
  "0x462f": 3.802053928375244,
  "0x50a6": 9.700448036193848,
  "0x50a7": 4.299272537231445,
  "0x5934": 7.796883583068848,
  "0x5935": 3.3013572692871094,
  "0x60d2": 6.2002482414245605,
  "0x60d3": 3.1997618675231934,
  "0x2df2": 7.5034379959106445,
  "0x2df3": 3.799513578414917,
  "0x3ac8": 12.099462509155273,
  "0x3ac9": 4.696920394897461,
  "0x4630": 9.899678230285645,
  "0x4631": 3.802053928375244,
  "0x50a8": 9.700448036193848,
  "0x50a9": 4.299272537231445,
  "0x5936": 7.796883583068848,
  "0x5937": 3.3013572692871094,
  "0x60d4": 6.2002482414245605,
  "0x60d5": 3.1997618675231934
}