{
  "0x2ba8": 7.000810146331787,
  "0x2ba9": 3.2971456050872803,
  "0x387e": 7.799771785736084,
  "0x387f": 3.400819778442383,
  "0x43e6": 6.798616409301758,
  "0x43e7": 3.0028789043426514,
  "0x4e5e": 7.100286483764648,
  "0x4e5f": 3.098963975906372,
  "0x56ec": 5.598043441772461,
  "0x56ed": 2.5007877349853516,
  "0x2baa": 7.000810146331787,
  "0x2bab": 3.2971456050872803,
  "0x3880": 7.799771785736084,
  "0x3881": 3.400819778442383,
  "0x43e8": 6.798616409301758,
  "0x43e9": 3.0028789043426514,
  "0x4e60": 7.100286483764648,
  "0x4e61": 3.098963975906372,
  "0x56ee": 5.598043441772461,
  "0x56ef": 2.5007877349853516,
  "0x2bac": 7.000810146331787,
  "0x2bad": 3.2971456050872803,
  "0x3882": 7.799771785736084,
  "0x3883": 3.400819778442383,
  "0x43ea": 6.798616409301758,
  "0x43eb": 3.0028789043426514,
  "0x4e62": 7.100286483764648,
  "0x4e63": 3.098963975906372,
  "0x56f0": 5.598043441772461,
  "0x56f1": 2.5007877349853516,
  "0x2bae": 7.000810146331787,
  "0x2baf": 3.2971456050872803,
  "0x3884": 7.799771785736084,
  "0x3885": 3.400819778442383,
  "0x43ec": 6.798616409301758,
  "0x43ed": 3.0028789043426514,
  "0x4e64": 7.100286483764648,
  "0x4e65": 3.098963975906372,
  "0x56f2": 5.598043441772461,
  "0x56f3": 2.5007877349853516,
  "0x2bb0": 7.000810146331787,
  "0x2bb1": 3.2971456050872803,
  "0x3886": 7.799771785736084,
  "0x3887": 3.400819778442383,
  "0x43ee": 6.798616409301758,
  "0x43ef": 3.0028789043426514,
  "0x4e66": 7.100286483764648,
  "0x4e67": 3.098963975906372,
  "0x56f4": 5.598043441772461,
  "0x56f5": 2.5007877349853516,
  "0x2bb2": 7.000810146331787,
  "0x2bb3": 3.2971456050872803,
  "0x3888": 7.799771785736084,
  "0x3889": 3.400819778442383,
  "0x43f0": 6.798616409301758,
  "0x43f1": 3.0028789043426514,
  "0x4e68": 7.100286483764648,
  "0x4e69": 3.098963975906372,
  "0x56f6": 5.598043441772461,
  "0x56f7": 2.5007877349853516,
  "0x2bb4": 7.000810146331787,
  "0x2bb5": 3.2971456050872803,
  "0x388a": 7.799771785736084,
  "0x388b": 3.400819778442383,
  "0x43f2": 6.798616409301758,
  "0x43f3": 3.0028789043426514,
  "0x4e6a": 7.100286483764648,
  "0x4e6b": 3.098963975906372,
  "0x56f8": 5.598043441772461,
  "0x56f9": 2.5007877349853516
}