{
  "0x2cce": 10.896657943725586,
  "0x2ccf": 4.201020240783691,
  "0x39a4": 12.908576011657715,
  "0x39a5": 6.294003009796143,
  "0x450c": 10.696436882019043,
  "0x450d": 5.502062797546387,
  "0x4f84": 9.902329444885254,
  "0x4f85": 4.798786640167236,
  "0x5812": 7.99520206451416,
  "0x5813": 3.601853370666504,
  "0x5fb0": 7.702291965484619,
  "0x5fb1": 3.199674367904663,
  "0x2cd0": 10.896657943725586,
  "0x2cd1": 4.201020240783691,
  "0x39a6": 12.908576011657715,
  "0x39a7": 6.294003009796143,
  "0x450e": 10.696436882019043,
  "0x450f": 5.502062797546387,
  "0x4f86": 9.902329444885254,
  "0x4f87": 4.798786640167236,
  "0x5814": 7.99520206451416,
  "0x5815": 3.601853370666504,
  "0x5fb2": 7.702291965484619,
  "0x5fb3": 3.199674367904663,
  "0x2cd2": 10.896657943725586,
  "0x2cd3": 4.201020240783691,
  "0x39a8": 12.908576011657715,
  "0x39a9": 6.294003009796143,
  "0x4510": 10.696436882019043,
  "0x4511": 5.502062797546387,
  "0x4f88": 9.902329444885254,
  "0x4f89": 4.798786640167236,
  "0x5816": 7.99520206451416,
  "0x5817": 3.601853370666504,
  "0x5fb4": 7.702291965484619,
  "0x5fb5": 3.199674367904663,
  "0x2cd4": 10.896657943725586,
  "0x2cd5": 4.201020240783691,
  "0x39aa": 12.908576011657715,
  "0x39ab": 6.294003009796143,
  "0x4512": 10.696436882019043,
  "0x4513": 5.502062797546387,
  "0x4f8a": 9.902329444885254,
  "0x4f8b": 4.798786640167236,
  "0x5818": 7.99520206451416,
  "0x5819": 3.601853370666504,
  "0x5fb6": 7.702291965484619,
  "0x5fb7": 3.199674367904663,
  "0x2cd6": 10.896657943725586,
  "0x2cd7": 4.201020240783691,
  "0x39ac": 12.908576011657715,
  "0x39ad": 6.294003009796143,
  "0x4514": 10.696436882019043,
  "0x4515": 5.502062797546387,
  "0x4f8c": 9.902329444885254,
  "0x4f8d": 4.798786640167236,
  "0x581a": 7.99520206451416,
  "0x581b": 3.601853370666504,
  "0x5fb8": 7.702291965484619,
  "0x5fb9": 3.199674367904663,
  "0x2cd8": 10.896657943725586,
  "0x2cd9": 4.201020240783691,
  "0x39ae": 12.908576011657715,
  "0x39af": 6.294003009796143,
  "0x4516": 10.696436882019043,
  "0x4517": 5.502062797546387,
  "0x4f8e": 9.902329444885254,
  "0x4f8f": 4.798786640167236,
  "0x581c": 7.99520206451416,
  "0x581d": 3.601853370666504,
  "0x5fba": 7.702291965484619,
  "0x5fbb": 3.199674367904663,
  "0x2cda": 10.896657943725586,
  "0x2cdb": 4.201020240783691,
  "0x39b0": 12.908576011657715,
  "0x39b1": 6.294003009796143,
  "0x4518": 10.696436882019043,
  "0x4519": 5.502062797546387,
  "0x4f90": 9.902329444885254,
  "0x4f91": 4.798786640167236,
  "0x581e": 7.99520206451416,
  "0x581f": 3.601853370666504,
  "0x5fbc": 7.702291965484619,
  "0x5fbd": 3.199674367904663
}