{
  "0x2d06": 8.858403205871582,
  "0x2d07": 4.423208236694336,
  "0x39dc": 9.801743507385254,
  "0x39dd": 4.944136142730713,
  "0x4544": 10.002141952514648,
  "0x4545": 4.838148593902588,
  "0x4fbc": 9.086870193481445,
  "0x4fbd": 4.194293022155762,
  "0x584a": 7.2103705406188965,
  "0x584b": 3.3954734802246094,
  "0x5fe8": 7.823950290679932,
  "0x5fe9": 3.545276403427124,
  "0x2d08": 8.863292694091797,
  "0x2d09": 4.4098005294799805,
  "0x39de": 9.800442695617676,
  "0x39df": 4.999989986419678,
  "0x4546": 10.034090042114258,
  "0x4547": 4.86708927154541,
  "0x4fbe": 9.073773384094238,
  "0x4fbf": 4.190392017364502,
  "0x584c": 7.183101654052734,
  "0x584d": 3.36896014213562,
  "0x5fea": 7.801761627197266,
  "0x5feb": 3.547654390335083,
  "0x2d0a": 8.898770332336426,
  "0x2d0b": 4.401010513305664,
  "0x39e0": 9.800442695617676,
  "0x39e1": 4.999989986419678,
  "0x4548": 9.795958518981934,
  "0x4549": 4.504760265350342,
  "0x4fc0": 9.102911949157715,
  "0x4fc1": 4.097776412963867,
  "0x584e": 7.193495273590088,
  "0x584f": 3.2903964519500732,
  "0x5fec": 7.7987284660339355,
  "0x5fed": 3.3017139434814453,
  "0x2d0c": 8.898770332336426,
  "0x2d0d": 4.401010513305664,
  "0x39e2": 9.800442695617676,
  "0x39e3": 4.999989986419678,
  "0x454a": 9.795958518981934,
  "0x454b": 4.504760265350342,
  "0x4fc2": 9.102911949157715,
  "0x4fc3": 4.097776412963867,
  "0x5850": 7.193495273590088,
  "0x5851": 3.2903964519500732,
  "0x5fee": 7.7987284660339355,
  "0x5fef": 3.3017139434814453,
  "0x2d0e": 8.898770332336426,
  "0x2d0f": 4.401010513305664,
  "0x39e4": 9.800442695617676,
  "0x39e5": 4.999989986419678,
  "0x454c": 9.795958518981934,
  "0x454d": 4.504760265350342,
  "0x4fc4": 9.102911949157715,
  "0x4fc5": 4.097776412963867,
  "0x5852": 7.193495273590088,
  "0x5853": 3.2903964519500732,
  "0x5ff0": 7.7987284660339355,
  "0x5ff1": 3.3017139434814453,
  "0x2d10": 8.898770332336426,
  "0x2d11": 4.401010513305664,
  "0x39e6": 9.800442695617676,
  "0x39e7": 4.999989986419678,
  "0x454e": 9.795958518981934,
  "0x454f": 4.504760265350342,
  "0x4fc6": 9.102911949157715,
  "0x4fc7": 4.097776412963867,
  "0x5854": 7.193495273590088,
  "0x5855": 3.2903964519500732,
  "0x5ff2": 7.7987284660339355,
  "0x5ff3": 3.3017139434814453,
  "0x2d12": 8.898770332336426,
  "0x2d13": 4.401010513305664,
  "0x39e8": 9.800442695617676,
  "0x39e9": 4.999989986419678,
  "0x4550": 9.795958518981934,
  "0x4551": 4.504760265350342,
  "0x4fc8": 9.102911949157715,
  "0x4fc9": 4.097776412963867,
  "0x5856": 7.193495273590088,
  "0x5857": 3.2903964519500732,
  "0x5ff4": 7.7987284660339355,
  "0x5ff5": 3.3017139434814453
}