{
  "0x2bfc": 7.199631690979004,
  "0x2bfd": 3.600698232650757,
  "0x38d2": 9.398710250854492,
  "0x38d3": 4.401187419891357,
  "0x443a": 7.307762622833252,
  "0x443b": 4.4925689697265625,
  "0x4eb2": 8.896852493286133,
  "0x4eb3": 3.8026325702667236,
  "0x5740": 5.827905654907227,
  "0x5741": 3.2897088527679443,
  "0x2bfe": 7.199631690979004,
  "0x2bff": 3.600698232650757,
  "0x38d4": 9.398710250854492,
  "0x38d5": 4.401187419891357,
  "0x443c": 7.307762622833252,
  "0x443d": 4.4925689697265625,
  "0x4eb4": 8.896852493286133,
  "0x4eb5": 3.8026325702667236,
  "0x5742": 5.827905654907227,
  "0x5743": 3.2897088527679443,
  "0x2c00": 7.199631690979004,
  "0x2c01": 3.600698232650757,
  "0x38d6": 9.398710250854492,
  "0x38d7": 4.401187419891357,
  "0x443e": 7.307762622833252,
  "0x443f": 4.4925689697265625,
  "0x4eb6": 8.896852493286133,
  "0x4eb7": 3.8026325702667236,
  "0x5744": 5.827905654907227,
  "0x5745": 3.2897088527679443,
  "0x2c02": 7.199631690979004,
  "0x2c03": 3.600698232650757,
  "0x38d8": 9.398710250854492,
  "0x38d9": 4.401187419891357,
  "0x4440": 7.307762622833252,
  "0x4441": 4.4925689697265625,
  "0x4eb8": 8.896852493286133,
  "0x4eb9": 3.8026325702667236,
  "0x5746": 5.827905654907227,
  "0x5747": 3.2897088527679443,
  "0x2c04": 7.199631690979004,
  "0x2c05": 3.600698232650757,
  "0x38da": 9.398710250854492,
  "0x38db": 4.401187419891357,
  "0x4442": 7.307762622833252,
  "0x4443": 4.4925689697265625,
  "0x4eba": 8.896852493286133,
  "0x4ebb": 3.8026325702667236,
  "0x5748": 5.827905654907227,
  "0x5749": 3.2897088527679443,
  "0x2c06": 7.199631690979004,
  "0x2c07": 3.600698232650757,
  "0x38dc": 9.398710250854492,
  "0x38dd": 4.401187419891357,
  "0x4444": 7.307762622833252,
  "0x4445": 4.4925689697265625,
  "0x4ebc": 8.896852493286133,
  "0x4ebd": 3.8026325702667236,
  "0x574a": 5.827905654907227,
  "0x574b": 3.2897088527679443,
  "0x2c08": 7.199631690979004,
  "0x2c09": 3.600698232650757,
  "0x38de": 9.398710250854492,
  "0x38df": 4.401187419891357,
  "0x4446": 7.307762622833252,
  "0x4447": 4.4925689697265625,
  "0x4ebe": 8.896852493286133,
  "0x4ebf": 3.8026325702667236,
  "0x574c": 5.827905654907227,
  "0x574d": 3.2897088527679443
}