{
  "0x2ec6": 3.149341106414795,
  "0x2ec7": 1.912584900856018,
  "0x3b9c": 5.100447654724121,
  "0x3b9d": 2.599658966064453,
  "0x4704": 7.09346866607666,
  "0x4705": 2.236201286315918,
  "0x517c": 3.3753409385681152,
  "0x517d": 2.2949280738830566,
  "0x5a0a": 4.197319984436035,
  "0x5a0b": 1.601122260093689,
  "0x61a8": 0.803869366645813,
  "0x61a9": 2.6980173587799072,
  "0x675c": 0.8443168997764587,
  "0x675d": 1.5599262714385986,
  "0x7194": 3.8015973567962646,
  "0x7195": 2.997040271759033,
  "0x2ec8": 3.3661484718322754,
  "0x2ec9": 1.949588656425476,
  "0x3b9e": 5.073458671569824,
  "0x3b9f": 2.610949993133545,
  "0x4706": 7.031284809112549,
  "0x4707": 1.881566047668457,
  "0x517e": 3.357311725616455,
  "0x517f": 2.309089183807373,
  "0x5a0c": 3.307166337966919,
  "0x5a0d": 1.2917906045913696,
  "0x61aa": 0.803869366645813,
  "0x61ab": 2.6980173587799072,
  "0x675e": 0.8443168997764587,
  "0x675f": 1.5599262714385986,
  "0x7196": 3.7869760990142822,
  "0x7197": 3.254242420196533,
  "0x2eca": 3.4035913944244385,
  "0x2ecb": 1.8415248394012451,
  "0x3ba0": 5.073458671569824,
  "0x3ba1": 2.610949993133545,
  "0x4708": 7.035215854644775,
  "0x4709": 2.1349854469299316,
  "0x5180": 3.3613228797912598,
  "0x5181": 2.3144474029541016,
  "0x5a0e": 3.307166337966919,
  "0x5a0f": 1.2917906045913696,
  "0x61ac": 0.803869366645813,
  "0x61ad": 2.6980173587799072,
  "0x6760": 0.8443168997764587,
  "0x6761": 1.5599262714385986,
  "0x7198": 3.761223793029785,
  "0x7199": 3.2473607063293457,
  "0x2ecc": 3.194617748260498,
  "0x2ecd": 1.7206599712371826,
  "0x3ba2": 5.073458671569824,
  "0x3ba3": 2.610949993133545,
  "0x470a": 6.848945140838623,
  "0x470b": 2.1580662727355957,
  "0x5182": 3.361701011657715,
  "0x5183": 2.3045969009399414,
  "0x5a10": 3.307166337966919,
  "0x5a11": 1.2917906045913696,
  "0x61ae": 0.803869366645813,
  "0x61af": 2.6980173587799072,
  "0x6762": 0.8610284924507141,
  "0x6763": 1.3472745418548584,
  "0x719a": 3.8820266723632812,
  "0x719b": 3.044642210006714,
  "0x2ece": 3.1214561462402344,
  "0x2ecf": 1.7886152267456055,
  "0x3ba4": 5.073458671569824,
  "0x3ba5": 2.610949993133545,
  "0x470c": 6.84510612487793,
  "0x470d": 2.1585378646850586,
  "0x5184": 2.1376476287841797,
  "0x5185": 2.373008966445923,
  "0x5a12": 3.307166337966919,
  "0x5a13": 1.2917906045913696,
  "0x61b0": 0.803869366645813,
  "0x61b1": 2.6980173587799072,
  "0x6764": 0.8610284924507141,
  "0x6765": 1.3472745418548584,
  "0x719c": 3.946441411972046,
  "0x719d": 2.940605401992798,
  "0x2ed0": 2.9735686779022217,
  "0x2ed1": 1.427659511566162,
  "0x3ba6": 5.073458671569824,
  "0x3ba7": 2.610949993133545,
  "0x470e": 4.495120525360107,
  "0x470f": 2.160163640975952,
  "0x5186": 2.1376476287841797,
  "0x5187": 2.373008966445923,
  "0x5a14": 3.307166337966919,
  "0x5a15": 1.2917906045913696,
  "0x61b2": 0.803869366645813,
  "0x61b3": 2.6980173587799072,
  "0x6766": 0.8610284924507141,
  "0x6767": 1.3472745418548584,
  "0x719e": 3.8228721618652344,
  "0x719f": 2.999431848526001,
  "0x2ed2": 2.9735686779022217,
  "0x2ed3": 1.427659511566162,
  "0x3ba8": 5.073458671569824,
  "0x3ba9": 2.610949993133545,
  "0x4710": 4.503752708435059,
  "0x4711": 2.149319887161255,
  "0x5188": 2.1376476287841797,
  "0x5189": 2.373008966445923,
  "0x5a16": 3.307166337966919,
  "0x5a17": 1.2917906045913696,
  "0x61b4": 0.803869366645813,
  "0x61b5": 2.6980173587799072,
  "0x6768": 0.8610284924507141,
  "0x6769": 1.3472745418548584,
  "0x71a0": 3.8228721618652344,
  "0x71a1": 2.999431848526001
}