{
  "date.value": {
    "0x2c0a": 1.5540768e+18,
    "0x2c0b": 1.5540768e+18,
    "0x38e0": 1.5540768e+18,
    "0x38e1": 1.5540768e+18,
    "0x4448": 1.5540768e+18,
    "0x4449": 1.5540768e+18,
    "0x4ec0": 1.5540768e+18,
    "0x4ec1": 1.5540768e+18,
    "0x574e": 1.5540768e+18,
    "0x574f": 1.5540768e+18,
    "0x2c0c": 1.5541632e+18,
    "0x2c0d": 1.5541632e+18,
    "0x38e2": 1.5541632e+18,
    "0x38e3": 1.5541632e+18,
    "0x444a": 1.5541632e+18,
    "0x444b": 1.5541632e+18,
    "0x4ec2": 1.5541632e+18,
    "0x4ec3": 1.5541632e+18,
    "0x5750": 1.5541632e+18,
    "0x5751": 1.5541632e+18,
    "0x2c0e": 1.5542496e+18,
    "0x2c0f": 1.5542496e+18,
    "0x38e4": 1.5542496e+18,
    "0x38e5": 1.5542496e+18,
    "0x444c": 1.5542496e+18,
    "0x444d": 1.5542496e+18,
    "0x4ec4": 1.5542496e+18,
    "0x4ec5": 1.5542496e+18,
    "0x5752": 1.5542496e+18,
    "0x5753": 1.5542496e+18,
    "0x2c10": 1.554336e+18,
    "0x2c11": 1.554336e+18,
    "0x38e6": 1.554336e+18,
    "0x38e7": 1.554336e+18,
    "0x444e": 1.554336e+18,
    "0x444f": 1.554336e+18,
    "0x4ec6": 1.554336e+18,
    "0x4ec7": 1.554336e+18,
    "0x5754": 1.554336e+18,
    "0x5755": 1.554336e+18,
    "0x2c12": 1.5544224e+18,
    "0x2c13": 1.5544224e+18,
    "0x38e8": 1.5544224e+18,
    "0x38e9": 1.5544224e+18,
    "0x4450": 1.5544224e+18,
    "0x4451": 1.5544224e+18,
    "0x4ec8": 1.5544224e+18,
    "0x4ec9": 1.5544224e+18,
    "0x5756": 1.5544224e+18,
    "0x5757": 1.5544224e+18,
    "0x2c14": 1.5545088e+18,
    "0x2c15": 1.5545088e+18,
    "0x38ea": 1.5545088e+18,
    "0x38eb": 1.5545088e+18,
    "0x4452": 1.5545088e+18,
    "0x4453": 1.5545088e+18,
    "0x4eca": 1.5545088e+18,
    "0x4ecb": 1.5545088e+18,
    "0x5758": 1.5545088e+18,
    "0x5759": 1.5545088e+18,
    "0x2c16": 1.5545952e+18,
    "0x2c17": 1.5545952e+18,
    "0x38ec": 1.5545952e+18,
    "0x38ed": 1.5545952e+18,
    "0x4454": 1.5545952e+18,
    "0x4455": 1.5545952e+18,
    "0x4ecc": 1.5545952e+18,
    "0x4ecd": 1.5545952e+18,
    "0x575a": 1.5545952e+18,
    "0x575b": 1.5545952e+18
  },
  "warehouse_ID.value": {
    "0x2c0a": 0.1,
    "0x2c0b": 0.1,
    "0x38e0": 0.30000000000000004,
    "0x38e1": 0.30000000000000004,
    "0x4448": 0.5,
    "0x4449": 0.5,
    "0x4ec0": 0.7000000000000001,
    "0x4ec1": 0.7000000000000001,
    "0x574e": 0.9,
    "0x574f": 0.9,
    "0x2c0c": 0.1,
    "0x2c0d": 0.1,
    "0x38e2": 0.30000000000000004,
    "0x38e3": 0.30000000000000004,
    "0x444a": 0.5,
    "0x444b": 0.5,
    "0x4ec2": 0.7000000000000001,
    "0x4ec3": 0.7000000000000001,
    "0x5750": 0.9,
    "0x5751": 0.9,
    "0x2c0e": 0.1,
    "0x2c0f": 0.1,
    "0x38e4": 0.30000000000000004,
    "0x38e5": 0.30000000000000004,
    "0x444c": 0.5,
    "0x444d": 0.5,
    "0x4ec4": 0.7000000000000001,
    "0x4ec5": 0.7000000000000001,
    "0x5752": 0.9,
    "0x5753": 0.9,
    "0x2c10": 0.1,
    "0x2c11": 0.1,
    "0x38e6": 0.30000000000000004,
    "0x38e7": 0.30000000000000004,
    "0x444e": 0.5,
    "0x444f": 0.5,
    "0x4ec6": 0.7000000000000001,
    "0x4ec7": 0.7000000000000001,
    "0x5754": 0.9,
    "0x5755": 0.9,
    "0x2c12": 0.1,
    "0x2c13": 0.1,
    "0x38e8": 0.30000000000000004,
    "0x38e9": 0.30000000000000004,
    "0x4450": 0.5,
    "0x4451": 0.5,
    "0x4ec8": 0.7000000000000001,
    "0x4ec9": 0.7000000000000001,
    "0x5756": 0.9,
    "0x5757": 0.9,
    "0x2c14": 0.1,
    "0x2c15": 0.1,
    "0x38ea": 0.30000000000000004,
    "0x38eb": 0.30000000000000004,
    "0x4452": 0.5,
    "0x4453": 0.5,
    "0x4eca": 0.7000000000000001,
    "0x4ecb": 0.7000000000000001,
    "0x5758": 0.9,
    "0x5759": 0.9,
    "0x2c16": 0.1,
    "0x2c17": 0.1,
    "0x38ec": 0.30000000000000004,
    "0x38ed": 0.30000000000000004,
    "0x4454": 0.5,
    "0x4455": 0.5,
    "0x4ecc": 0.7000000000000001,
    "0x4ecd": 0.7000000000000001,
    "0x575a": 0.9,
    "0x575b": 0.9
  },
  "Product_Type.value": {
    "0x2c0a": 0.25,
    "0x2c0b": 0.75,
    "0x38e0": 0.25,
    "0x38e1": 0.75,
    "0x4448": 0.25,
    "0x4449": 0.75,
    "0x4ec0": 0.25,
    "0x4ec1": 0.75,
    "0x574e": 0.25,
    "0x574f": 0.75,
    "0x2c0c": 0.25,
    "0x2c0d": 0.75,
    "0x38e2": 0.25,
    "0x38e3": 0.75,
    "0x444a": 0.25,
    "0x444b": 0.75,
    "0x4ec2": 0.25,
    "0x4ec3": 0.75,
    "0x5750": 0.25,
    "0x5751": 0.75,
    "0x2c0e": 0.25,
    "0x2c0f": 0.75,
    "0x38e4": 0.25,
    "0x38e5": 0.75,
    "0x444c": 0.25,
    "0x444d": 0.75,
    "0x4ec4": 0.25,
    "0x4ec5": 0.75,
    "0x5752": 0.25,
    "0x5753": 0.75,
    "0x2c10": 0.25,
    "0x2c11": 0.75,
    "0x38e6": 0.25,
    "0x38e7": 0.75,
    "0x444e": 0.25,
    "0x444f": 0.75,
    "0x4ec6": 0.25,
    "0x4ec7": 0.75,
    "0x5754": 0.25,
    "0x5755": 0.75,
    "0x2c12": 0.25,
    "0x2c13": 0.75,
    "0x38e8": 0.25,
    "0x38e9": 0.75,
    "0x4450": 0.25,
    "0x4451": 0.75,
    "0x4ec8": 0.25,
    "0x4ec9": 0.75,
    "0x5756": 0.25,
    "0x5757": 0.75,
    "0x2c14": 0.25,
    "0x2c15": 0.75,
    "0x38ea": 0.25,
    "0x38eb": 0.75,
    "0x4452": 0.25,
    "0x4453": 0.75,
    "0x4eca": 0.25,
    "0x4ecb": 0.75,
    "0x5758": 0.25,
    "0x5759": 0.75,
    "0x2c16": 0.25,
    "0x2c17": 0.75,
    "0x38ec": 0.25,
    "0x38ed": 0.75,
    "0x4454": 0.25,
    "0x4455": 0.75,
    "0x4ecc": 0.25,
    "0x4ecd": 0.75,
    "0x575a": 0.25,
    "0x575b": 0.75
  },
  "year.value": {
    "0x2c0a": 2019,
    "0x2c0b": 2019,
    "0x38e0": 2019,
    "0x38e1": 2019,
    "0x4448": 2019,
    "0x4449": 2019,
    "0x4ec0": 2019,
    "0x4ec1": 2019,
    "0x574e": 2019,
    "0x574f": 2019,
    "0x2c0c": 2019,
    "0x2c0d": 2019,
    "0x38e2": 2019,
    "0x38e3": 2019,
    "0x444a": 2019,
    "0x444b": 2019,
    "0x4ec2": 2019,
    "0x4ec3": 2019,
    "0x5750": 2019,
    "0x5751": 2019,
    "0x2c0e": 2019,
    "0x2c0f": 2019,
    "0x38e4": 2019,
    "0x38e5": 2019,
    "0x444c": 2019,
    "0x444d": 2019,
    "0x4ec4": 2019,
    "0x4ec5": 2019,
    "0x5752": 2019,
    "0x5753": 2019,
    "0x2c10": 2019,
    "0x2c11": 2019,
    "0x38e6": 2019,
    "0x38e7": 2019,
    "0x444e": 2019,
    "0x444f": 2019,
    "0x4ec6": 2019,
    "0x4ec7": 2019,
    "0x5754": 2019,
    "0x5755": 2019,
    "0x2c12": 2019,
    "0x2c13": 2019,
    "0x38e8": 2019,
    "0x38e9": 2019,
    "0x4450": 2019,
    "0x4451": 2019,
    "0x4ec8": 2019,
    "0x4ec9": 2019,
    "0x5756": 2019,
    "0x5757": 2019,
    "0x2c14": 2019,
    "0x2c15": 2019,
    "0x38ea": 2019,
    "0x38eb": 2019,
    "0x4452": 2019,
    "0x4453": 2019,
    "0x4eca": 2019,
    "0x4ecb": 2019,
    "0x5758": 2019,
    "0x5759": 2019,
    "0x2c16": 2019,
    "0x2c17": 2019,
    "0x38ec": 2019,
    "0x38ed": 2019,
    "0x4454": 2019,
    "0x4455": 2019,
    "0x4ecc": 2019,
    "0x4ecd": 2019,
    "0x575a": 2019,
    "0x575b": 2019
  },
  "month.value": {
    "0x2c0a": 4,
    "0x2c0b": 4,
    "0x38e0": 4,
    "0x38e1": 4,
    "0x4448": 4,
    "0x4449": 4,
    "0x4ec0": 4,
    "0x4ec1": 4,
    "0x574e": 4,
    "0x574f": 4,
    "0x2c0c": 4,
    "0x2c0d": 4,
    "0x38e2": 4,
    "0x38e3": 4,
    "0x444a": 4,
    "0x444b": 4,
    "0x4ec2": 4,
    "0x4ec3": 4,
    "0x5750": 4,
    "0x5751": 4,
    "0x2c0e": 4,
    "0x2c0f": 4,
    "0x38e4": 4,
    "0x38e5": 4,
    "0x444c": 4,
    "0x444d": 4,
    "0x4ec4": 4,
    "0x4ec5": 4,
    "0x5752": 4,
    "0x5753": 4,
    "0x2c10": 4,
    "0x2c11": 4,
    "0x38e6": 4,
    "0x38e7": 4,
    "0x444e": 4,
    "0x444f": 4,
    "0x4ec6": 4,
    "0x4ec7": 4,
    "0x5754": 4,
    "0x5755": 4,
    "0x2c12": 4,
    "0x2c13": 4,
    "0x38e8": 4,
    "0x38e9": 4,
    "0x4450": 4,
    "0x4451": 4,
    "0x4ec8": 4,
    "0x4ec9": 4,
    "0x5756": 4,
    "0x5757": 4,
    "0x2c14": 4,
    "0x2c15": 4,
    "0x38ea": 4,
    "0x38eb": 4,
    "0x4452": 4,
    "0x4453": 4,
    "0x4eca": 4,
    "0x4ecb": 4,
    "0x5758": 4,
    "0x5759": 4,
    "0x2c16": 4,
    "0x2c17": 4,
    "0x38ec": 4,
    "0x38ed": 4,
    "0x4454": 4,
    "0x4455": 4,
    "0x4ecc": 4,
    "0x4ecd": 4,
    "0x575a": 4,
    "0x575b": 4
  },
  "is_weekend.value": {
    "0x2c0a": 0.35714285714285715,
    "0x2c0b": 0.35714285714285715,