{
  "0x2c0a": 6.597551345825195,
  "0x2c0b": 3.601975440979004,
  "0x38e0": 9.501547813415527,
  "0x38e1": 4.694162368774414,
  "0x4448": 7.605415344238281,
  "0x4449": 3.401062488555908,
  "0x4ec0": 8.286906242370605,
  "0x4ec1": 3.509669542312622,
  "0x574e": 6.4042253494262695,
  "0x574f": 3.0957815647125244,
  "0x2c0c": 6.597551345825195,
  "0x2c0d": 3.601975440979004,
  "0x38e2": 9.501547813415527,
  "0x38e3": 4.694162368774414,
  "0x444a": 7.605415344238281,
  "0x444b": 3.401062488555908,
  "0x4ec2": 8.286906242370605,
  "0x4ec3": 3.509669542312622,
  "0x5750": 6.4042253494262695,
  "0x5751": 3.0957815647125244,
  "0x2c0e": 6.597551345825195,
  "0x2c0f": 3.601975440979004,
  "0x38e4": 9.501547813415527,
  "0x38e5": 4.694162368774414,
  "0x444c": 7.605415344238281,
  "0x444d": 3.401062488555908,
  "0x4ec4": 8.286906242370605,
  "0x4ec5": 3.509669542312622,
  "0x5752": 6.4042253494262695,
  "0x5753": 3.0957815647125244,
  "0x2c10": 6.597551345825195,
  "0x2c11": 3.601975440979004,
  "0x38e6": 9.501547813415527,
  "0x38e7": 4.694162368774414,
  "0x444e": 7.605415344238281,
  "0x444f": 3.401062488555908,
  "0x4ec6": 8.286906242370605,
  "0x4ec7": 3.509669542312622,
  "0x5754": 6.4042253494262695,
  "0x5755": 3.0957815647125244,
  "0x2c12": 6.597551345825195,
  "0x2c13": 3.601975440979004,
  "0x38e8": 9.501547813415527,
  "0x38e9": 4.694162368774414,
  "0x4450": 7.605415344238281,
  "0x4451": 3.401062488555908,
  "0x4ec8": 8.286906242370605,
  "0x4ec9": 3.509669542312622,
  "0x5756": 6.4042253494262695,
  "0x5757": 3.0957815647125244,
  "0x2c14": 6.597551345825195,
  "0x2c15": 3.601975440979004,
  "0x38ea": 9.501547813415527,
  "0x38eb": 4.694162368774414,
  "0x4452": 7.605415344238281,
  "0x4453": 3.401062488555908,
  "0x4eca": 8.286906242370605,
  "0x4ecb": 3.509669542312622,
  "0x5758": 6.4042253494262695,
  "0x5759": 3.0957815647125244,
  "0x2c16": 6.597551345825195,
  "0x2c17": 3.601975440979004,
  "0x38ec": 9.501547813415527,
  "0x38ed": 4.694162368774414,
  "0x4454": 7.605415344238281,
  "0x4455": 3.401062488555908,
  "0x4ecc": 8.286906242370605,
  "0x4ecd": 3.509669542312622,
  "0x575a": 6.4042253494262695,
  "0x575b": 3.0957815647125244
}