{
  "0x2b7e": 6.5996317863464355,
  "0x2b7f": 2.9993703365325928,
  "0x3854": 7.2996039390563965,
  "0x3855": 2.701643943786621,
  "0x43bc": 5.806464672088623,
  "0x43bd": 3.394049882888794,
  "0x4e34": 5.9943037033081055,
  "0x4e35": 3.0062026977539062,
  "0x56c2": 4.895596504211426,
  "0x56c3": 2.1913535594940186,
  "0x2b80": 6.5996317863464355,
  "0x2b81": 2.9993703365325928,
  "0x3856": 7.2996039390563965,
  "0x3857": 2.701643943786621,
  "0x43be": 5.806464672088623,
  "0x43bf": 3.394049882888794,
  "0x4e36": 5.9943037033081055,
  "0x4e37": 3.0062026977539062,
  "0x56c4": 4.895596504211426,
  "0x56c5": 2.1913535594940186,
  "0x2b82": 6.5996317863464355,
  "0x2b83": 2.9993703365325928,
  "0x3858": 7.2996039390563965,
  "0x3859": 2.701643943786621,
  "0x43c0": 5.806464672088623,
  "0x43c1": 3.394049882888794,
  "0x4e38": 5.9943037033081055,
  "0x4e39": 3.0062026977539062,
  "0x56c6": 4.895596504211426,
  "0x56c7": 2.1913535594940186,
  "0x2b84": 6.5996317863464355,
  "0x2b85": 2.9993703365325928,
  "0x385a": 7.2996039390563965,
  "0x385b": 2.701643943786621,
  "0x43c2": 5.806464672088623,
  "0x43c3": 3.394049882888794,
  "0x4e3a": 5.9943037033081055,
  "0x4e3b": 3.0062026977539062,
  "0x56c8": 4.895596504211426,
  "0x56c9": 2.1913535594940186,
  "0x2b86": 6.5996317863464355,
  "0x2b87": 2.9993703365325928,
  "0x385c": 7.2996039390563965,
  "0x385d": 2.701643943786621,
  "0x43c4": 5.806464672088623,
  "0x43c5": 3.394049882888794,
  "0x4e3c": 5.9943037033081055,
  "0x4e3d": 3.0062026977539062,
  "0x56ca": 4.895596504211426,
  "0x56cb": 2.1913535594940186,
  "0x2b88": 6.5996317863464355,
  "0x2b89": 2.9993703365325928,
  "0x385e": 7.2996039390563965,
  "0x385f": 2.701643943786621,
  "0x43c6": 5.806464672088623,
  "0x43c7": 3.394049882888794,
  "0x4e3e": 5.9943037033081055,
  "0x4e3f": 3.0062026977539062,
  "0x56cc": 4.895596504211426,
  "0x56cd": 2.1913535594940186,
  "0x2b8a": 6.5996317863464355,
  "0x2b8b": 2.9993703365325928,
  "0x3860": 7.2996039390563965,
  "0x3861": 2.701643943786621,
  "0x43c8": 5.806464672088623,
  "0x43c9": 3.394049882888794,
  "0x4e40": 5.9943037033081055,
  "0x4e41": 3.0062026977539062,
  "0x56ce": 4.895596504211426,
  "0x56cf": 2.1913535594940186
}