{
  "0x2f28": 4.901623249053955,
  "0x2f29": 2.3443899154663086,
  "0x3bfe": 8.054594993591309,
  "0x3bff": 3.693199634552002,
  "0x4766": 6.227029323577881,
  "0x4767": 2.7044355869293213,
  "0x51de": 6.596583843231201,
  "0x51df": 3.21230411529541,
  "0x5a6c": 5.09291934967041,
  "0x5a6d": 1.4909976720809937,
  "0x620a": 4.487340927124023,
  "0x620b": 2.206956624984741,
  "0x67be": 4.143348693847656,
  "0x67bf": 1.42328941822052,
  "0x6c80": 8.391105651855469,
  "0x6c81": 3.6841697692871094,
  "0x71f6": 6.523879528045654,
  "0x71f7": 3.3461835384368896,
  "0x2f2a": 4.900786876678467,
  "0x2f2b": 2.3436810970306396,
  "0x3c00": 8.056884765625,
  "0x3c01": 3.6982860565185547,
  "0x4768": 6.217087745666504,
  "0x4769": 2.72342848777771,
  "0x51e0": 6.4771647453308105,
  "0x51e1": 3.247180700302124,
  "0x5a6e": 5.0934977531433105,
  "0x5a6f": 1.490018606185913,
  "0x620c": 4.487919330596924,
  "0x620d": 2.20597767829895,
  "0x67c0": 4.142157077789307,
  "0x67c1": 1.4238784313201904,
  "0x6c82": 8.418646812438965,
  "0x6c83": 3.713491916656494,
  "0x71f8": 6.513875961303711,
  "0x71f9": 3.3490166664123535,
  "0x2f2c": 4.90106201171875,
  "0x2f2d": 2.6988351345062256,
  "0x3c02": 8.055814743041992,
  "0x3c03": 3.6994693279266357,
  "0x476a": 6.194592475891113,
  "0x476b": 2.7009329795837402,
  "0x51e2": 6.483932971954346,
  "0x51e3": 3.3084747791290283,
  "0x5a70": 5.096435070037842,
  "0x5a71": 1.4040759801864624,
  "0x620e": 4.544000148773193,
  "0x620f": 2.361281394958496,
  "0x67c2": 4.1461992263793945,
  "0x67c3": 1.408817172050476,
  "0x6c84": 8.42212963104248,
  "0x6c85": 3.697873830795288,
  "0x71fa": 6.513666152954102,
  "0x71fb": 3.3488075733184814,
  "0x2f2e": 4.90106201171875,
  "0x2f2f": 2.6988351345062256,
  "0x3c04": 8.055814743041992,
  "0x3c05": 3.6994693279266357,
  "0x476c": 6.194592475891113,
  "0x476d": 2.7009329795837402,
  "0x51e4": 6.483932971954346,
  "0x51e5": 3.3084747791290283,
  "0x5a72": 5.096435070037842,
  "0x5a73": 1.4040759801864624,
  "0x6210": 4.544000148773193,
  "0x6211": 2.361281394958496,
  "0x67c4": 4.1461992263793945,
  "0x67c5": 1.408817172050476,
  "0x6c86": 8.18253231048584,
  "0x6c87": 3.6873161792755127,
  "0x71fc": 6.513666152954102,
  "0x71fd": 3.3488075733184814,
  "0x2f30": 4.90106201171875,
  "0x2f31": 2.6988351345062256,
  "0x3c06": 8.055814743041992,
  "0x3c07": 3.6994693279266357,
  "0x476e": 6.194592475891113,
  "0x476f": 2.7009329795837402,
  "0x51e6": 6.477325916290283,
  "0x51e7": 3.2579283714294434,
  "0x5a74": 5.096435070037842,
  "0x5a75": 1.4040759801864624,
  "0x6212": 4.544000148773193,
  "0x6213": 2.361281394958496,
  "0x67c6": 4.1461992263793945,
  "0x67c7": 1.408817172050476,
  "0x6c88": 8.18253231048584,
  "0x6c89": 3.6873161792755127,
  "0x71fe": 6.513666152954102,
  "0x71ff": 3.3488075733184814,
  "0x2f32": 4.90106201171875,
  "0x2f33": 2.6988351345062256,
  "0x3c08": 8.055814743041992,
  "0x3c09": 3.6994693279266357,
  "0x4770": 6.194592475891113,
  "0x4771": 2.7009329795837402,
  "0x51e8": 6.477325916290283,
  "0x51e9": 3.2579283714294434,
  "0x5a76": 5.096435070037842,
  "0x5a77": 1.4040759801864624,
  "0x6214": 4.544000148773193,
  "0x6215": 2.361281394958496,
  "0x67c8": 4.1461992263793945,
  "0x67c9": 1.408817172050476,
  "0x6c8a": 8.18253231048584,
  "0x6c8b": 3.6873161792755127,
  "0x7200": 6.513666152954102,
  "0x7201": 3.3488075733184814,
  "0x2f34": 4.90106201171875,
  "0x2f35": 2.4250519275665283,
  "0x3c0a": 8.055814743041992,
  "0x3c0b": 3.6994693279266357,
  "0x4772": 6.194592475891113,
  "0x4773": 2.7009329795837402,
  "0x51ea": 6.477325916290283,
  "0x51eb": 3.2579283714294434,
  "0x5a78": 5.096435070037842,
  "0x5a79": 1.4040759801864624,
  "0x6216": 4.544000148773193,
  "0x6217": 2.361281394958496,
  "0x67ca": 4.1461992263793945,
  "0x67cb": 1.408817172050476,
  "0x6c8c": 8.18253231048584,
  "0x6c8d": 3.6873161792755127,
  "0x7202": 6.513666152954102,
  "0x7203": 3.3488075733184814
}