{
  "0x2bcc": 5.265309810638428,
  "0x2bcd": 1.1484547853469849,
  "0x38a2": 6.796866416931152,
  "0x38a3": 1.0985485315322876,
  "0x440a": 7.235323429107666,
  "0x440b": 1.1487997770309448,
  "0x4e82": 4.800262451171875,
  "0x4e83": 0.9236113429069519,
  "0x5710": 4.995243072509766,
  "0x5711": 0.004847744945436716,
  "0x2bce": 5.265309810638428,
  "0x2bcf": 1.1484547853469849,
  "0x38a4": 6.796866416931152,
  "0x38a5": 1.0985485315322876,
  "0x440c": 7.235323429107666,
  "0x440d": 1.1487997770309448,
  "0x4e84": 4.800262451171875,
  "0x4e85": 0.9236113429069519,
  "0x5712": 4.995243072509766,
  "0x5713": 0.004847744945436716,
  "0x2bd0": 5.265309810638428,
  "0x2bd1": 1.1484547853469849,
  "0x38a6": 6.796866416931152,
  "0x38a7": 1.0985485315322876,
  "0x440e": 7.235323429107666,
  "0x440f": 1.1487997770309448,
  "0x4e86": 4.800262451171875,
  "0x4e87": 0.9236113429069519,
  "0x5714": 4.995243072509766,
  "0x5715": 0.004847744945436716
}