{
  "0x2c18": 8.20035171508789,
  "0x2c19": 3.7001352310180664,
  "0x38ee": 10.898022651672363,
  "0x38ef": 5.100057125091553,
  "0x4456": 9.70213508605957,
  "0x4457": 4.397926330566406,
  "0x4ece": 9.798715591430664,
  "0x4ecf": 3.701296091079712,
  "0x575c": 7.746526718139648,
  "0x575d": 3.2990634441375732,
  "0x2c1a": 8.20035171508789,
  "0x2c1b": 3.7001352310180664,
  "0x38f0": 10.898022651672363,
  "0x38f1": 5.100057125091553,
  "0x4458": 9.70213508605957,
  "0x4459": 4.397926330566406,
  "0x4ed0": 9.798715591430664,
  "0x4ed1": 3.701296091079712,
  "0x575e": 7.746526718139648,
  "0x575f": 3.2990634441375732,
  "0x2c1c": 8.20035171508789,
  "0x2c1d": 3.7001352310180664,
  "0x38f2": 10.898022651672363,
  "0x38f3": 5.100057125091553,
  "0x445a": 9.70213508605957,
  "0x445b": 4.397926330566406,
  "0x4ed2": 9.798715591430664,
  "0x4ed3": 3.701296091079712,
  "0x5760": 7.746526718139648,
  "0x5761": 3.2990634441375732,
  "0x2c1e": 8.20035171508789,
  "0x2c1f": 3.7001352310180664,
  "0x38f4": 10.898022651672363,
  "0x38f5": 5.100057125091553,
  "0x445c": 9.70213508605957,
  "0x445d": 4.397926330566406,
  "0x4ed4": 9.798715591430664,
  "0x4ed5": 3.701296091079712,
  "0x5762": 7.746526718139648,
  "0x5763": 3.2990634441375732,
  "0x2c20": 8.20035171508789,
  "0x2c21": 3.7001352310180664,
  "0x38f6": 10.898022651672363,
  "0x38f7": 5.100057125091553,
  "0x445e": 9.70213508605957,
  "0x445f": 4.397926330566406,
  "0x4ed6": 9.798715591430664,
  "0x4ed7": 3.701296091079712,
  "0x5764": 7.746526718139648,
  "0x5765": 3.2990634441375732,
  "0x2c22": 8.20035171508789,
  "0x2c23": 3.7001352310180664,
  "0x38f8": 10.898022651672363,
  "0x38f9": 5.100057125091553,
  "0x4460": 9.70213508605957,
  "0x4461": 4.397926330566406,
  "0x4ed8": 9.798715591430664,
  "0x4ed9": 3.701296091079712,
  "0x5766": 7.746526718139648,
  "0x5767": 3.2990634441375732,
  "0x2c24": 8.20035171508789,
  "0x2c25": 3.7001352310180664,
  "0x38fa": 10.898022651672363,
  "0x38fb": 5.100057125091553,
  "0x4462": 9.70213508605957,
  "0x4463": 4.397926330566406,
  "0x4eda": 9.798715591430664,
  "0x4edb": 3.701296091079712,
  "0x5768": 7.746526718139648,
  "0x5769": 3.2990634441375732
}