{
  "0x2eb8": 7.210569858551025,
  "0x2eb9": 1.7037968635559082,
  "0x3b8e": 5.700160026550293,
  "0x3b8f": 2.898721933364868,
  "0x46f6": 6.418683052062988,
  "0x46f7": 3.104527711868286,
  "0x516e": 4.107272148132324,
  "0x516f": 2.894246816635132,
  "0x59fc": 2.9016196727752686,
  "0x59fd": 2.3966002464294434,
  "0x619a": 1.7928651571273804,
  "0x619b": 2.107164144515991,
  "0x674e": 1.9518370628356934,
  "0x674f": 1.8058199882507324,
  "0x7186": 7.597050189971924,
  "0x7187": 2.0035929679870605,
  "0x2eba": 7.210569858551025,
  "0x2ebb": 1.7037968635559082,
  "0x3b90": 5.576221466064453,
  "0x3b91": 2.898721933364868,
  "0x46f8": 6.418683052062988,
  "0x46f9": 3.104527711868286,
  "0x5170": 4.107272148132324,
  "0x5171": 2.894246816635132,
  "0x59fe": 2.9016196727752686,
  "0x59ff": 2.3966002464294434,
  "0x619c": 1.7928651571273804,
  "0x619d": 2.107164144515991,
  "0x6750": 2.098721504211426,
  "0x6751": 1.7839694023132324,
  "0x7188": 7.597050189971924,
  "0x7189": 2.0035929679870605,
  "0x2ebc": 7.210569858551025,
  "0x2ebd": 1.7350211143493652,
  "0x3b92": 5.576221466064453,
  "0x3b93": 2.898721933364868,
  "0x46fa": 6.420772552490234,
  "0x46fb": 2.832531213760376,
  "0x5172": 4.107272148132324,
  "0x5173": 2.894246816635132,
  "0x5a00": 2.9016196727752686,
  "0x5a01": 2.3966002464294434,
  "0x619e": 1.7928651571273804,
  "0x619f": 2.107164144515991,
  "0x6752": 2.098721504211426,
  "0x6753": 1.7839694023132324,
  "0x718a": 7.597050189971924,
  "0x718b": 2.0035929679870605,
  "0x2ebe": 6.395752906799316,
  "0x2ebf": 1.707993507385254,
  "0x3b94": 5.576221466064453,
  "0x3b95": 2.898721933364868,
  "0x46fc": 6.420772552490234,
  "0x46fd": 2.832531213760376,
  "0x5174": 4.107272148132324,
  "0x5175": 2.894246816635132,
  "0x5a02": 2.9016196727752686,
  "0x5a03": 2.3966002464294434,
  "0x61a0": 1.7928651571273804,
  "0x61a1": 2.107164144515991,
  "0x6754": 2.098721504211426,
  "0x6755": 1.7839694023132324,
  "0x718c": 7.597050189971924,
  "0x718d": 2.0035929679870605,
  "0x2ec0": 6.395752906799316,
  "0x2ec1": 1.707993507385254,
  "0x3b96": 5.576221466064453,
  "0x3b97": 2.898721933364868,
  "0x46fe": 6.420772552490234,
  "0x46ff": 2.832531213760376,
  "0x5176": 3.9218194484710693,
  "0x5177": 2.8012449741363525,
  "0x5a04": 2.848022937774658,
  "0x5a05": 2.310316324234009,
  "0x61a2": 1.7928651571273804,
  "0x61a3": 2.107164144515991,
  "0x6756": 2.098721504211426,
  "0x6757": 1.7839694023132324,
  "0x718e": 7.5790839195251465,
  "0x718f": 2.0050015449523926,
  "0x2ec2": 5.465292453765869,
  "0x2ec3": 1.707993507385254,
  "0x3b98": 5.576221466064453,
  "0x3b99": 2.898721933364868,
  "0x4700": 6.420772552490234,
  "0x4701": 2.832531213760376,
  "0x5178": 3.898428440093994,
  "0x5179": 2.8012449741363525,
  "0x5a06": 2.848022937774658,
  "0x5a07": 2.310316324234009,
  "0x61a4": 1.7928651571273804,
  "0x61a5": 2.107164144515991,
  "0x6758": 2.098721504211426,
  "0x6759": 1.7839694023132324,
  "0x7190": 6.5091328620910645,
  "0x7191": 2.182431221008301,
  "0x2ec4": 5.465292453765869,
  "0x2ec5": 1.6959376335144043,
  "0x3b9a": 5.576221466064453,
  "0x3b9b": 2.898721933364868,
  "0x4702": 6.417362213134766,
  "0x4703": 2.832531213760376,
  "0x517a": 3.7710797786712646,
  "0x517b": 2.8012449741363525,
  "0x5a08": 2.848022937774658,
  "0x5a09": 2.310316324234009,
  "0x61a6": 1.7928651571273804,
  "0x61a7": 2.107164144515991,
  "0x675a": 2.098721504211426,
  "0x675b": 1.7839694023132324,
  "0x7192": 6.5091328620910645,
  "0x7193": 2.182431221008301
}