{
  "0x2e9c": 7.800761699676514,
  "0x2e9d": 3.39892315864563,
  "0x3b72": 9.899579048156738,
  "0x3b73": 3.600804090499878,
  "0x46da": 8.098214149475098,
  "0x46db": 3.5004470348358154,
  "0x5152": 6.604938507080078,
  "0x5153": 3.198681354522705,
  "0x59e0": 5.790789604187012,
  "0x59e1": 2.802868127822876,
  "0x617e": 6.111270904541016,
  "0x617f": 2.9941608905792236,
  "0x6732": 5.195314884185791,
  "0x6733": 3.0018179416656494,
  "0x716a": 8.297554016113281,
  "0x716b": 3.402374744415283,
  "0x2e9e": 7.800761699676514,
  "0x2e9f": 3.39892315864563,
  "0x3b74": 9.899579048156738,
  "0x3b75": 3.600804090499878,
  "0x46dc": 8.098214149475098,
  "0x46dd": 3.5004470348358154,
  "0x5154": 6.604938507080078,
  "0x5155": 3.198681354522705,
  "0x59e2": 5.790789604187012,
  "0x59e3": 2.802868127822876,
  "0x6180": 6.111270904541016,
  "0x6181": 2.9941608905792236,
  "0x6734": 5.195314884185791,
  "0x6735": 3.0018179416656494,
  "0x716c": 8.297554016113281,
  "0x716d": 3.402374744415283,
  "0x2ea0": 7.800761699676514,
  "0x2ea1": 3.39892315864563,
  "0x3b76": 9.899579048156738,
  "0x3b77": 3.600804090499878,
  "0x46de": 8.098214149475098,
  "0x46df": 3.5004470348358154,
  "0x5156": 6.604938507080078,
  "0x5157": 3.198681354522705,
  "0x59e4": 5.790789604187012,
  "0x59e5": 2.802868127822876,
  "0x6182": 6.111270904541016,
  "0x6183": 2.9941608905792236,
  "0x6736": 5.195314884185791,
  "0x6737": 3.0018179416656494,
  "0x716e": 8.297554016113281,
  "0x716f": 3.402374744415283,
  "0x2ea2": 7.800761699676514,
  "0x2ea3": 3.39892315864563,
  "0x3b78": 9.899579048156738,
  "0x3b79": 3.600804090499878,
  "0x46e0": 8.098214149475098,
  "0x46e1": 3.5004470348358154,
  "0x5158": 6.604938507080078,
  "0x5159": 3.198681354522705,
  "0x59e6": 5.790789604187012,
  "0x59e7": 2.802868127822876,
  "0x6184": 6.111270904541016,
  "0x6185": 2.9941608905792236,
  "0x6738": 5.195314884185791,
  "0x6739": 3.0018179416656494,
  "0x7170": 8.297554016113281,
  "0x7171": 3.402374744415283,
  "0x2ea4": 7.800761699676514,
  "0x2ea5": 3.39892315864563,
  "0x3b7a": 9.899579048156738,
  "0x3b7b": 3.600804090499878,
  "0x46e2": 8.098214149475098,
  "0x46e3": 3.5004470348358154,
  "0x515a": 6.604938507080078,
  "0x515b": 3.198681354522705,
  "0x59e8": 5.790789604187012,
  "0x59e9": 2.802868127822876,
  "0x6186": 6.111270904541016,
  "0x6187": 2.9941608905792236,
  "0x673a": 5.195314884185791,
  "0x673b": 3.0018179416656494,
  "0x7172": 8.297554016113281,
  "0x7173": 3.402374744415283,
  "0x2ea6": 7.800761699676514,
  "0x2ea7": 3.39892315864563,
  "0x3b7c": 9.899579048156738,
  "0x3b7d": 3.600804090499878,
  "0x46e4": 8.098214149475098,
  "0x46e5": 3.5004470348358154,
  "0x515c": 6.604938507080078,
  "0x515d": 3.198681354522705,
  "0x59ea": 5.790789604187012,
  "0x59eb": 2.802868127822876,
  "0x6188": 6.111270904541016,
  "0x6189": 2.9941608905792236,
  "0x673c": 5.195314884185791,
  "0x673d": 3.0018179416656494,
  "0x7174": 8.297554016113281,
  "0x7175": 3.402374744415283,
  "0x2ea8": 7.800761699676514,
  "0x2ea9": 3.39892315864563,
  "0x3b7e": 9.899579048156738,
  "0x3b7f": 3.600804090499878,
  "0x46e6": 8.098214149475098,
  "0x46e7": 3.5004470348358154,
  "0x515e": 6.604938507080078,
  "0x515f": 3.198681354522705,
  "0x59ec": 5.790789604187012,
  "0x59ed": 2.802868127822876,
  "0x618a": 6.111270904541016,
  "0x618b": 2.9941608905792236,
  "0x673e": 5.195314884185791,
  "0x673f": 3.0018179416656494,
  "0x7176": 8.297554016113281,
  "0x7177": 3.402374744415283
}