{
  "0x2da0": 7.800461292266846,
  "0x2da1": 3.9034111499786377,
  "0x3a76": 10.099291801452637,
  "0x3a77": 4.698002338409424,
  "0x45de": 8.997031211853027,
  "0x45df": 4.402794361114502,
  "0x5056": 8.108736038208008,
  "0x5057": 3.690239429473877,
  "0x58e4": 5.2591376304626465,
  "0x58e5": 2.9136102199554443,
  "0x6082": 6.397821426391602,
  "0x6083": 3.5004591941833496,
  "0x2da2": 7.800461292266846,
  "0x2da3": 3.9034111499786377,
  "0x3a78": 10.099291801452637,
  "0x3a79": 4.698002338409424,
  "0x45e0": 8.997031211853027,
  "0x45e1": 4.402794361114502,
  "0x5058": 8.108736038208008,
  "0x5059": 3.690239429473877,
  "0x58e6": 5.2591376304626465,
  "0x58e7": 2.9136102199554443,
  "0x6084": 6.397821426391602,
  "0x6085": 3.5004591941833496,
  "0x2da4": 7.800461292266846,
  "0x2da5": 3.9034111499786377,
  "0x3a7a": 10.099291801452637,
  "0x3a7b": 4.698002338409424,
  "0x45e2": 8.997031211853027,
  "0x45e3": 4.402794361114502,
  "0x505a": 8.108736038208008,
  "0x505b": 3.690239429473877,
  "0x58e8": 5.2591376304626465,
  "0x58e9": 2.9136102199554443,
  "0x6086": 6.397821426391602,
  "0x6087": 3.5004591941833496,
  "0x2da6": 7.800461292266846,
  "0x2da7": 3.9034111499786377,
  "0x3a7c": 10.099291801452637,
  "0x3a7d": 4.698002338409424,
  "0x45e4": 8.997031211853027,
  "0x45e5": 4.402794361114502,
  "0x505c": 8.108736038208008,
  "0x505d": 3.690239429473877,
  "0x58ea": 5.2591376304626465,
  "0x58eb": 2.9136102199554443,
  "0x6088": 6.397821426391602,
  "0x6089": 3.5004591941833496,
  "0x2da8": 7.800461292266846,
  "0x2da9": 3.9034111499786377,
  "0x3a7e": 10.099291801452637,
  "0x3a7f": 4.698002338409424,
  "0x45e6": 8.997031211853027,
  "0x45e7": 4.402794361114502,
  "0x505e": 8.108736038208008,
  "0x505f": 3.690239429473877,
  "0x58ec": 5.2591376304626465,
  "0x58ed": 2.9136102199554443,
  "0x608a": 6.397821426391602,
  "0x608b": 3.5004591941833496,
  "0x2daa": 7.800461292266846,
  "0x2dab": 3.9034111499786377,
  "0x3a80": 10.099291801452637,
  "0x3a81": 4.698002338409424,
  "0x45e8": 8.997031211853027,
  "0x45e9": 4.402794361114502,
  "0x5060": 8.108736038208008,
  "0x5061": 3.690239429473877,
  "0x58ee": 5.2591376304626465,
  "0x58ef": 2.9136102199554443,
  "0x608c": 6.397821426391602,
  "0x608d": 3.5004591941833496,
  "0x2dac": 7.800461292266846,
  "0x2dad": 3.9034111499786377,
  "0x3a82": 10.099291801452637,
  "0x3a83": 4.698002338409424,
  "0x45ea": 8.997031211853027,
  "0x45eb": 4.402794361114502,
  "0x5062": 8.108736038208008,
  "0x5063": 3.690239429473877,
  "0x58f0": 5.2591376304626465,
  "0x58f1": 2.9136102199554443,
  "0x608e": 6.397821426391602,
  "0x608f": 3.5004591941833496
}