{
  "0x2f36": 7.9,
  "0x2f37": 1.9,
  "0x3c0c": 8.3,
  "0x3c0d": 2.1,
  "0x4774": 8.1,
  "0x4775": 2.5,
  "0x51ec": 7.4,
  "0x51ed": 2.4000000000000004,
  "0x5a7a": 3.8,
  "0x5a7b": 2.3,
  "0x6218": 3.7,
  "0x6219": 1.6,
  "0x67cc": 4.3,
  "0x67cd": 2.8,
  "0x6c8e": 4.4,
  "0x6c8f": 5.2,
  "0x7204": 10.0,
  "0x7205": 2.9,
  "0x2f38": 7.4,
  "0x2f39": 1.7000000000000002,
  "0x3c0e": 11.0,
  "0x3c0f": 3.0,
  "0x4776": 6.5,
  "0x4777": 2.5,
  "0x51ee": 8.7,
  "0x51ef": 3.1,
  "0x5a7c": 6.6,
  "0x5a7d": 4.0,
  "0x621a": 7.699999999999998,
  "0x621b": 1.7000000000000002,
  "0x67ce": 4.3,
  "0x67cf": 2.5,
  "0x6c90": 8.9,
  "0x6c91": 3.6,
  "0x7206": 9.9,
  "0x7207": 2.8,
  "0x2f3a": 6.699999999999998,
  "0x2f3b": 3.4000000000000004,
  "0x3c10": 9.4,
  "0x3c11": 4.2,
  "0x4778": 8.4,
  "0x4779": 3.6,
  "0x51f0": 11.4,
  "0x51f1": 3.9,
  "0x5a7e": 5.699999999999998,
  "0x5a7f": 3.5,
  "0x621c": 2.8,
  "0x621d": 1.0,
  "0x67d0": 4.5,
  "0x67d1": 3.2,
  "0x6c92": 9.5,
  "0x6c93": 4.6,
  "0x7208": 8.4,
  "0x7209": 3.0,
  "0x2f3c": 6.0,
  "0x2f3d": 3.8,
  "0x3c12": 11.1,
  "0x3c13": 4.7,
  "0x477a": 8.5,
  "0x477b": 4.4,
  "0x51f2": 6.0,
  "0x51f3": 4.4,
  "0x5a80": 7.4,
  "0x5a81": 2.4000000000000004,
  "0x621e": 8.5,
  "0x621f": 2.7,
  "0x67d2": 5.800000000000002,
  "0x67d3": 2.2,
  "0x6c94": 12.5,
  "0x6c95": 3.4000000000000004,
  "0x720a": 10.1,
  "0x720b": 2.9000000000000004,
  "0x2f3e": 9.7,
  "0x2f3f": 4.7,
  "0x3c14": 13.7,
  "0x3c15": 4.5,
  "0x477c": 12.0,
  "0x477d": 4.2,
  "0x51f4": 11.2,
  "0x51f5": 4.9,
  "0x5a82": 8.5,
  "0x5a83": 2.4000000000000004,
  "0x6220": 4.6,
  "0x6221": 3.2,
  "0x67d4": 5.1,
  "0x67d5": 2.0,
  "0x6c96": 8.7,
  "0x6c97": 3.3,
  "0x720c": 9.6,
  "0x720d": 3.9,
  "0x2f40": 3.3,
  "0x2f41": 2.1,
  "0x3c16": 7.300000000000002,
  "0x3c17": 2.2,
  "0x477e": 5.5,
  "0x477f": 1.7000000000000002,
  "0x51f6": 5.699999999999998,
  "0x51f7": 1.7999999999999998,
  "0x5a84": 3.0,
  "0x5a85": 3.1,
  "0x6222": 7.4,
  "0x6223": 1.7999999999999998,
  "0x67d6": 1.0,
  "0x67d7": 1.2999999999999998,
  "0x6c98": 6.5,
  "0x6c99": 3.9,
  "0x720e": 4.0,
  "0x720f": 1.7000000000000002,
  "0x2f42": 4.8,
  "0x2f43": 3.3,
  "0x3c18": 8.1,
  "0x3c19": 2.4000000000000004,
  "0x4780": 8.5,
  "0x4781": 2.8,
  "0x51f8": 10.7,
  "0x51f9": 3.9,
  "0x5a86": 6.699999999999998,
  "0x5a87": 1.6,
  "0x6224": 4.1,
  "0x6225": 1.7999999999999998,
  "0x67d8": 2.0,
  "0x67d9": 1.7999999999999998,
  "0x6c9a": 6.6,
  "0x6c9b": 3.4000000000000004,
  "0x7210": 5.300000000000002,
  "0x7211": 3.9
}