{
  "0x2e48": 6.800879955291748,
  "0x2e49": 3.098951816558838,
  "0x3b1e": 7.300173282623291,
  "0x3b1f": 4.000176906585693,
  "0x4686": 8.596055030822754,
  "0x4687": 3.602522850036621,
  "0x50fe": 6.604832172393799,
  "0x50ff": 3.8935160636901855,
  "0x598c": 5.000612735748291,
  "0x598d": 2.6004676818847656,
  "0x612a": 4.599035263061523,
  "0x612b": 2.700242042541504,
  "0x66de": 5.729219436645508,
  "0x66df": 2.387237548828125,
  "0x2e4a": 6.800879955291748,
  "0x2e4b": 3.098951816558838,
  "0x3b20": 7.300173282623291,
  "0x3b21": 4.000176906585693,
  "0x4688": 8.596055030822754,
  "0x4689": 3.602522850036621,
  "0x5100": 6.604832172393799,
  "0x5101": 3.8935160636901855,
  "0x598e": 5.000612735748291,
  "0x598f": 2.6004676818847656,
  "0x612c": 4.599035263061523,
  "0x612d": 2.700242042541504,
  "0x66e0": 5.729219436645508,
  "0x66e1": 2.387237548828125,
  "0x2e4c": 6.800879955291748,
  "0x2e4d": 3.098951816558838,
  "0x3b22": 7.300173282623291,
  "0x3b23": 4.000176906585693,
  "0x468a": 8.596055030822754,
  "0x468b": 3.602522850036621,
  "0x5102": 6.604832172393799,
  "0x5103": 3.8935160636901855,
  "0x5990": 5.000612735748291,
  "0x5991": 2.6004676818847656,
  "0x612e": 4.599035263061523,
  "0x612f": 2.700242042541504,
  "0x66e2": 5.729219436645508,
  "0x66e3": 2.387237548828125,
  "0x2e4e": 6.800879955291748,
  "0x2e4f": 3.098951816558838,
  "0x3b24": 7.300173282623291,
  "0x3b25": 4.000176906585693,
  "0x468c": 8.596055030822754,
  "0x468d": 3.602522850036621,
  "0x5104": 6.604832172393799,
  "0x5105": 3.8935160636901855,
  "0x5992": 5.000612735748291,
  "0x5993": 2.6004676818847656,
  "0x6130": 4.599035263061523,
  "0x6131": 2.700242042541504,
  "0x66e4": 5.729219436645508,
  "0x66e5": 2.387237548828125,
  "0x2e50": 6.800879955291748,
  "0x2e51": 3.098951816558838,
  "0x3b26": 7.300173282623291,
  "0x3b27": 4.000176906585693,
  "0x468e": 8.596055030822754,
  "0x468f": 3.602522850036621,
  "0x5106": 6.604832172393799,
  "0x5107": 3.8935160636901855,
  "0x5994": 5.000612735748291,
  "0x5995": 2.6004676818847656,
  "0x6132": 4.599035263061523,
  "0x6133": 2.700242042541504,
  "0x66e6": 5.729219436645508,
  "0x66e7": 2.387237548828125,
  "0x2e52": 6.800879955291748,
  "0x2e53": 3.098951816558838,
  "0x3b28": 7.300173282623291,
  "0x3b29": 4.000176906585693,
  "0x4690": 8.596055030822754,
  "0x4691": 3.602522850036621,
  "0x5108": 6.604832172393799,
  "0x5109": 3.8935160636901855,
  "0x5996": 5.000612735748291,
  "0x5997": 2.6004676818847656,
  "0x6134": 4.599035263061523,
  "0x6135": 2.700242042541504,
  "0x66e8": 5.729219436645508,
  "0x66e9": 2.387237548828125,
  "0x2e54": 6.800879955291748,
  "0x2e55": 3.098951816558838,
  "0x3b2a": 7.300173282623291,
  "0x3b2b": 4.000176906585693,
  "0x4692": 8.596055030822754,
  "0x4693": 3.602522850036621,
  "0x510a": 6.604832172393799,
  "0x510b": 3.8935160636901855,
  "0x5998": 5.000612735748291,
  "0x5999": 2.6004676818847656,
  "0x6136": 4.599035263061523,
  "0x6137": 2.700242042541504,
  "0x66ea": 5.729219436645508,
  "0x66eb": 2.387237548828125
}