{
  "0x2f7c": 2.7982914447784424,
  "0x2f7d": 0.056447502225637436,
  "0x3c52": 6.29987096786499,
  "0x3c53": 2.6996843814849854,
  "0x47ba": 4.883747577667236,
  "0x47bb": 0.8108764886856079,
  "0x5232": 7.409756660461426,
  "0x5233": 1.497074842453003,
  "0x5ac0": 1.809758186340332,
  "0x5ac1": 0.44387364387512207,
  "0x625e": 2.2051138877868652,
  "0x625f": 0.8112795948982239,
  "0x6812": 1.6902045011520386,
  "0x6813": 0.5136370658874512,
  "0x6cd4": 5.199860572814941,
  "0x6cd5": 3.1893656253814697,
  "0x724a": 6.208174228668213,
  "0x724b": 0.5985661149024963,
  "0x76ce": 6.19296932220459,
  "0x76cf": 0.6017633080482483,
  "0x2f7e": 2.7982914447784424,
  "0x2f7f": 0.3007315993309021,
  "0x3c54": 6.29987096786499,
  "0x3c55": 2.6996843814849854,
  "0x47bc": 4.883747577667236,
  "0x47bd": 0.8108764886856079,
  "0x5234": 7.409756660461426,
  "0x5235": 1.497074842453003,
  "0x5ac2": 1.809758186340332,
  "0x5ac3": 1.4866200685501099,
  "0x6260": 2.2051138877868652,
  "0x6261": 0.8112795948982239,
  "0x6814": 1.6902045011520386,
  "0x6815": 0.5136370658874512,
  "0x6cd6": 5.199860572814941,
  "0x6cd7": 3.1893656253814697,
  "0x724c": 6.208174228668213,
  "0x724d": 0.5985661149024963,
  "0x76d0": 6.19296932220459,
  "0x76d1": 0.6017633080482483,
  "0x2f80": 2.7982914447784424,
  "0x2f81": 0.3007315993309021,
  "0x3c56": 6.29987096786499,
  "0x3c57": 2.6996843814849854,
  "0x47be": 4.883747577667236,
  "0x47bf": 0.8108764886856079,
  "0x5236": 7.409756660461426,
  "0x5237": 1.497074842453003,
  "0x5ac4": 1.809758186340332,
  "0x5ac5": 1.4866200685501099,
  "0x6262": 2.2051138877868652,
  "0x6263": 0.8112795948982239,
  "0x6816": 1.6902045011520386,
  "0x6817": 0.5136370658874512,
  "0x6cd8": 5.199860572814941,
  "0x6cd9": 3.1893656253814697,
  "0x724e": 6.208174228668213,
  "0x724f": 0.5985661149024963,
  "0x76d2": 6.19296932220459,
  "0x76d3": 0.6017633080482483,
  "0x2f82": 2.7982914447784424,
  "0x2f83": 0.3007315993309021,
  "0x3c58": 6.29987096786499,
  "0x3c59": 2.6996843814849854,
  "0x47c0": 4.883747577667236,
  "0x47c1": 0.8108764886856079,
  "0x5238": 7.409756660461426,
  "0x5239": 1.497074842453003,
  "0x5ac6": 1.809758186340332,
  "0x5ac7": 1.4866200685501099,
  "0x6264": 2.2051138877868652,
  "0x6265": 0.8112795948982239,
  "0x6818": 1.6902045011520386,
  "0x6819": 0.5136370658874512,
  "0x6cda": 5.199860572814941,
  "0x6cdb": 3.1893656253814697,
  "0x7250": 6.208174228668213,
  "0x7251": 0.5985661149024963,
  "0x76d4": 6.19296932220459,
  "0x76d5": 0.6017633080482483,
  "0x2f84": 2.7982914447784424,
  "0x2f85": 0.3007315993309021,
  "0x3c5a": 6.29987096786499,
  "0x3c5b": 2.6996843814849854,
  "0x47c2": 4.883747577667236,
  "0x47c3": 0.8108764886856079,
  "0x523a": 7.409756660461426,
  "0x523b": 1.497074842453003,
  "0x5ac8": 1.809758186340332,
  "0x5ac9": 1.4866200685501099,
  "0x6266": 2.2051138877868652,
  "0x6267": 0.8112795948982239,
  "0x681a": 1.6902045011520386,
  "0x681b": -0.3538825213909149,
  "0x6cdc": 5.199860572814941,
  "0x6cdd": 3.1893656253814697,
  "0x7252": 6.208174228668213,
  "0x7253": 0.5985661149024963,
  "0x76d6": 6.19296932220459,
  "0x76d7": 0.6017633080482483,
  "0x2f86": 2.7982914447784424,
  "0x2f87": 0.056447502225637436,
  "0x3c5c": 6.29987096786499,
  "0x3c5d": 0.5555703639984131,
  "0x47c4": 4.883747577667236,
  "0x47c5": 0.8108764886856079,
  "0x523c": 7.409756660461426,
  "0x523d": 1.497074842453003,
  "0x5aca": 1.809758186340332,
  "0x5acb": 1.4866200685501099,
  "0x6268": 2.2051138877868652,
  "0x6269": 0.8112795948982239,
  "0x681c": 1.6902045011520386,
  "0x681d": 0.5136370658874512,
  "0x6cde": 5.199860572814941,
  "0x6cdf": 3.1893656253814697,
  "0x7254": 6.208174228668213,
  "0x7255": 0.5985661149024963,
  "0x76d8": 6.19296932220459,
  "0x76d9": -0.1881137490272522,
  "0x2f88": 2.7982914447784424,
  "0x2f89": 0.3007315993309021,
  "0x3c5e": 6.29987096786499,
  "0x3c5f": 2.6996843814849854,
  "0x47c6": 4.883747577667236,
  "0x47c7": 0.8108764886856079,
  "0x523e": 7.409756660461426,
  "0x523f": 0.5534546375274658,
  "0x5acc": 1.809758186340332,
  "0x5acd": 1.4866200685501099,
  "0x626a": 2.2051138877868652,
  "0x626b": 0.8112795948982239,
  "0x681e": 1.6902045011520386,
  "0x681f": 0.5136370658874512,
  "0x6ce0": 5.199860572814941,
  "0x6ce1": 3.1893656253814697,
  "0x7256": 6.208174228668213,
  "0x7257": 0.5985661149024963,
  "0x76da": 6.19296932220459,
  "0x76db": 0.6017633080482483
}