{
  "0x306a": 6.204993724822998,
  "0x306b": 2.596757173538208,
  "0x3d40": 8.48608112335205,
  "0x3d41": 3.8094568252563477,
  "0x48a8": 3.133335828781128,
  "0x48a9": 2.7800793647766113,
  "0x5320": 8.578929901123047,
  "0x5321": 3.0172502994537354,
  "0x5bae": 6.796835899353027,
  "0x5baf": 2.2540082931518555,
  "0x634c": 3.404217481613159,
  "0x634d": 0.0137559175491333,
  "0x6900": 1.9965981245040894,
  "0x6901": 2.0075273513793945,
  "0x6dc2": 2.9962143898010254,
  "0x6dc3": 1.4998352527618408,
  "0x7338": 2.5033915042877197,
  "0x7339": 2.8943326473236084,
  "0x77bc": 5.401110649108887,
  "0x77bd": 2.200862169265747,
  "0x306c": 6.204993724822998,
  "0x306d": 2.596757173538208,
  "0x3d42": 8.48608112335205,
  "0x3d43": 3.8094568252563477,
  "0x48aa": 3.133335828781128,
  "0x48ab": 2.7800793647766113,
  "0x5322": 8.578929901123047,
  "0x5323": 3.0172502994537354,
  "0x5bb0": 6.796835899353027,
  "0x5bb1": 2.2540082931518555,
  "0x634e": 3.404217481613159,
  "0x634f": 1.8969926834106445,
  "0x6902": 1.9965981245040894,
  "0x6903": 2.0075273513793945,
  "0x6dc4": 2.9962143898010254,
  "0x6dc5": 1.4998352527618408,
  "0x733a": 2.5033915042877197,
  "0x733b": 2.8943326473236084,
  "0x77be": 5.401110649108887,
  "0x77bf": 2.200862169265747,
  "0x306e": 6.204993724822998,
  "0x306f": 2.596757173538208,
  "0x3d44": 8.48608112335205,
  "0x3d45": 3.8094568252563477,
  "0x48ac": 3.133335828781128,
  "0x48ad": 2.7800793647766113,
  "0x5324": 8.578929901123047,
  "0x5325": 3.0172502994537354,
  "0x5bb2": 6.796835899353027,
  "0x5bb3": 2.2540082931518555,
  "0x6350": 3.404217481613159,
  "0x6351": 1.8969926834106445,
  "0x6904": 1.9965981245040894,
  "0x6905": 2.0075273513793945,
  "0x6dc6": 2.9962143898010254,
  "0x6dc7": 1.4998352527618408,
  "0x733c": 2.5033915042877197,
  "0x733d": 0.22250953316688538,
  "0x77c0": 5.401110649108887,
  "0x77c1": 2.200862169265747,
  "0x3070": 6.204993724822998,
  "0x3071": 2.596757173538208,
  "0x3d46": 8.48608112335205,
  "0x3d47": 3.8094568252563477,
  "0x48ae": 3.133335828781128,
  "0x48af": 2.7800793647766113,
  "0x5326": 8.578929901123047,
  "0x5327": 3.0172502994537354,
  "0x5bb4": 6.796835899353027,
  "0x5bb5": 2.2540082931518555,
  "0x6352": 3.404217481613159,
  "0x6353": 1.8969926834106445,
  "0x6906": 1.9965981245040894,
  "0x6907": 2.0075273513793945,
  "0x6dc8": 2.9962143898010254,
  "0x6dc9": 1.4998352527618408,
  "0x733e": 2.5033915042877197,
  "0x733f": 2.8943326473236084,
  "0x77c2": 5.401110649108887,
  "0x77c3": 2.200862169265747,
  "0x3072": 6.204993724822998,
  "0x3073": 2.596757173538208,
  "0x3d48": 8.48608112335205,
  "0x3d49": 3.8094568252563477,
  "0x48b0": 3.133335828781128,
  "0x48b1": 2.7800793647766113,
  "0x5328": 8.578929901123047,
  "0x5329": 3.0172502994537354,
  "0x5bb6": 6.796835899353027,
  "0x5bb7": 2.2540082931518555,
  "0x6354": 3.404217481613159,
  "0x6355": 1.8969926834106445,
  "0x6908": 1.9965981245040894,
  "0x6909": 2.0075273513793945,
  "0x6dca": 2.9962143898010254,
  "0x6dcb": 1.4998352527618408,
  "0x7340": 2.5033915042877197,
  "0x7341": 2.8943326473236084,
  "0x77c4": 5.401110649108887,
  "0x77c5": 2.200862169265747,
  "0x3074": 6.204993724822998,
  "0x3075": 2.596757173538208,
  "0x3d4a": 8.48608112335205,
  "0x3d4b": 3.8094568252563477,
  "0x48b2": 3.133335828781128,
  "0x48b3": 2.7800793647766113,
  "0x532a": 8.578929901123047,
  "0x532b": -0.1380060315132141,
  "0x5bb8": 6.796835899353027,
  "0x5bb9": -0.00019876811711583287,
  "0x6356": 3.404217481613159,
  "0x6357": 1.8969926834106445,
  "0x690a": 1.9965981245040894,
  "0x690b": 2.0075273513793945,
  "0x6dcc": 2.9962143898010254,
  "0x6dcd": 1.4998352527618408,
  "0x7342": 2.5033915042877197,
  "0x7343": 2.8943326473236084,
  "0x77c6": 5.401110649108887,
  "0x77c7": 2.200862169265747,
  "0x3076": 6.204993724822998,
  "0x3077": 2.596757173538208,
  "0x3d4c": 8.48608112335205,
  "0x3d4d": 3.8094568252563477,
  "0x48b4": 3.133335828781128,
  "0x48b5": 2.7800793647766113,
  "0x532c": 8.578929901123047,
  "0x532d": 3.0172502994537354,
  "0x5bba": 5.411076068878174,
  "0x5bbb": 2.2540082931518555,
  "0x6358": 3.404217481613159,
  "0x6359": 0.0137559175491333,
  "0x690c": 1.9965981245040894,
  "0x690d": 2.0075273513793945,
  "0x6dce": 2.9962143898010254,
  "0x6dcf": 1.4998352527618408,
  "0x7344": 2.5033915042877197,
  "0x7345": 0.22250953316688538,
  "0x77c8": 5.401110649108887,
  "0x77c9": 2.200862169265747
}