{
  "0x2f28": 5.199999999999998,
  "0x2f29": 2.2,
  "0x3bfe": 8.5,
  "0x3bff": 2.6,
  "0x4766": 7.4,
  "0x4767": 2.3,
  "0x51de": 10.5,
  "0x51df": 2.6,
  "0x5a6c": 5.0,
  "0x5a6d": 2.6,
  "0x620a": 7.300000000000002,
  "0x620b": 1.6,
  "0x67be": 5.6,
  "0x67bf": 2.3,
  "0x6c80": 5.6,
  "0x6c81": 3.6,
  "0x71f6": 8.7,
  "0x71f7": 3.6,
  "0x2f2a": 4.5,
  "0x2f2b": 2.5,
  "0x3c00": 11.7,
  "0x3c01": 3.5,
  "0x4768": 6.300000000000002,
  "0x4769": 4.4,
  "0x51e0": 6.4,
  "0x51e1": 3.4000000000000004,
  "0x5a6e": 1.9000000000000004,
  "0x5a6f": 1.6,
  "0x620c": 2.0,
  "0x620d": 2.4,
  "0x67c0": 2.4000000000000004,
  "0x67c1": 2.2,
  "0x6c82": 10.8,
  "0x6c83": 5.5,
  "0x71f8": 6.800000000000002,
  "0x71f9": 4.7,
  "0x2f2c": 9.2,
  "0x2f2d": 2.1,
  "0x3c02": 12.7,
  "0x3c03": 5.4,
  "0x476a": 12.0,
  "0x476b": 3.4000000000000004,
  "0x51e2": 5.1,
  "0x51e3": 3.1,
  "0x5a70": 3.3,
  "0x5a71": 1.6,
  "0x620e": 4.0,
  "0x620f": 2.4,
  "0x67c2": 6.199999999999998,
  "0x67c3": 2.1,
  "0x6c84": 11.6,
  "0x6c85": 2.4000000000000004,
  "0x71fa": 7.699999999999998,
  "0x71fb": 3.1,
  "0x2f2e": 5.199999999999998,
  "0x2f2f": 2.1,
  "0x3c04": 12.0,
  "0x3c05": 4.9,
  "0x476c": 8.7,
  "0x476d": 3.5,
  "0x51e4": 11.4,
  "0x51e5": 2.8,
  "0x5a72": 7.5,
  "0x5a73": 1.7000000000000002,
  "0x6210": 5.9,
  "0x6211": 2.5,
  "0x67c4": 4.1,
  "0x67c5": 2.8,
  "0x6c86": 12.9,
  "0x6c87": 3.3,
  "0x71fc": 8.4,
  "0x71fd": 3.3,
  "0x2f30": 3.4000000000000004,
  "0x2f31": 3.4000000000000004,
  "0x3c06": 12.2,
  "0x3c07": 3.5,
  "0x476e": 11.0,
  "0x476f": 3.7,
  "0x51e6": 8.7,
  "0x51e7": 3.9,
  "0x5a74": 7.1,
  "0x5a75": 2.8,
  "0x6212": 4.9,
  "0x6213": 1.9,
  "0x67c6": 7.9,
  "0x67c7": 2.2,
  "0x6c88": 12.6,
  "0x6c89": 5.2,
  "0x71fe": 10.2,
  "0x71ff": 2.7,
  "0x2f32": 5.8,
  "0x2f33": 1.6,
  "0x3c08": 6.0,
  "0x3c09": 2.9000000000000004,
  "0x4770": 6.0,
  "0x4771": 3.0,
  "0x51e8": 5.699999999999998,
  "0x51e9": 1.6,
  "0x5a76": 2.5,
  "0x5a77": 1.7999999999999998,
  "0x6214": 2.7,
  "0x6215": 1.9,
  "0x67c8": 5.5,
  "0x67c9": 1.7000000000000002,
  "0x6c8a": 5.800000000000002,
  "0x6c8b": 2.9000000000000004,
  "0x7200": 5.1,
  "0x7201": 3.6,
  "0x2f34": 2.9000000000000004,
  "0x2f35": 2.7,
  "0x3c0a": 10.4,
  "0x3c0b": 3.1,
  "0x4772": 7.1,
  "0x4773": 3.3,
  "0x51ea": 8.1,
  "0x51eb": 2.1,
  "0x5a78": 4.3,
  "0x5a79": 2.4,
  "0x6216": 4.3,
  "0x6217": 2.4,
  "0x67ca": 2.7,
  "0x67cb": 3.4000000000000004,
  "0x6c8c": 9.5,
  "0x6c8d": 3.1,
  "0x7202": 7.800000000000002,
  "0x7203": 2.4000000000000004
}