{
  "0x2f28": 4.896037578582764,
  "0x2f29": 2.3458070755004883,
  "0x3bfe": 8.075864791870117,
  "0x3bff": 3.6948049068450928,
  "0x4766": 6.2309441566467285,
  "0x4767": 2.7113730907440186,
  "0x51de": 6.576879978179932,
  "0x51df": 3.2177536487579346,
  "0x5a6c": 5.084661960601807,
  "0x5a6d": 1.483291745185852,
  "0x620a": 4.490601062774658,
  "0x620b": 2.2057793140411377,
  "0x67be": 4.1476569175720215,
  "0x67bf": 1.4343621730804443,
  "0x6c80": 7.935048580169678,
  "0x6c81": 3.7400288581848145,
  "0x71f6": 6.534310817718506,
  "0x71f7": 3.369359254837036,
  "0x2f2a": 4.897075176239014,
  "0x2f2b": 2.34684419631958,
  "0x3c00": 8.058086395263672,
  "0x3c01": 3.696092367172241,
  "0x4768": 6.2126617431640625,
  "0x4769": 2.713697671890259,
  "0x51e0": 6.476150989532471,
  "0x51e1": 3.2420032024383545,
  "0x5a6e": 5.084606170654297,
  "0x5a6f": 1.4832359552383423,
  "0x620c": 4.490601062774658,
  "0x620d": 2.2066731452941895,
  "0x67c0": 4.147143840789795,
  "0x67c1": 1.4369003772735596,
  "0x6c82": 7.9356303215026855,
  "0x6c83": 3.7405807971954346,
  "0x71f8": 6.542102813720703,
  "0x71f9": 3.370147466659546,
  "0x2f2c": 4.897838115692139,
  "0x2f2d": 2.7023706436157227,
  "0x3c02": 8.057950019836426,
  "0x3c03": 3.69826340675354,
  "0x476a": 6.199529647827148,
  "0x476b": 2.701282024383545,
  "0x51e2": 6.452942848205566,
  "0x51e3": 3.316521406173706,
  "0x5a70": 5.097203254699707,
  "0x5a71": 1.4028246402740479,
  "0x620e": 4.545705795288086,
  "0x620f": 2.360525369644165,
  "0x67c2": 4.152747631072998,
  "0x67c3": 1.416569471359253,
  "0x6c84": 7.933618068695068,
  "0x6c85": 3.7237725257873535,
  "0x71fa": 6.533261775970459,
  "0x71fb": 3.364345073699951,
  "0x2f2e": 4.897838115692139,
  "0x2f2f": 2.7023706436157227,
  "0x3c04": 8.057950019836426,
  "0x3c05": 3.69826340675354,
  "0x476c": 6.199529647827148,
  "0x476d": 2.701282024383545,
  "0x51e4": 6.452942848205566,
  "0x51e5": 3.316521406173706,
  "0x5a72": 5.097203254699707,
  "0x5a73": 1.4028246402740479,
  "0x6210": 4.545705795288086,
  "0x6211": 2.360525369644165,
  "0x67c4": 4.152747631072998,
  "0x67c5": 1.416569471359253,
  "0x6c86": 7.686758041381836,
  "0x6c87": 3.7225630283355713,
  "0x71fc": 6.533261775970459,
  "0x71fd": 3.364345073699951,
  "0x2f30": 4.897838115692139,
  "0x2f31": 2.7023706436157227,
  "0x3c06": 8.057950019836426,
  "0x3c07": 3.69826340675354,
  "0x476e": 6.199529647827148,
  "0x476f": 2.701282024383545,
  "0x51e6": 6.456948280334473,
  "0x51e7": 3.270019769668579,
  "0x5a74": 5.097203254699707,
  "0x5a75": 1.4028246402740479,
  "0x6212": 4.545705795288086,
  "0x6213": 2.360525369644165,
  "0x67c6": 4.152747631072998,
  "0x67c7": 1.416569471359253,
  "0x6c88": 7.686758041381836,
  "0x6c89": 3.7225630283355713,
  "0x71fe": 6.533261775970459,
  "0x71ff": 3.364345073699951,
  "0x2f32": 4.907339572906494,
  "0x2f33": 2.6995420455932617,
  "0x3c08": 8.057950019836426,
  "0x3c09": 3.69826340675354,
  "0x4770": 6.199529647827148,
  "0x4771": 2.701282024383545,
  "0x51e8": 6.456948280334473,
  "0x51e9": 3.270019769668579,
  "0x5a76": 5.097203254699707,
  "0x5a77": 1.4028246402740479,
  "0x6214": 4.545705795288086,
  "0x6215": 2.360525369644165,
  "0x67c8": 4.152747631072998,
  "0x67c9": 1.416569471359253,
  "0x6c8a": 7.686758041381836,
  "0x6c8b": 3.7225630283355713,
  "0x7200": 6.533261775970459,
  "0x7201": 3.364345073699951,
  "0x2f34": 4.900120258331299,
  "0x2f35": 2.4184796810150146,
  "0x3c0a": 8.057950019836426,
  "0x3c0b": 3.69826340675354,
  "0x4772": 6.199529647827148,
  "0x4773": 2.701282024383545,
  "0x51ea": 6.456948280334473,
  "0x51eb": 3.270019769668579,
  "0x5a78": 5.097203254699707,
  "0x5a79": 1.4028246402740479,
  "0x6216": 4.545705795288086,
  "0x6217": 2.360525369644165,
  "0x67ca": 4.152747631072998,
  "0x67cb": 1.416569471359253,
  "0x6c8c": 7.686758041381836,
  "0x6c8d": 3.7225630283355713,
  "0x7202": 6.533261775970459,
  "0x7203": 3.364345073699951
}