{
  "0x2f60": 7.6,
  "0x2f61": 2.2,
  "0x3c36": 7.800000000000002,
  "0x3c37": 3.5,
  "0x479e": 6.300000000000002,
  "0x479f": 2.0,
  "0x5216": 9.4,
  "0x5217": 2.0,
  "0x5aa4": 4.6,
  "0x5aa5": 2.2,
  "0x6242": 4.5,
  "0x6243": 2.8,
  "0x67f6": 5.4,
  "0x67f7": 1.2999999999999998,
  "0x6cb8": 8.4,
  "0x6cb9": 3.9,
  "0x722e": 8.9,
  "0x722f": 3.3,
  "0x2f62": 10.0,
  "0x2f63": 4.3,
  "0x3c38": 14.3,
  "0x3c39": 5.2,
  "0x47a0": 13.8,
  "0x47a1": 4.8,
  "0x5218": 12.1,
  "0x5219": 5.3,
  "0x5aa6": 8.6,
  "0x5aa7": 3.3,
  "0x6244": 7.8,
  "0x6245": 4.2,
  "0x67f8": 7.5,
  "0x67f9": 3.8,
  "0x6cba": 13.5,
  "0x6cbb": 4.9,
  "0x7230": 11.4,
  "0x7231": 5.5,
  "0x76b4": 11.6,
  "0x76b5": 4.7,
  "0x2f64": 4.800000000000002,
  "0x2f65": 1.5999999999999996,
  "0x3c3a": 11.3,
  "0x3c3b": 4.0,
  "0x47a2": 7.9,
  "0x47a3": 4.1,
  "0x521a": 6.1,
  "0x521b": 1.5,
  "0x5aa8": 2.2,
  "0x5aa9": 0.2000000000000001,
  "0x6246": 8.7,
  "0x6247": 1.2999999999999998,
  "0x67fa": 6.9,
  "0x67fb": 0.0,
  "0x6cbc": 7.300000000000002,
  "0x6cbd": 1.9000000000000004,
  "0x7232": 4.9,
  "0x7233": 0.9000000000000004,
  "0x76b6": 6.0,
  "0x76b7": 0.9000000000000004,
  "0x2f66": 7.199999999999998,
  "0x2f67": 2.6,
  "0x3c3c": 12.5,
  "0x3c3d": 2.7,
  "0x47a4": 5.199999999999998,
  "0x47a5": 2.9000000000000004,
  "0x521c": 5.5,
  "0x521d": 3.4000000000000004,
  "0x5aaa": 8.6,
  "0x5aab": 2.0,
  "0x6248": 6.300000000000002,
  "0x6249": 3.0,
  "0x67fc": 6.1,
  "0x67fd": 1.1,
  "0x6cbe": 11.5,
  "0x6cbf": 2.8,
  "0x7234": 5.0,
  "0x7235": 3.1,
  "0x76b8": 10.7,
  "0x76b9": 2.6,
  "0x2f68": 4.699999999999998,
  "0x2f69": 3.3,
  "0x3c3e": 11.6,
  "0x3c3f": 2.0,
  "0x47a6": 10.0,
  "0x47a7": 1.2999999999999998,
  "0x521e": 7.6,
  "0x521f": 2.4000000000000004,
  "0x5aac": 4.300000000000002,
  "0x5aad": 0.5,
  "0x624a": 8.9,
  "0x624b": 2.5,
  "0x67fe": 1.5999999999999996,
  "0x67ff": 2.0,
  "0x6cc0": 11.6,
  "0x6cc1": 2.5,
  "0x7236": 7.6,
  "0x7237": 0.7000000000000002,
  "0x76ba": 9.6,
  "0x76bb": 4.1,
  "0x2f6a": 3.8,
  "0x2f6b": 2.1,
  "0x3c40": 8.4,
  "0x3c41": 4.8,
  "0x47a8": 3.9,
  "0x47a9": 3.9,
  "0x5220": 0.9000000000000004,
  "0x5221": 3.3,
  "0x5aae": 5.1,
  "0x5aaf": 0.0,
  "0x624c": 2.0,
  "0x624d": 2.5,
  "0x6800": 2.6,
  "0x6801": 0.7999999999999998,
  "0x6cc2": 10.1,
  "0x6cc3": 0.2999999999999998,
  "0x7238": 7.0,
  "0x7239": 3.6,
  "0x76bc": 4.4,
  "0x76bd": 3.0,
  "0x2f6c": 3.4000000000000004,
  "0x2f6d": 1.0,
  "0x3c42": 5.6,
  "0x3c43": 3.8,
  "0x47aa": 11.1,
  "0x47ab": 2.9,
  "0x5222": 8.5,
  "0x5223": 2.2,
  "0x5ab0": 4.6,
  "0x5ab1": 1.0,
  "0x624e": 3.0,
  "0x624f": 0.7000000000000002,
  "0x6802": 0.0,
  "0x6803": 2.3,
  "0x6cc4": 9.0,
  "0x6cc5": 3.3,
  "0x723a": 11.0,
  "0x723b": 1.7999999999999998,
  "0x76be": 4.800000000000002,
  "0x76bf": 0.7999999999999998
}