{
  "0x2f1a": 5.298527717590332,
  "0x2f1b": 1.7990984916687012,
  "0x3bf0": 7.015676975250244,
  "0x3bf1": 2.892064094543457,
  "0x4758": 9.486261367797852,
  "0x4759": 2.0073344707489014,
  "0x51d0": 8.609387397766113,
  "0x51d1": 2.799104928970337,
  "0x5a5e": 4.088445663452148,
  "0x5a5f": 2.6058762073516846,
  "0x61fc": 2.712006092071533,
  "0x61fd": 2.8950884342193604,
  "0x67b0": 4.588658332824707,
  "0x67b1": 1.5020593404769897,
  "0x71e8": 5.401301383972168,
  "0x71e9": 3.0993497371673584,
  "0x2f1c": 5.298527717590332,
  "0x2f1d": 1.7990984916687012,
  "0x3bf2": 7.015676975250244,
  "0x3bf3": 2.892064094543457,
  "0x475a": 9.486261367797852,
  "0x475b": 2.0073344707489014,
  "0x51d2": 8.609387397766113,
  "0x51d3": 2.799104928970337,
  "0x5a60": 4.088445663452148,
  "0x5a61": 2.6058762073516846,
  "0x61fe": 2.712006092071533,
  "0x61ff": 2.8950884342193604,
  "0x67b2": 4.588658332824707,
  "0x67b3": 1.5020593404769897,
  "0x71ea": 5.401301383972168,
  "0x71eb": 3.0993497371673584,
  "0x2f1e": 5.298527717590332,
  "0x2f1f": 1.7990984916687012,
  "0x3bf4": 7.015676975250244,
  "0x3bf5": 2.892064094543457,
  "0x475c": 9.486261367797852,
  "0x475d": 2.0073344707489014,
  "0x51d4": 8.609387397766113,
  "0x51d5": 2.799104928970337,
  "0x5a62": 4.088445663452148,
  "0x5a63": 2.6058762073516846,
  "0x6200": 2.712006092071533,
  "0x6201": 2.8950884342193604,
  "0x67b4": 4.588658332824707,
  "0x67b5": 1.5020593404769897,
  "0x71ec": 5.401301383972168,
  "0x71ed": 3.0993497371673584,
  "0x2f20": 5.298527717590332,
  "0x2f21": 1.7990984916687012,
  "0x3bf6": 7.015676975250244,
  "0x3bf7": 2.892064094543457,
  "0x475e": 9.486261367797852,
  "0x475f": 2.0073344707489014,
  "0x51d6": 8.609387397766113,
  "0x51d7": 2.799104928970337,
  "0x5a64": 4.088445663452148,
  "0x5a65": 2.6058762073516846,
  "0x6202": 2.712006092071533,
  "0x6203": 2.8950884342193604,
  "0x67b6": 4.588658332824707,
  "0x67b7": 1.5020593404769897,
  "0x71ee": 5.401301383972168,
  "0x71ef": 3.0993497371673584,
  "0x2f22": 5.298527717590332,
  "0x2f23": 1.7990984916687012,
  "0x3bf8": 7.015676975250244,
  "0x3bf9": 2.892064094543457,
  "0x4760": 9.486261367797852,
  "0x4761": 2.0073344707489014,
  "0x51d8": 8.609387397766113,
  "0x51d9": 2.799104928970337,
  "0x5a66": 4.088445663452148,
  "0x5a67": 2.6058762073516846,
  "0x6204": 2.712006092071533,
  "0x6205": 2.8950884342193604,
  "0x67b8": 4.588658332824707,
  "0x67b9": 1.5020593404769897,
  "0x71f0": 5.401301383972168,
  "0x71f1": 3.0993497371673584,
  "0x2f24": 5.298527717590332,
  "0x2f25": 1.7990984916687012,
  "0x3bfa": 7.015676975250244,
  "0x3bfb": 2.892064094543457,
  "0x4762": 9.486261367797852,
  "0x4763": 2.0073344707489014,
  "0x51da": 8.609387397766113,
  "0x51db": 2.799104928970337,
  "0x5a68": 4.088445663452148,
  "0x5a69": 2.6058762073516846,
  "0x6206": 2.712006092071533,
  "0x6207": 2.8950884342193604,
  "0x67ba": 4.588658332824707,
  "0x67bb": 1.5020593404769897,
  "0x6c7c": 8.609387397766113,
  "0x6c7d": 2.8295702934265137,
  "0x71f2": 5.401301383972168,
  "0x71f3": 3.0993497371673584,
  "0x2f26": 5.298527717590332,
  "0x2f27": 1.7990984916687012,
  "0x3bfc": 7.015676975250244,
  "0x3bfd": 2.892064094543457,
  "0x4764": 9.486261367797852,
  "0x4765": 2.0073344707489014,
  "0x51dc": 8.609387397766113,
  "0x51dd": 2.799104928970337,
  "0x5a6a": 4.088445663452148,
  "0x5a6b": 2.6058762073516846,
  "0x6208": 2.712006092071533,
  "0x6209": 2.8950884342193604,
  "0x67bc": 4.588658332824707,
  "0x67bd": 1.5020593404769897,
  "0x6c7e": 4.674274921417236,
  "0x6c7f": 2.137181043624878,
  "0x71f4": 5.401301383972168,
  "0x71f5": 3.0993497371673584
}