{
  "0x2cdc": 11.196125984191895,
  "0x2cdd": 3.7069756984710693,
  "0x39b2": 13.198720932006836,
  "0x39b3": 5.899559497833252,
  "0x451a": 12.800653457641602,
  "0x451b": 4.302430629730225,
  "0x4f92": 11.49502182006836,
  "0x4f93": 4.402257919311523,
  "0x5820": 7.915210723876953,
  "0x5821": 3.88095760345459,
  "0x5fbe": 6.996335029602051,
  "0x5fbf": 2.9066741466522217,
  "0x2cde": 11.196125984191895,
  "0x2cdf": 3.7069756984710693,
  "0x39b4": 13.198720932006836,
  "0x39b5": 5.899559497833252,
  "0x451c": 12.800653457641602,
  "0x451d": 4.302430629730225,
  "0x4f94": 11.49502182006836,
  "0x4f95": 4.402257919311523,
  "0x5822": 7.915210723876953,
  "0x5823": 3.88095760345459,
  "0x5fc0": 6.996335029602051,
  "0x5fc1": 2.9066741466522217,
  "0x2ce0": 11.196125984191895,
  "0x2ce1": 3.7069756984710693,
  "0x39b6": 13.198720932006836,
  "0x39b7": 5.899559497833252,
  "0x451e": 12.800653457641602,
  "0x451f": 4.302430629730225,
  "0x4f96": 11.49502182006836,
  "0x4f97": 4.402257919311523,
  "0x5824": 7.915210723876953,
  "0x5825": 3.88095760345459,
  "0x5fc2": 6.996335029602051,
  "0x5fc3": 2.9066741466522217,
  "0x2ce2": 11.196125984191895,
  "0x2ce3": 3.7069756984710693,
  "0x39b8": 13.198720932006836,
  "0x39b9": 5.899559497833252,
  "0x4520": 12.800653457641602,
  "0x4521": 4.302430629730225,
  "0x4f98": 11.49502182006836,
  "0x4f99": 4.402257919311523,
  "0x5826": 7.915210723876953,
  "0x5827": 3.88095760345459,
  "0x5fc4": 6.996335029602051,
  "0x5fc5": 2.9066741466522217,
  "0x2ce4": 11.196125984191895,
  "0x2ce5": 3.7069756984710693,
  "0x39ba": 13.198720932006836,
  "0x39bb": 5.899559497833252,
  "0x4522": 12.800653457641602,
  "0x4523": 4.302430629730225,
  "0x4f9a": 11.49502182006836,
  "0x4f9b": 4.402257919311523,
  "0x5828": 7.915210723876953,
  "0x5829": 3.88095760345459,
  "0x5fc6": 6.996335029602051,
  "0x5fc7": 2.9066741466522217,
  "0x2ce6": 11.196125984191895,
  "0x2ce7": 3.7069756984710693,
  "0x39bc": 13.198720932006836,
  "0x39bd": 5.899559497833252,
  "0x4524": 12.800653457641602,
  "0x4525": 4.302430629730225,
  "0x4f9c": 11.49502182006836,
  "0x4f9d": 4.402257919311523,
  "0x582a": 7.915210723876953,
  "0x582b": 3.88095760345459,
  "0x5fc8": 6.996335029602051,
  "0x5fc9": 2.9066741466522217,
  "0x2ce8": 11.196125984191895,
  "0x2ce9": 3.7069756984710693,
  "0x39be": 13.198720932006836,
  "0x39bf": 5.899559497833252,
  "0x4526": 12.800653457641602,
  "0x4527": 4.302430629730225,
  "0x4f9e": 11.49502182006836,
  "0x4f9f": 4.402257919311523,
  "0x582c": 7.915210723876953,
  "0x582d": 3.88095760345459,
  "0x5fca": 6.996335029602051,
  "0x5fcb": 2.9066741466522217
}