{
  "0x2d76": 8.202638626098633,
  "0x2d77": 3.6971490383148193,
  "0x3a4c": 11.397109985351562,
  "0x3a4d": 4.0043206214904785,
  "0x45b4": 8.301485061645508,
  "0x45b5": 4.897710800170898,
  "0x502c": 8.002497673034668,
  "0x502d": 4.700243949890137,
  "0x58ba": 7.897029876708984,
  "0x58bb": 3.6014463901519775,
  "0x6058": 7.901285648345947,
  "0x6059": 3.2996864318847656,
  "0x2d78": 8.202638626098633,
  "0x2d79": 3.6971490383148193,
  "0x3a4e": 11.397109985351562,
  "0x3a4f": 4.0043206214904785,
  "0x45b6": 8.301485061645508,
  "0x45b7": 4.897710800170898,
  "0x502e": 8.002497673034668,
  "0x502f": 4.700243949890137,
  "0x58bc": 7.897029876708984,
  "0x58bd": 3.6014463901519775,
  "0x605a": 7.901285648345947,
  "0x605b": 3.2996864318847656,
  "0x2d7a": 8.202638626098633,
  "0x2d7b": 3.6971490383148193,
  "0x3a50": 11.397109985351562,
  "0x3a51": 4.0043206214904785,
  "0x45b8": 8.301485061645508,
  "0x45b9": 4.897710800170898,
  "0x5030": 8.002497673034668,
  "0x5031": 4.700243949890137,
  "0x58be": 7.897029876708984,
  "0x58bf": 3.6014463901519775,
  "0x605c": 7.901285648345947,
  "0x605d": 3.2996864318847656,
  "0x2d7c": 8.202638626098633,
  "0x2d7d": 3.6971490383148193,
  "0x3a52": 11.397109985351562,
  "0x3a53": 4.0043206214904785,
  "0x45ba": 8.301485061645508,
  "0x45bb": 4.897710800170898,
  "0x5032": 8.002497673034668,
  "0x5033": 4.700243949890137,
  "0x58c0": 7.897029876708984,
  "0x58c1": 3.6014463901519775,
  "0x605e": 7.901285648345947,
  "0x605f": 3.2996864318847656,
  "0x2d7e": 8.202638626098633,
  "0x2d7f": 3.6971490383148193,
  "0x3a54": 11.397109985351562,
  "0x3a55": 4.0043206214904785,
  "0x45bc": 8.301485061645508,
  "0x45bd": 4.897710800170898,
  "0x5034": 8.002497673034668,
  "0x5035": 4.700243949890137,
  "0x58c2": 7.897029876708984,
  "0x58c3": 3.6014463901519775,
  "0x6060": 7.901285648345947,
  "0x6061": 3.2996864318847656,
  "0x2d80": 8.202638626098633,
  "0x2d81": 3.6971490383148193,
  "0x3a56": 11.397109985351562,
  "0x3a57": 4.0043206214904785,
  "0x45be": 8.301485061645508,
  "0x45bf": 4.897710800170898,
  "0x5036": 8.002497673034668,
  "0x5037": 4.700243949890137,
  "0x58c4": 7.897029876708984,
  "0x58c5": 3.6014463901519775,
  "0x6062": 7.901285648345947,
  "0x6063": 3.2996864318847656,
  "0x2d82": 8.202638626098633,
  "0x2d83": 3.6971490383148193,
  "0x3a58": 11.397109985351562,
  "0x3a59": 4.0043206214904785,
  "0x45c0": 8.301485061645508,
  "0x45c1": 4.897710800170898,
  "0x5038": 8.002497673034668,
  "0x5039": 4.700243949890137,
  "0x58c6": 7.897029876708984,
  "0x58c7": 3.6014463901519775,
  "0x6064": 7.901285648345947,
  "0x6065": 3.2996864318847656
}