{
  "0x2e3a": 6.275288105010986,
  "0x2e3b": 2.9961674213409424,
  "0x3b10": 7.3742265701293945,
  "0x3b11": 3.9764320850372314,
  "0x4678": 8.656156539916992,
  "0x4679": 3.1217050552368164,
  "0x50f0": 6.522136211395264,
  "0x50f1": 3.5361015796661377,
  "0x597e": 5.292919158935547,
  "0x597f": 2.947202444076538,
  "0x611c": 6.600371837615967,
  "0x611d": 3.0626726150512695,
  "0x66d0": 4.895564556121826,
  "0x66d1": 2.88569712638855,
  "0x2e3c": 6.287573337554932,
  "0x2e3d": 3.0084521770477295,
  "0x3b12": 7.296167373657227,
  "0x3b13": 3.9819071292877197,
  "0x467a": 8.940078735351562,
  "0x467b": 3.1524882316589355,
  "0x50f2": 6.515642166137695,
  "0x50f3": 3.538327693939209,
  "0x5980": 5.299125671386719,
  "0x5981": 2.9583635330200195,
  "0x611e": 6.5976433753967285,
  "0x611f": 3.064898729324341,
  "0x66d2": 4.894473075866699,
  "0x66d3": 2.8841891288757324,
  "0x2e3e": 6.287184238433838,
  "0x2e3f": 3.0084521770477295,
  "0x3b14": 7.295778274536133,
  "0x3b15": 3.9819071292877197,
  "0x467c": 8.946834564208984,
  "0x467d": 3.1231131553649902,
  "0x50f4": 6.525073051452637,
  "0x50f5": 3.50689435005188,
  "0x5982": 5.29967737197876,
  "0x5983": 2.9269301891326904,
  "0x6120": 6.5955095291137695,
  "0x6121": 3.0334653854370117,
  "0x66d4": 4.889322280883789,
  "0x66d5": 2.8527557849884033,
  "0x2e40": 6.271857261657715,
  "0x2e41": 3.0108795166015625,
  "0x3b16": 7.301863670349121,
  "0x3b17": 3.9535810947418213,
  "0x467e": 8.890647888183594,
  "0x467f": 3.1440773010253906,
  "0x50f6": 6.500250816345215,
  "0x50f7": 3.514765501022339,
  "0x5984": 5.314469337463379,
  "0x5985": 2.9027397632598877,
  "0x6122": 6.565656661987305,
  "0x6123": 3.033053398132324,
  "0x66d6": 4.864500045776367,
  "0x66d7": 2.8606269359588623,
  "0x2e42": 6.299482822418213,
  "0x2e43": 2.9999008178710938,
  "0x3b18": 7.300620079040527,
  "0x3b19": 3.999429941177368,
  "0x4680": 9.09528923034668,
  "0x4681": 3.103309392929077,
  "0x50f8": 6.502687454223633,
  "0x50f9": 3.596529006958008,
  "0x5986": 5.203657150268555,
  "0x5987": 2.997347831726074,
  "0x6124": 6.797738075256348,
  "0x6125": 3.0017619132995605,
  "0x66d8": 5.005156517028809,
  "0x66d9": 2.9052863121032715,
  "0x2e44": 6.299482822418213,
  "0x2e45": 2.9999008178710938,
  "0x3b1a": 7.300620079040527,
  "0x3b1b": 3.999429941177368,
  "0x4682": 9.09528923034668,
  "0x4683": 3.103309392929077,
  "0x50fa": 6.502687454223633,
  "0x50fb": 3.596529006958008,
  "0x5988": 5.203657150268555,
  "0x5989": 2.997347831726074,
  "0x6126": 6.797738075256348,
  "0x6127": 3.0017619132995605,
  "0x66da": 5.005156517028809,
  "0x66db": 2.9052863121032715,
  "0x2e46": 6.299482822418213,
  "0x2e47": 2.9999008178710938,
  "0x3b1c": 7.300620079040527,
  "0x3b1d": 3.999429941177368,
  "0x4684": 9.09528923034668,
  "0x4685": 3.103309392929077,
  "0x50fc": 6.502687454223633,
  "0x50fd": 3.596529006958008,
  "0x598a": 5.203657150268555,
  "0x598b": 2.997347831726074,
  "0x6128": 6.797738075256348,
  "0x6129": 3.0017619132995605,
  "0x66dc": 5.005156517028809,
  "0x66dd": 2.9052863121032715
}