{
  "0x2ed4": 6.5,
  "0x2ed5": 2.7,
  "0x3baa": 7.1,
  "0x3bab": 2.5,
  "0x4712": 4.6,
  "0x4713": 2.2,
  "0x518a": 7.6,
  "0x518b": 3.1,
  "0x5a18": 6.3,
  "0x5a19": 0.7999999999999998,
  "0x61b6": 3.4000000000000004,
  "0x61b7": 2.7,
  "0x676a": 3.1,
  "0x676b": 0.7999999999999998,
  "0x71a2": 5.9,
  "0x71a3": 1.2999999999999998,
  "0x2ed6": 3.4000000000000004,
  "0x2ed7": 2.6,
  "0x3bac": 9.5,
  "0x3bad": 3.1,
  "0x4714": 6.9,
  "0x4715": 2.1,
  "0x518c": 7.800000000000002,
  "0x518d": 2.0,
  "0x5a1a": 4.3,
  "0x5a1b": 0.7000000000000002,
  "0x61b8": 2.5,
  "0x61b9": 1.1,
  "0x676c": 2.9000000000000004,
  "0x676d": 0.7999999999999998,
  "0x71a4": 6.0,
  "0x71a5": 2.4000000000000004,
  "0x2ed8": 1.9000000000000004,
  "0x2ed9": 2.5,
  "0x3bae": 7.4,
  "0x3baf": 2.6,
  "0x4716": 5.199999999999998,
  "0x4717": 4.4,
  "0x518e": 7.699999999999998,
  "0x518f": 2.6,
  "0x5a1c": 4.4,
  "0x5a1d": 1.2999999999999998,
  "0x61ba": 2.5,
  "0x61bb": 3.4000000000000004,
  "0x676e": 4.2,
  "0x676f": 1.0,
  "0x71a6": 5.4,
  "0x71a7": 3.5,
  "0x2eda": 5.4,
  "0x2edb": 2.0,
  "0x3bb0": 7.6,
  "0x3bb1": 2.0,
  "0x4718": 8.6,
  "0x4719": 3.6,
  "0x5190": 7.800000000000002,
  "0x5191": 1.1,
  "0x5a1e": 4.6,
  "0x5a1f": 1.2000000000000002,
  "0x61bc": 5.1,
  "0x61bd": 3.4000000000000004,
  "0x6770": 4.7,
  "0x6771": 2.8,
  "0x71a8": 9.4,
  "0x71a9": 3.4000000000000004,
  "0x2edc": 5.0,
  "0x2edd": 2.6,
  "0x3bb2": 8.1,
  "0x3bb3": 4.2,
  "0x471a": 8.6,
  "0x471b": 3.6,
  "0x5192": 6.800000000000002,
  "0x5193": 2.1,
  "0x5a20": 4.9,
  "0x5a21": 3.2,
  "0x61be": 5.5,
  "0x61bf": 3.0,
  "0x6772": 5.2,
  "0x6773": 2.2,
  "0x71aa": 6.1,
  "0x71ab": 2.4000000000000004,
  "0x2ede": 3.8,
  "0x2edf": 2.4,
  "0x3bb4": 4.0,
  "0x3bb5": 3.3,
  "0x471c": 5.7,
  "0x471d": 2.3,
  "0x5194": 6.2,
  "0x5195": 3.0,
  "0x5a22": 1.2999999999999998,
  "0x5a23": 1.6,
  "0x61c0": 2.1,
  "0x61c1": 1.9,
  "0x6774": 4.4,
  "0x6775": 2.2,
  "0x71ac": 5.9,
  "0x71ad": 1.5,
  "0x2ee0": 6.6,
  "0x2ee1": 3.0,
  "0x3bb6": 6.4,
  "0x3bb7": 3.4000000000000004,
  "0x471e": 5.0,
  "0x471f": 2.1,
  "0x5196": 8.5,
  "0x5197": 3.4000000000000004,
  "0x5a24": 4.4,
  "0x5a25": 1.4,
  "0x61c2": 0.7999999999999998,
  "0x61c3": 2.3,
  "0x6776": 4.9,
  "0x6777": 1.2000000000000002,
  "0x71ae": 4.0,
  "0x71af": 2.2
}