{
  "0x2b62": 2.888242244720459,
  "0x2b63": 5.4781813621521,
  "0x3838": 3.571187973022461,
  "0x3839": 7.047117710113525,
  "0x43a0": 3.1192009449005127,
  "0x43a1": 5.965262413024902,
  "0x4e18": 3.0360982418060303,
  "0x4e19": 6.200711250305176,
  "0x56a6": 3.010533571243286,
  "0x56a7": 5.200567722320557,
  "0x2b64": 2.888242244720459,
  "0x2b65": 5.4781813621521,
  "0x383a": 3.571187973022461,
  "0x383b": 7.047117710113525,
  "0x43a2": 3.0827596187591553,
  "0x43a3": 5.965262413024902,
  "0x4e1a": 3.0368473529815674,
  "0x4e1b": 6.202270984649658,
  "0x56a8": 2.9738552570343018,
  "0x56a9": 5.2007222175598145,
  "0x2b66": 2.888242244720459,
  "0x2b67": 5.4781813621521,
  "0x383c": 3.571187973022461,
  "0x383d": 7.047117710113525,
  "0x43a4": 3.1274378299713135,
  "0x43a5": 5.965262413024902,
  "0x4e1c": 3.0368473529815674,
  "0x4e1d": 6.202270984649658,
  "0x56aa": 2.996831178665161,
  "0x56ab": 5.2007222175598145,
  "0x2b68": 2.888242244720459,
  "0x2b69": 5.4781813621521,
  "0x383e": 3.571187973022461,
  "0x383f": 7.047117710113525,
  "0x43a6": 3.1274378299713135,
  "0x43a7": 5.965262413024902,
  "0x4e1e": 3.0368473529815674,
  "0x4e1f": 6.202270984649658,
  "0x56ac": 2.996831178665161,
  "0x56ad": 5.2007222175598145,
  "0x2b6a": 2.890911102294922,
  "0x2b6b": 5.465967178344727,
  "0x3840": 3.571187973022461,
  "0x3841": 6.970746040344238,
  "0x43a8": 3.1274378299713135,
  "0x43a9": 5.888890743255615,
  "0x4e20": 3.0193161964416504,
  "0x4e21": 6.1974287033081055,
  "0x56ae": 3.0143628120422363,
  "0x56af": 5.152956485748291,
  "0x2b6c": 2.8793346881866455,
  "0x2b6d": 5.491010665893555,
  "0x3842": 3.5621824264526367,
  "0x3843": 6.995326519012451,
  "0x43aa": 3.1184322834014893,
  "0x43ab": 5.913471221923828,
  "0x4e22": 2.934918165206909,
  "0x4e23": 6.2038750648498535,
  "0x56b0": 2.9725544452667236,
  "0x56b1": 5.152333736419678,
  "0x2b6e": 2.8793346881866455,
  "0x2b6f": 5.491010665893555,
  "0x3844": 3.5621824264526367,
  "0x3845": 6.995326519012451,
  "0x43ac": 3.1184322834014893,
  "0x43ad": 5.913471221923828,
  "0x4e24": 2.934918165206909,
  "0x4e25": 6.2038750648498535,
  "0x56b2": 2.9725544452667236,
  "0x56b3": 5.152333736419678
}