{
  "0x2efe": 5.797470569610596,
  "0x2eff": 2.8014473915100098,
  "0x3bd4": 5.2974443435668945,
  "0x3bd5": 3.701251268386841,
  "0x473c": 6.602823257446289,
  "0x473d": 2.798377275466919,
  "0x51b4": 5.1976318359375,
  "0x51b5": 1.301110029220581,
  "0x5a42": 3.110670804977417,
  "0x5a43": 4.194866180419922,
  "0x61e0": 6.194883346557617,
  "0x61e1": 1.601630449295044,
  "0x6794": 1.9107884168624878,
  "0x6795": 0.8941642045974731,
  "0x71cc": 9.993520736694336,
  "0x71cd": 3.0036842823028564,
  "0x2f00": 5.797470569610596,
  "0x2f01": 2.8014473915100098,
  "0x3bd6": 5.2974443435668945,
  "0x3bd7": 3.701251268386841,
  "0x473e": 6.602823257446289,
  "0x473f": 2.798377275466919,
  "0x51b6": 5.1976318359375,
  "0x51b7": 1.301110029220581,
  "0x5a44": 3.110670804977417,
  "0x5a45": 4.194866180419922,
  "0x61e2": 6.194883346557617,
  "0x61e3": 1.601630449295044,
  "0x6796": 1.9107884168624878,
  "0x6797": 0.8941642045974731,
  "0x71ce": 9.993520736694336,
  "0x71cf": 3.0036842823028564,
  "0x2f02": 5.797470569610596,
  "0x2f03": 2.8014473915100098,
  "0x3bd8": 5.2974443435668945,
  "0x3bd9": 3.701251268386841,
  "0x4740": 6.602823257446289,
  "0x4741": 2.798377275466919,
  "0x51b8": 5.1976318359375,
  "0x51b9": 1.301110029220581,
  "0x5a46": 3.110670804977417,
  "0x5a47": 4.194866180419922,
  "0x61e4": 6.194883346557617,
  "0x61e5": 1.601630449295044,
  "0x6798": 1.9107884168624878,
  "0x6799": 0.8941642045974731,
  "0x71d0": 9.993520736694336,
  "0x71d1": 3.0036842823028564,
  "0x2f04": 5.797470569610596,
  "0x2f05": 2.8014473915100098,
  "0x3bda": 5.2974443435668945,
  "0x3bdb": 3.701251268386841,
  "0x4742": 6.602823257446289,
  "0x4743": 2.798377275466919,
  "0x51ba": 5.1976318359375,
  "0x51bb": 1.301110029220581,
  "0x5a48": 3.110670804977417,
  "0x5a49": 4.194866180419922,
  "0x61e6": 6.194883346557617,
  "0x61e7": 1.601630449295044,
  "0x679a": 1.9107884168624878,
  "0x679b": 0.8941642045974731,
  "0x71d2": 9.993520736694336,
  "0x71d3": 3.0036842823028564,
  "0x2f06": 5.797470569610596,
  "0x2f07": 2.8014473915100098,
  "0x3bdc": 5.2974443435668945,
  "0x3bdd": 3.701251268386841,
  "0x4744": 6.602823257446289,
  "0x4745": 2.798377275466919,
  "0x51bc": 5.1976318359375,
  "0x51bd": 1.301110029220581,
  "0x5a4a": 3.110670804977417,
  "0x5a4b": 4.194866180419922,
  "0x61e8": 6.194883346557617,
  "0x61e9": 1.601630449295044,
  "0x679c": 1.9107884168624878,
  "0x679d": 0.8941642045974731,
  "0x71d4": 9.993520736694336,
  "0x71d5": 3.0036842823028564,
  "0x2f08": 5.797470569610596,
  "0x2f09": 2.8014473915100098,
  "0x3bde": 5.2974443435668945,
  "0x3bdf": 3.701251268386841,
  "0x4746": 6.602823257446289,
  "0x4747": 2.798377275466919,
  "0x51be": 5.1976318359375,
  "0x51bf": 1.301110029220581,
  "0x5a4c": 3.110670804977417,
  "0x5a4d": 4.194866180419922,
  "0x61ea": 6.194883346557617,
  "0x61eb": 1.601630449295044,
  "0x679e": 1.9107884168624878,
  "0x679f": 0.8941642045974731,
  "0x71d6": 9.993520736694336,
  "0x71d7": 3.0036842823028564,
  "0x2f0a": 5.797470569610596,
  "0x2f0b": 2.8014473915100098,
  "0x3be0": 5.2974443435668945,
  "0x3be1": 3.701251268386841,
  "0x4748": 6.602823257446289,
  "0x4749": 2.798377275466919,
  "0x51c0": 5.1976318359375,
  "0x51c1": 1.301110029220581,
  "0x5a4e": 3.110670804977417,
  "0x5a4f": 4.194866180419922,
  "0x61ec": 6.194883346557617,
  "0x61ed": 1.601630449295044,
  "0x67a0": 1.9107884168624878,
  "0x67a1": 0.8941642045974731,
  "0x71d8": 9.993520736694336,
  "0x71d9": 3.0036842823028564
}