{
  "0x2ee2": 5.8,
  "0x2ee3": 2.2,
  "0x3bb8": 4.9,
  "0x3bb9": 2.5,
  "0x4720": 6.699999999999998,
  "0x4721": 1.4,
  "0x5198": 3.1,
  "0x5199": 2.7,
  "0x5a26": 4.8,
  "0x5a27": 2.0,
  "0x61c4": 4.0,
  "0x61c5": 1.7000000000000002,
  "0x6778": 5.1,
  "0x6779": 2.1,
  "0x71b0": 3.3,
  "0x71b1": 2.8,
  "0x2ee4": 6.8,
  "0x2ee5": 2.5,
  "0x3bba": 9.2,
  "0x3bbb": 2.2,
  "0x4722": 8.3,
  "0x4723": 2.7,
  "0x519a": 5.6,
  "0x519b": 2.3,
  "0x5a28": 2.2,
  "0x5a29": 1.0,
  "0x61c6": 5.7,
  "0x61c7": 0.6000000000000001,
  "0x677a": 3.8,
  "0x677b": 0.6000000000000001,
  "0x71b2": 7.800000000000002,
  "0x71b3": 2.4000000000000004,
  "0x2ee6": 6.1,
  "0x2ee7": 4.0,
  "0x3bbc": 12.4,
  "0x3bbd": 4.6,
  "0x4724": 8.4,
  "0x4725": 2.3,
  "0x519c": 8.7,
  "0x519d": 1.9,
  "0x5a2a": 4.5,
  "0x5a2b": 1.6,
  "0x61c8": 6.0,
  "0x61c9": 2.0,
  "0x677c": 5.699999999999998,
  "0x677d": 3.5,
  "0x71b4": 8.1,
  "0x71b5": 3.8,
  "0x2ee8": 7.0,
  "0x2ee9": 3.2,
  "0x3bbe": 8.8,
  "0x3bbf": 3.2,
  "0x4726": 10.1,
  "0x4727": 4.1,
  "0x519e": 10.5,
  "0x519f": 1.6,
  "0x5a2c": 5.4,
  "0x5a2d": 3.0,
  "0x61ca": 6.1,
  "0x61cb": 2.0,
  "0x677e": 2.3,
  "0x677f": 3.1,
  "0x71b6": 10.7,
  "0x71b7": 2.4000000000000004,
  "0x2eea": 8.9,
  "0x2eeb": 3.7,
  "0x3bc0": 9.6,
  "0x3bc1": 4.5,
  "0x4728": 6.1,
  "0x4729": 3.9,
  "0x51a0": 8.9,
  "0x51a1": 2.2,
  "0x5a2e": 6.3,
  "0x5a2f": 2.2,
  "0x61cc": 7.199999999999998,
  "0x61cd": 3.9,
  "0x6780": 3.8000000000000007,
  "0x6781": 3.1,
  "0x71b8": 6.800000000000002,
  "0x71b9": 3.7,
  "0x2eec": 3.4000000000000004,
  "0x2eed": 1.6,
  "0x3bc2": 9.1,
  "0x3bc3": 2.8,
  "0x472a": 3.4000000000000004,
  "0x472b": 3.4000000000000004,
  "0x51a2": 7.800000000000002,
  "0x51a3": 1.5,
  "0x5a30": 3.3,
  "0x5a31": 2.0,
  "0x61ce": 3.0,
  "0x61cf": 1.6,
  "0x6782": 2.1,
  "0x6783": 2.7,
  "0x71ba": 4.5,
  "0x71bb": 2.6,
  "0x2eee": 4.0,
  "0x2eef": 2.8,
  "0x3bc4": 9.1,
  "0x3bc5": 3.7,
  "0x472c": 8.8,
  "0x472d": 4.2,
  "0x51a4": 7.300000000000002,
  "0x51a5": 2.7,
  "0x5a32": 3.5,
  "0x5a33": 2.4,
  "0x61d0": 7.4,
  "0x61d1": 2.1,
  "0x6784": 3.9,
  "0x6785": 2.0,
  "0x71bc": 5.6,
  "0x71bd": 3.4000000000000004
}