{
  "0x4391": 3.5545170307159424,
  "0x4e08": 6.458866596221924,
  "0x4e09": 2.9637551307678223
}