{
  "0x2f28": 4.854166030883789,
  "0x2f29": 2.327622413635254,
  "0x3bfe": 8.033534049987793,
  "0x3bff": 3.6840274333953857,
  "0x4766": 6.272148609161377,
  "0x4767": 2.706295967102051,
  "0x51de": 6.723525047302246,
  "0x51df": 3.2638425827026367,
  "0x5a6c": 5.109725475311279,
  "0x5a6d": 1.5055309534072876,
  "0x620a": 4.507923603057861,
  "0x620b": 2.235597610473633,
  "0x67be": 4.150140762329102,
  "0x67bf": 1.4443473815917969,
  "0x6c80": 7.5733418464660645,
  "0x6c81": 3.4167892932891846,
  "0x71f6": 6.560172080993652,
  "0x71f7": 3.356398582458496,
  "0x2f2a": 4.8723063468933105,
  "0x2f2b": 2.327296733856201,
  "0x3c00": 8.056373596191406,
  "0x3c01": 3.682874917984009,
  "0x4768": 6.232271671295166,
  "0x4769": 2.715440511703491,
  "0x51e0": 6.515283584594727,
  "0x51e1": 3.302109718322754,
  "0x5a6e": 5.10856294631958,
  "0x5a6f": 1.508926272392273,
  "0x620c": 4.506761074066162,
  "0x620d": 2.2293436527252197,
  "0x67c0": 4.150140762329102,
  "0x67c1": 1.4459030628204346,
  "0x6c82": 7.585860729217529,
  "0x6c83": 3.427578926086426,
  "0x71f8": 6.523611068725586,
  "0x71f9": 3.3631505966186523,
  "0x2f2c": 4.899868011474609,
  "0x2f2d": 2.6996798515319824,
  "0x3c02": 8.056373596191406,
  "0x3c03": 3.698467254638672,
  "0x476a": 6.199859142303467,
  "0x476b": 2.7002289295196533,
  "0x51e2": 6.445648670196533,
  "0x51e3": 3.335658311843872,
  "0x5a70": 5.09548282623291,
  "0x5a71": 1.4049445390701294,
  "0x620e": 4.501029968261719,
  "0x620f": 2.3524835109710693,
  "0x67c2": 4.143033027648926,
  "0x67c3": 1.4179081916809082,
  "0x6c84": 7.575930118560791,
  "0x6c85": 3.3967604637145996,
  "0x71fa": 6.515259742736816,
  "0x71fb": 3.361966609954834,
  "0x2f2e": 4.899868011474609,
  "0x2f2f": 2.6996798515319824,
  "0x3c04": 8.056373596191406,
  "0x3c05": 3.698467254638672,
  "0x476c": 6.199859142303467,
  "0x476d": 2.7002289295196533,
  "0x51e4": 6.445648670196533,
  "0x51e5": 3.335658311843872,
  "0x5a72": 5.09548282623291,
  "0x5a73": 1.4049445390701294,
  "0x6210": 4.501029968261719,
  "0x6211": 2.3524835109710693,
  "0x67c4": 4.143033027648926,
  "0x67c5": 1.4179081916809082,
  "0x6c86": 7.340332508087158,
  "0x6c87": 3.4078845977783203,
  "0x71fc": 6.515259742736816,
  "0x71fd": 3.361966609954834,
  "0x2f30": 4.899868011474609,
  "0x2f31": 2.6996798515319824,
  "0x3c06": 8.056373596191406,
  "0x3c07": 3.698467254638672,
  "0x476e": 6.199859142303467,
  "0x476f": 2.7002289295196533,
  "0x51e6": 6.445648670196533,
  "0x51e7": 3.292299509048462,
  "0x5a74": 5.09548282623291,
  "0x5a75": 1.4049445390701294,
  "0x6212": 4.501029968261719,
  "0x6213": 2.3524835109710693,
  "0x67c6": 4.143033027648926,
  "0x67c7": 1.4179081916809082,
  "0x6c88": 7.340332508087158,
  "0x6c89": 3.4078845977783203,
  "0x71fe": 6.515259742736816,
  "0x71ff": 3.361966609954834,
  "0x2f32": 4.897592544555664,
  "0x2f33": 2.6810483932495117,
  "0x3c08": 8.056373596191406,
  "0x3c09": 3.698467254638672,
  "0x4770": 6.199859142303467,
  "0x4771": 2.7002289295196533,
  "0x51e8": 6.445648670196533,
  "0x51e9": 3.292299509048462,
  "0x5a76": 5.09548282623291,
  "0x5a77": 1.4049445390701294,
  "0x6214": 4.501029968261719,
  "0x6215": 2.3524835109710693,
  "0x67c8": 4.143033027648926,
  "0x67c9": 1.4179081916809082,
  "0x6c8a": 7.340332508087158,
  "0x6c8b": 3.4078845977783203,
  "0x7200": 6.515259742736816,
  "0x7201": 3.361966609954834,
  "0x2f34": 4.911552429199219,
  "0x2f35": 2.4236016273498535,
  "0x3c0a": 8.056373596191406,
  "0x3c0b": 3.698467254638672,
  "0x4772": 6.199859142303467,
  "0x4773": 2.7002289295196533,
  "0x51ea": 6.445648670196533,
  "0x51eb": 3.292299509048462,
  "0x5a78": 5.09548282623291,
  "0x5a79": 1.4049445390701294,
  "0x6216": 4.501029968261719,
  "0x6217": 2.3524835109710693,
  "0x67ca": 4.143033027648926,
  "0x67cb": 1.4179081916809082,
  "0x6c8c": 7.340332508087158,
  "0x6c8d": 3.4078845977783203,
  "0x7202": 6.515259742736816,
  "0x7203": 3.361966609954834
}