{
  "0x2fc2": 5.498480319976807,
  "0x2fc3": 1.3058346509933472,
  "0x3c98": 6.598777770996094,
  "0x3c99": 4.38994836807251,
  "0x4800": 7.69956636428833,
  "0x4801": 1.1964952945709229,
  "0x5278": 5.517634868621826,
  "0x5279": 2.2921969890594482,
  "0x5b06": 4.389807224273682,
  "0x5b07": 2.804248809814453,
  "0x62a4": 6.7867021560668945,
  "0x62a5": 1.506629228591919,
  "0x6858": 0.19125598669052124,
  "0x6859": 0.9139487147331238,
  "0x6d1a": 6.712374687194824,
  "0x6d1b": 3.5873053073883057,
  "0x7290": 8.693696022033691,
  "0x7291": 2.3011884689331055,
  "0x7714": 7.692266941070557,
  "0x7715": 3.707183599472046,
  "0x2fc4": 5.498480319976807,
  "0x2fc5": 1.3058346509933472,
  "0x3c9a": 6.598777770996094,
  "0x3c9b": 4.38994836807251,
  "0x4802": 7.69956636428833,
  "0x4803": 1.1964952945709229,
  "0x527a": 5.517634868621826,
  "0x527b": 2.2921969890594482,
  "0x5b08": 4.389807224273682,
  "0x5b09": 2.804248809814453,
  "0x62a6": 6.900238037109375,
  "0x62a7": 1.506629228591919,
  "0x685a": 0.19125598669052124,
  "0x685b": 0.9139487147331238,
  "0x6d1c": 6.712374687194824,
  "0x6d1d": 3.5873053073883057,
  "0x7292": 8.693696022033691,
  "0x7293": 2.3011884689331055,
  "0x7716": 7.692266941070557,
  "0x7717": 3.707183599472046,
  "0x2fc6": 5.498480319976807,
  "0x2fc7": 1.3058346509933472,
  "0x3c9c": 6.598777770996094,
  "0x3c9d": 4.38994836807251,
  "0x4804": 7.69956636428833,
  "0x4805": 1.1964952945709229,
  "0x527c": 5.517634868621826,
  "0x527d": 2.2921969890594482,
  "0x5b0a": 4.389807224273682,
  "0x5b0b": 2.804248809814453,
  "0x62a8": 6.900238037109375,
  "0x62a9": 0.3937353491783142,
  "0x685c": 0.19125598669052124,
  "0x685d": -0.053460050374269485,
  "0x6d1e": 6.712374687194824,
  "0x6d1f": 3.5873053073883057,
  "0x7294": 8.693696022033691,
  "0x7295": 2.3011884689331055,
  "0x7718": 7.692266941070557,
  "0x7719": 3.707183599472046,
  "0x2fc8": 5.498480319976807,
  "0x2fc9": 1.3058346509933472,
  "0x3c9e": 6.598777770996094,
  "0x3c9f": 4.38994836807251,
  "0x4806": 7.69956636428833,
  "0x4807": 1.1964952945709229,
  "0x527e": 5.517634868621826,
  "0x527f": 2.2921969890594482,
  "0x5b0c": 4.389807224273682,
  "0x5b0d": 2.804248809814453,
  "0x62aa": 6.900238037109375,
  "0x62ab": 1.506629228591919,
  "0x685e": 0.19125598669052124,
  "0x685f": 0.9139487147331238,
  "0x6d20": 6.712374687194824,
  "0x6d21": 3.5873053073883057,
  "0x7296": 8.693696022033691,
  "0x7297": 2.3011884689331055,
  "0x771a": 7.692266941070557,
  "0x771b": 3.707183599472046,
  "0x2fca": 5.498480319976807,
  "0x2fcb": 1.3058346509933472,
  "0x3ca0": 6.598777770996094,
  "0x3ca1": 4.38994836807251,
  "0x4808": 7.69956636428833,
  "0x4809": 1.1964952945709229,
  "0x5280": 5.517634868621826,
  "0x5281": 2.2921969890594482,
  "0x5b0e": 4.389807224273682,
  "0x5b0f": 2.804248809814453,
  "0x62ac": 6.900238037109375,
  "0x62ad": 1.506629228591919,
  "0x6860": 0.19125598669052124,
  "0x6861": 0.9139487147331238,
  "0x6d22": 6.712374687194824,
  "0x6d23": 3.5873053073883057,
  "0x7298": 8.693696022033691,
  "0x7299": 2.3011884689331055,
  "0x771c": 7.692266941070557,
  "0x771d": 3.707183599472046,
  "0x2fcc": 5.498480319976807,
  "0x2fcd": 1.3058346509933472,
  "0x3ca2": 6.598777770996094,
  "0x3ca3": 4.38994836807251,
  "0x480a": 7.69956636428833,
  "0x480b": 1.1964952945709229,
  "0x5282": 5.517634868621826,
  "0x5283": 2.2921969890594482,
  "0x5b10": 4.389807224273682,
  "0x5b11": 2.804248809814453,
  "0x62ae": 6.900238037109375,
  "0x62af": 0.3937353491783142,
  "0x6862": 0.19125598669052124,
  "0x6863": 0.9139487147331238,
  "0x6d24": 6.712374687194824,
  "0x6d25": 3.5873053073883057,
  "0x729a": 8.693696022033691,
  "0x729b": 2.267916202545166,
  "0x771e": 7.692266941070557,
  "0x771f": 3.707183599472046,
  "0x2fce": 5.498480319976807,
  "0x2fcf": 1.3058346509933472,
  "0x3ca4": 6.598777770996094,
  "0x3ca5": 4.38994836807251,
  "0x480c": 7.69956636428833,
  "0x480d": 1.1964952945709229,
  "0x5284": 5.517634868621826,
  "0x5285": 2.2921969890594482,
  "0x5b12": 4.389807224273682,
  "0x5b13": 1.1784236431121826,
  "0x62b0": 6.900238037109375,
  "0x62b1": 1.506629228591919,
  "0x6864": 0.19125598669052124,
  "0x6865": 0.9139487147331238,
  "0x6d26": 6.712374687194824,
  "0x6d27": 3.5873053073883057,
  "0x729c": 8.693696022033691,
  "0x729d": 2.3011884689331055,
  "0x7720": 7.692266941070557,
  "0x7721": 3.707183599472046
}