{
  "0x3008": 2.9998068809509277,
  "0x3009": 3.1947641372680664,
  "0x3cde": 11.095646858215332,
  "0x3cdf": 1.209770679473877,
  "0x4846": 6.729098320007324,
  "0x4847": 3.702761173248291,
  "0x52be": 9.691645622253418,
  "0x52bf": 1.5095007419586182,
  "0x5b4c": 5.207562446594238,
  "0x5b4d": 0.7259503602981567,
  "0x62ea": 3.496504545211792,
  "0x62eb": 1.8142461776733398,
  "0x689e": 5.38841438293457,
  "0x689f": 1.6173509359359741,
  "0x6d60": 5.804975509643555,
  "0x6d61": 1.6978942155838013,
  "0x72d6": 4.808554172515869,
  "0x72d7": 1.8848843574523926,
  "0x775a": 6.10041618347168,
  "0x775b": 3.4964702129364014,
  "0x300a": 2.9998068809509277,
  "0x300b": 0.4397675395011902,
  "0x3ce0": 11.095646858215332,
  "0x3ce1": 1.209770679473877,
  "0x4848": 6.705479621887207,
  "0x4849": 3.988032817840576,
  "0x52c0": 9.691645622253418,
  "0x52c1": 1.5095007419586182,
  "0x5b4e": 5.207562446594238,
  "0x5b4f": 0.7259503602981567,
  "0x62ec": 3.496504545211792,
  "0x62ed": 1.8142461776733398,
  "0x68a0": 5.38841438293457,
  "0x68a1": 1.6173509359359741,
  "0x6d62": 5.705216407775879,
  "0x6d63": 1.6978942155838013,
  "0x72d8": 4.808554172515869,
  "0x72d9": 1.8848843574523926,
  "0x775c": 6.10041618347168,
  "0x775d": 3.4964702129364014,
  "0x300c": 2.9998068809509277,
  "0x300d": 3.1947641372680664,
  "0x3ce2": 11.095646858215332,
  "0x3ce3": 1.209770679473877,
  "0x484a": 6.705479621887207,
  "0x484b": 3.988032817840576,
  "0x52c2": 9.691645622253418,
  "0x52c3": 1.5095007419586182,
  "0x5b50": 5.207562446594238,
  "0x5b51": 0.7259503602981567,
  "0x62ee": 3.496504545211792,
  "0x62ef": 1.8142461776733398,
  "0x68a2": 5.38841438293457,
  "0x68a3": 0.005107722245156765,
  "0x6d64": 6.676242828369141,
  "0x6d65": 1.8058562278747559,
  "0x72da": 4.808554172515869,
  "0x72db": 1.8848843574523926,
  "0x775e": 6.10041618347168,
  "0x775f": 3.4964702129364014,
  "0x300e": 2.9998068809509277,
  "0x300f": 3.1947641372680664,
  "0x3ce4": 11.095646858215332,
  "0x3ce5": 1.209770679473877,
  "0x484c": 6.705479621887207,
  "0x484d": 3.988032817840576,
  "0x52c4": 9.691645622253418,
  "0x52c5": 1.5095007419586182,
  "0x5b52": 5.207562446594238,
  "0x5b53": 0.7259503602981567,
  "0x62f0": 3.496504545211792,
  "0x62f1": 1.8142461776733398,
  "0x68a4": 5.38841438293457,
  "0x68a5": 1.6173509359359741,
  "0x6d66": 6.1044602394104,
  "0x6d67": 1.8667901754379272,
  "0x72dc": 4.808554172515869,
  "0x72dd": 1.8848843574523926,
  "0x7760": 6.10041618347168,
  "0x7761": 3.4964702129364014,
  "0x3010": 2.9998068809509277,
  "0x3011": 3.1947641372680664,
  "0x3ce6": 11.095646858215332,
  "0x3ce7": 1.209770679473877,
  "0x484e": 6.705479621887207,
  "0x484f": 3.988032817840576,
  "0x52c6": 9.691645622253418,
  "0x52c7": 1.5095007419586182,
  "0x5b54": 5.207562446594238,
  "0x5b55": 0.0010572663741186261,
  "0x62f2": 3.496504545211792,
  "0x62f3": 1.8142461776733398,
  "0x68a6": 5.38841438293457,
  "0x68a7": 1.6173509359359741,
  "0x6d68": 6.1044602394104,
  "0x6d69": 1.8667901754379272,
  "0x72de": 4.808554172515869,
  "0x72df": 1.8848843574523926,
  "0x7762": 6.10041618347168,
  "0x7763": 3.4964702129364014,
  "0x3012": 2.9998068809509277,
  "0x3013": 3.1947641372680664,
  "0x3ce8": 11.095646858215332,
  "0x3ce9": 1.209770679473877,
  "0x4850": 6.705479621887207,
  "0x4851": 3.988032817840576,
  "0x52c8": 9.691645622253418,
  "0x52c9": 1.5095007419586182,
  "0x5b56": 5.207562446594238,
  "0x5b57": 0.7259503602981567,
  "0x62f4": 3.496504545211792,
  "0x62f5": 1.8142461776733398,
  "0x68a8": 5.271618366241455,
  "0x68a9": 1.6199030876159668,
  "0x6d6a": 6.1044602394104,
  "0x6d6b": 1.8667901754379272,
  "0x72e0": 4.808554172515869,
  "0x72e1": 1.8848843574523926,
  "0x7764": 6.10041618347168,
  "0x7765": 3.4964702129364014,
  "0x3014": 2.9998068809509277,
  "0x3015": 3.1947641372680664,
  "0x3cea": 11.095646858215332,
  "0x3ceb": 1.209770679473877,
  "0x4852": 6.705479621887207,
  "0x4853": 3.988032817840576,
  "0x52ca": 9.691645622253418,
  "0x52cb": 1.5095007419586182,
  "0x5b58": 5.207562446594238,
  "0x5b59": 0.0010572663741186261,
  "0x62f6": 3.496504545211792,
  "0x62f7": 1.8142461776733398,
  "0x68aa": 5.323503017425537,
  "0x68ab": 0.007659764960408211,
  "0x6d6c": 6.1044602394104,
  "0x6d6d": 1.8667901754379272,
  "0x72e2": 4.808554172515869,
  "0x72e3": 1.8848843574523926,
  "0x7766": 6.10041618347168,
  "0x7767": 3.4964702129364014
}