{
  "0x2c96": 8.798898696899414,
  "0x2c97": 3.699636459350586,
  "0x396c": 9.703520774841309,
  "0x396d": 4.899960994720459,
  "0x44d4": 11.491840362548828,
  "0x44d5": 5.002355575561523,
  "0x4f4c": 8.304733276367188,
  "0x4f4d": 5.096864223480225,
  "0x57da": 8.698264122009277,
  "0x57db": 4.205524921417236,
  "0x5f78": 7.900145530700684,
  "0x5f79": 3.5004336833953857,
  "0x2c98": 8.798898696899414,
  "0x2c99": 3.699636459350586,
  "0x396e": 9.703520774841309,
  "0x396f": 4.899960994720459,
  "0x44d6": 11.491840362548828,
  "0x44d7": 5.002355575561523,
  "0x4f4e": 8.304733276367188,
  "0x4f4f": 5.096864223480225,
  "0x57dc": 8.698264122009277,
  "0x57dd": 4.205524921417236,
  "0x5f7a": 7.900145530700684,
  "0x5f7b": 3.5004336833953857,
  "0x2c9a": 8.798898696899414,
  "0x2c9b": 3.699636459350586,
  "0x3970": 9.703520774841309,
  "0x3971": 4.899960994720459,
  "0x44d8": 11.491840362548828,
  "0x44d9": 5.002355575561523,
  "0x4f50": 8.304733276367188,
  "0x4f51": 5.096864223480225,
  "0x57de": 8.698264122009277,
  "0x57df": 4.205524921417236,
  "0x5f7c": 7.900145530700684,
  "0x5f7d": 3.5004336833953857,
  "0x2c9c": 8.798898696899414,
  "0x2c9d": 3.699636459350586,
  "0x3972": 9.703520774841309,
  "0x3973": 4.899960994720459,
  "0x44da": 11.491840362548828,
  "0x44db": 5.002355575561523,
  "0x4f52": 8.304733276367188,
  "0x4f53": 5.096864223480225,
  "0x57e0": 8.698264122009277,
  "0x57e1": 4.205524921417236,
  "0x5f7e": 7.900145530700684,
  "0x5f7f": 3.5004336833953857,
  "0x2c9e": 8.798898696899414,
  "0x2c9f": 3.699636459350586,
  "0x3974": 9.703520774841309,
  "0x3975": 4.899960994720459,
  "0x44dc": 11.491840362548828,
  "0x44dd": 5.002355575561523,
  "0x4f54": 8.304733276367188,
  "0x4f55": 5.096864223480225,
  "0x57e2": 8.698264122009277,
  "0x57e3": 4.205524921417236,
  "0x5f80": 7.900145530700684,
  "0x5f81": 3.5004336833953857,
  "0x2ca0": 8.798898696899414,
  "0x2ca1": 3.699636459350586,
  "0x3976": 9.703520774841309,
  "0x3977": 4.899960994720459,
  "0x44de": 11.491840362548828,
  "0x44df": 5.002355575561523,
  "0x4f56": 8.304733276367188,
  "0x4f57": 5.096864223480225,
  "0x57e4": 8.698264122009277,
  "0x57e5": 4.205524921417236,
  "0x5f82": 7.900145530700684,
  "0x5f83": 3.5004336833953857,
  "0x2ca2": 8.798898696899414,
  "0x2ca3": 3.699636459350586,
  "0x3978": 9.703520774841309,
  "0x3979": 4.899960994720459,
  "0x44e0": 11.491840362548828,
  "0x44e1": 5.002355575561523,
  "0x4f58": 8.304733276367188,
  "0x4f59": 5.096864223480225,
  "0x57e6": 8.698264122009277,
  "0x57e7": 4.205524921417236,
  "0x5f84": 7.900145530700684,
  "0x5f85": 3.5004336833953857
}