{
  "0x2c50": 8.651541709899902,
  "0x2c51": 4.5308451652526855,
  "0x3926": 9.803505897521973,
  "0x3927": 4.8546953201293945,
  "0x448e": 9.264710426330566,
  "0x448f": 4.893089771270752,
  "0x4f06": 8.283379554748535,
  "0x4f07": 3.901693344116211,
  "0x5794": 11.46418571472168,
  "0x5795": 3.309596538543701,
  "0x5f32": 11.46418571472168,
  "0x5f33": 3.309596538543701,
  "0x2c52": 8.651541709899902,
  "0x2c53": 4.5308451652526855,
  "0x3928": 9.803505897521973,
  "0x3929": 4.8546953201293945,
  "0x4490": 9.264710426330566,
  "0x4491": 4.893089771270752,
  "0x4f08": 8.283379554748535,
  "0x4f09": 3.901693344116211,
  "0x5796": 11.46418571472168,
  "0x5797": 3.309596538543701,
  "0x5f34": 11.46418571472168,
  "0x5f35": 3.309596538543701,
  "0x2c54": 8.651541709899902,
  "0x2c55": 4.5308451652526855,
  "0x392a": 9.803505897521973,
  "0x392b": 4.8546953201293945,
  "0x4492": 9.264710426330566,
  "0x4493": 4.893089771270752,
  "0x4f0a": 8.283379554748535,
  "0x4f0b": 3.901693344116211,
  "0x5798": 11.46418571472168,
  "0x5799": 3.309596538543701,
  "0x5f36": 11.46418571472168,
  "0x5f37": 3.309596538543701,
  "0x2c56": 8.651541709899902,
  "0x2c57": 4.5308451652526855,
  "0x392c": 9.803505897521973,
  "0x392d": 4.8546953201293945,
  "0x4494": 9.264710426330566,
  "0x4495": 4.893089771270752,
  "0x4f0c": 8.283379554748535,
  "0x4f0d": 3.901693344116211,
  "0x579a": 11.46418571472168,
  "0x579b": 3.309596538543701,
  "0x5f38": 11.46418571472168,
  "0x5f39": 3.309596538543701,
  "0x2c58": 8.651541709899902,
  "0x2c59": 4.5308451652526855,
  "0x392e": 9.803505897521973,
  "0x392f": 4.8546953201293945,
  "0x4496": 9.264710426330566,
  "0x4497": 4.893089771270752,
  "0x4f0e": 8.283379554748535,
  "0x4f0f": 3.901693344116211,
  "0x579c": 11.46418571472168,
  "0x579d": 3.309596538543701,
  "0x5f3a": 11.46418571472168,
  "0x5f3b": 3.309596538543701,
  "0x2c5a": 8.651541709899902,
  "0x2c5b": 4.5308451652526855,
  "0x3930": 9.803505897521973,
  "0x3931": 4.8546953201293945,
  "0x4498": 9.264710426330566,
  "0x4499": 4.893089771270752,
  "0x4f10": 8.283379554748535,
  "0x4f11": 3.901693344116211,
  "0x579e": 11.46418571472168,
  "0x579f": 3.309596538543701,
  "0x5f3c": 11.46418571472168,
  "0x5f3d": 3.309596538543701,
  "0x2c5c": 8.651541709899902,
  "0x2c5d": 4.5308451652526855,
  "0x3932": 9.803505897521973,
  "0x3933": 4.8546953201293945,
  "0x449a": 9.264710426330566,
  "0x449b": 4.893089771270752,
  "0x4f12": 8.283379554748535,
  "0x4f13": 3.901693344116211,
  "0x57a0": 11.46418571472168,
  "0x57a1": 3.309596538543701,
  "0x5f3e": 11.46418571472168,
  "0x5f3f": 3.309596538543701
}