{
  "0x2eb8": 7.296500205993652,
  "0x2eb9": 1.702055811882019,
  "0x3b8e": 5.7015533447265625,
  "0x3b8f": 2.900254964828491,
  "0x46f6": 6.403240203857422,
  "0x46f7": 3.0964598655700684,
  "0x516e": 4.098013877868652,
  "0x516f": 2.903129816055298,
  "0x59fc": 2.9034998416900635,
  "0x59fd": 2.3983497619628906,
  "0x619a": 1.79730224609375,
  "0x619b": 2.1010565757751465,
  "0x674e": 2.203032970428467,
  "0x674f": 1.69673752784729,
  "0x7186": 7.597380638122559,
  "0x7187": 2.0010128021240234,
  "0x2eba": 7.296500205993652,
  "0x2ebb": 1.702055811882019,
  "0x3b90": 5.7015533447265625,
  "0x3b91": 2.900254964828491,
  "0x46f8": 6.403240203857422,
  "0x46f9": 3.0964598655700684,
  "0x5170": 4.098013877868652,
  "0x5171": 2.903129816055298,
  "0x59fe": 2.9034998416900635,
  "0x59ff": 2.3983497619628906,
  "0x619c": 1.79730224609375,
  "0x619d": 2.1010565757751465,
  "0x6750": 2.203032970428467,
  "0x6751": 1.69673752784729,
  "0x7188": 7.597380638122559,
  "0x7189": 2.0010128021240234,
  "0x2ebc": 7.296500205993652,
  "0x2ebd": 1.702055811882019,
  "0x3b92": 5.7015533447265625,
  "0x3b93": 2.900254964828491,
  "0x46fa": 6.403240203857422,
  "0x46fb": 3.0964598655700684,
  "0x5172": 4.098013877868652,
  "0x5173": 2.903129816055298,
  "0x5a00": 2.9034998416900635,
  "0x5a01": 2.3983497619628906,
  "0x619e": 1.79730224609375,
  "0x619f": 2.1010565757751465,
  "0x6752": 2.203032970428467,
  "0x6753": 1.69673752784729,
  "0x718a": 7.597380638122559,
  "0x718b": 2.0010128021240234,
  "0x2ebe": 7.296500205993652,
  "0x2ebf": 1.702055811882019,
  "0x3b94": 5.7015533447265625,
  "0x3b95": 2.900254964828491,
  "0x46fc": 6.403240203857422,
  "0x46fd": 3.0964598655700684,
  "0x5174": 4.098013877868652,
  "0x5175": 2.903129816055298,
  "0x5a02": 2.9034998416900635,
  "0x5a03": 2.3983497619628906,
  "0x61a0": 1.79730224609375,
  "0x61a1": 2.1010565757751465,
  "0x6754": 2.203032970428467,
  "0x6755": 1.69673752784729,
  "0x718c": 7.597380638122559,
  "0x718d": 2.0010128021240234,
  "0x2ec0": 7.296500205993652,
  "0x2ec1": 1.702055811882019,
  "0x3b96": 5.7015533447265625,
  "0x3b97": 2.900254964828491,
  "0x46fe": 6.403240203857422,
  "0x46ff": 3.0964598655700684,
  "0x5176": 4.098013877868652,
  "0x5177": 2.903129816055298,
  "0x5a04": 2.9034998416900635,
  "0x5a05": 2.3983497619628906,
  "0x61a2": 1.79730224609375,
  "0x61a3": 2.1010565757751465,
  "0x6756": 2.203032970428467,
  "0x6757": 1.69673752784729,
  "0x718e": 7.597380638122559,
  "0x718f": 2.0010128021240234,
  "0x2ec2": 7.296500205993652,
  "0x2ec3": 1.702055811882019,
  "0x3b98": 5.7015533447265625,
  "0x3b99": 2.900254964828491,
  "0x4700": 6.403240203857422,
  "0x4701": 3.0964598655700684,
  "0x5178": 4.098013877868652,
  "0x5179": 2.903129816055298,
  "0x5a06": 2.9034998416900635,
  "0x5a07": 2.3983497619628906,
  "0x61a4": 1.79730224609375,
  "0x61a5": 2.1010565757751465,
  "0x6758": 2.203032970428467,
  "0x6759": 1.69673752784729,
  "0x7190": 7.597380638122559,
  "0x7191": 2.0010128021240234,
  "0x2ec4": 7.296500205993652,
  "0x2ec5": 1.702055811882019,
  "0x3b9a": 5.7015533447265625,
  "0x3b9b": 2.900254964828491,
  "0x4702": 6.403240203857422,
  "0x4703": 3.0964598655700684,
  "0x517a": 4.098013877868652,
  "0x517b": 2.903129816055298,
  "0x5a08": 2.9034998416900635,
  "0x5a09": 2.3983497619628906,
  "0x61a6": 1.79730224609375,
  "0x61a7": 2.1010565757751465,
  "0x675a": 2.203032970428467,
  "0x675b": 1.69673752784729,
  "0x7192": 7.597380638122559,
  "0x7193": 2.0010128021240234
}