{
  "0x2f6e": 3.399481773376465,
  "0x2f6f": 1.0006040334701538,
  "0x3c44": 5.601347923278809,
  "0x3c45": 3.7994754314422607,
  "0x47ac": 9.51461410522461,
  "0x47ad": 2.9233758449554443,
  "0x5224": 8.494741439819336,
  "0x5225": 2.7789130210876465,
  "0x5ab2": 4.605961799621582,
  "0x5ab3": 0.9923576712608337,
  "0x6250": 2.9926650524139404,
  "0x6251": 0.706254243850708,
  "0x6804": 0.538042426109314,
  "0x6805": 1.7441593408584595,
  "0x6cc6": 9.014703750610352,
  "0x6cc7": 2.811549663543701,
  "0x723c": 10.8905029296875,
  "0x723d": 1.9813737869262695,
  "0x76c0": 7.745182991027832,
  "0x76c1": 1.389064073562622,
  "0x2f70": 3.399481773376465,
  "0x2f71": 1.0006040334701538,
  "0x3c46": 5.601347923278809,
  "0x3c47": 3.7994754314422607,
  "0x47ae": 9.358692169189453,
  "0x47af": 2.912006378173828,
  "0x5226": 8.494741439819336,
  "0x5227": 2.7789130210876465,
  "0x5ab4": 4.605961799621582,
  "0x5ab5": 0.9923576712608337,
  "0x6252": 2.9926650524139404,
  "0x6253": 0.706254243850708,
  "0x6806": 0.005542450118809938,
  "0x6807": 1.8183575868606567,
  "0x6cc8": 9.014703750610352,
  "0x6cc9": 2.811549663543701,
  "0x723e": 10.8905029296875,
  "0x723f": 1.9813737869262695,
  "0x76c2": 7.745182991027832,
  "0x76c3": 1.389064073562622,
  "0x2f72": 3.399481773376465,
  "0x2f73": 1.0006040334701538,
  "0x3c48": 5.601347923278809,
  "0x3c49": 3.7994754314422607,
  "0x47b0": 9.358692169189453,
  "0x47b1": 2.912006378173828,
  "0x5228": 8.494741439819336,
  "0x5229": 2.7789130210876465,
  "0x5ab6": 4.605961799621582,
  "0x5ab7": 0.9923576712608337,
  "0x6254": 2.9926650524139404,
  "0x6255": 0.706254243850708,
  "0x6808": 0.005542450118809938,
  "0x6809": 1.8183575868606567,
  "0x6cca": 9.014703750610352,
  "0x6ccb": 2.811549663543701,
  "0x7240": 10.8905029296875,
  "0x7241": 1.9813737869262695,
  "0x76c4": 7.745182991027832,
  "0x76c5": 1.389064073562622,
  "0x2f74": 3.399481773376465,
  "0x2f75": 1.0006040334701538,
  "0x3c4a": 5.601347923278809,
  "0x3c4b": 3.7994754314422607,
  "0x47b2": 9.358692169189453,
  "0x47b3": 2.912006378173828,
  "0x522a": 8.490926742553711,
  "0x522b": 2.7796566486358643,
  "0x5ab8": 4.605961799621582,
  "0x5ab9": 0.9923576712608337,
  "0x6256": 2.9926650524139404,
  "0x6257": 0.706254243850708,
  "0x680a": 0.005542450118809938,
  "0x680b": 1.8183575868606567,
  "0x6ccc": 9.014703750610352,
  "0x6ccd": 2.811549663543701,
  "0x7242": 10.8905029296875,
  "0x7243": 1.9813737869262695,
  "0x76c6": 7.745182991027832,
  "0x76c7": 1.389064073562622,
  "0x2f76": 3.399481773376465,
  "0x2f77": 1.0006040334701538,
  "0x3c4c": 5.601347923278809,
  "0x3c4d": 3.7994754314422607,
  "0x47b4": 9.358692169189453,
  "0x47b5": 2.912006378173828,
  "0x522c": 8.509742736816406,
  "0x522d": 2.784616470336914,
  "0x5aba": 4.605961799621582,
  "0x5abb": 0.9923576712608337,
  "0x6258": 2.9926650524139404,
  "0x6259": 0.706254243850708,
  "0x680c": 0.005542450118809938,
  "0x680d": 1.8183575868606567,
  "0x6cce": 9.014703750610352,
  "0x6ccf": 2.811549663543701,
  "0x7244": 10.8905029296875,
  "0x7245": 1.9813737869262695,
  "0x76c8": 7.745182991027832,
  "0x76c9": 1.389064073562622,
  "0x2f78": 3.399481773376465,
  "0x2f79": 1.0006040334701538,
  "0x3c4e": 5.601347923278809,
  "0x3c4f": 3.7994754314422607,
  "0x47b6": 9.358692169189453,
  "0x47b7": 2.912006378173828,
  "0x522e": 8.509742736816406,
  "0x522f": 2.784616470336914,
  "0x5abc": 4.605961799621582,
  "0x5abd": 0.9923576712608337,
  "0x625a": 2.9926650524139404,
  "0x625b": 0.706254243850708,
  "0x680e": 0.005542450118809938,
  "0x680f": 1.8183575868606567,
  "0x6cd0": 9.014703750610352,
  "0x6cd1": 2.811549663543701,
  "0x7246": 10.8905029296875,
  "0x7247": 1.9813737869262695,
  "0x76ca": 7.745182991027832,
  "0x76cb": 1.389064073562622,
  "0x2f7a": 3.399481773376465,
  "0x2f7b": 1.0006040334701538,
  "0x3c50": 5.601347923278809,
  "0x3c51": 3.7994754314422607,
  "0x47b8": 9.358692169189453,
  "0x47b9": 2.912006378173828,
  "0x5230": 8.470251083374023,
  "0x5231": 2.8026342391967773,
  "0x5abe": 4.605961799621582,
  "0x5abf": 0.9923576712608337,
  "0x625c": 2.9926650524139404,
  "0x625d": 0.706254243850708,
  "0x6810": 0.005542450118809938,
  "0x6811": 1.8183575868606567,
  "0x6cd2": 9.014703750610352,
  "0x6cd3": 2.811549663543701,
  "0x7248": 10.8905029296875,
  "0x7249": 1.9813737869262695,
  "0x76cc": 7.745182991027832,
  "0x76cd": 1.389064073562622
}