{
  "0x3024": 5.8987298011779785,
  "0x3025": 3.599775791168213,
  "0x3cfa": 5.001156330108643,
  "0x3cfb": 3.1988518238067627,
  "0x4862": 7.496168613433838,
  "0x4863": 1.003960132598877,
  "0x52da": 1.699081540107727,
  "0x52db": 0.10262694209814072,
  "0x5b68": 0.6002615094184875,
  "0x5b69": 1.045040488243103,
  "0x6306": 4.7016425132751465,
  "0x6307": 0.19947604835033417,
  "0x68ba": 4.7793803215026855,
  "0x68bb": 0.7415452599525452,
  "0x6d7c": 7.898325443267822,
  "0x6d7d": 2.4016354084014893,
  "0x72f2": 8.405008316040039,
  "0x72f3": 2.4950740337371826,
  "0x7776": 2.9029033184051514,
  "0x7777": 3.4955928325653076,
  "0x3026": 5.8987298011779785,
  "0x3027": 3.599775791168213,
  "0x3cfc": 5.001156330108643,
  "0x3cfd": 3.1988518238067627,
  "0x4864": 7.496168613433838,
  "0x4865": 1.003960132598877,
  "0x52dc": 1.699081540107727,
  "0x52dd": 0.10262694209814072,
  "0x5b6a": 0.6002615094184875,
  "0x5b6b": 1.045040488243103,
  "0x6308": 4.7016425132751465,
  "0x6309": 0.19947604835033417,
  "0x68bc": 4.7793803215026855,
  "0x68bd": 0.7415452599525452,
  "0x6d7e": 7.898325443267822,
  "0x6d7f": 2.4016354084014893,
  "0x72f4": 8.405008316040039,
  "0x72f5": 2.4950740337371826,
  "0x7778": 2.9029033184051514,
  "0x7779": 3.4955928325653076,
  "0x3028": 5.8987298011779785,
  "0x3029": 3.599775791168213,
  "0x3cfe": 5.001156330108643,
  "0x3cff": 3.1988518238067627,
  "0x4866": 7.496168613433838,
  "0x4867": 1.003960132598877,
  "0x52de": 1.699081540107727,
  "0x52df": 0.10262694209814072,
  "0x5b6c": 0.6002615094184875,
  "0x5b6d": -0.0008058405946940184,
  "0x630a": 4.7016425132751465,
  "0x630b": 0.19947604835033417,
  "0x68be": 4.761932373046875,
  "0x68bf": 0.7538928389549255,
  "0x6d80": 7.898325443267822,
  "0x6d81": 2.4016354084014893,
  "0x72f6": 8.405008316040039,
  "0x72f7": 2.4950740337371826,
  "0x777a": 2.9029033184051514,
  "0x777b": 3.4955928325653076,
  "0x302a": 5.8987298011779785,
  "0x302b": 3.599775791168213,
  "0x3d00": 5.001156330108643,
  "0x3d01": 3.1988518238067627,
  "0x4868": 7.496168613433838,
  "0x4869": 1.003960132598877,
  "0x52e0": 1.699081540107727,
  "0x52e1": 0.10262694209814072,
  "0x5b6e": 0.6002615094184875,
  "0x5b6f": 1.045040488243103,
  "0x630c": 4.7016425132751465,
  "0x630d": 0.19947604835033417,
  "0x68c0": 4.761932373046875,
  "0x68c1": 0.7538928389549255,
  "0x6d82": 7.898325443267822,
  "0x6d83": 2.4016354084014893,
  "0x72f8": 8.405008316040039,
  "0x72f9": 2.4950740337371826,
  "0x777c": 2.9029033184051514,
  "0x777d": 3.4955928325653076,
  "0x302c": 5.8987298011779785,
  "0x302d": 3.599775791168213,
  "0x3d02": 5.001156330108643,
  "0x3d03": 3.1988518238067627,
  "0x486a": 7.496168613433838,
  "0x486b": 1.003960132598877,
  "0x52e2": 1.699081540107727,
  "0x52e3": 0.10262694209814072,
  "0x5b70": 0.6002615094184875,
  "0x5b71": 1.045040488243103,
  "0x630e": 4.7016425132751465,
  "0x630f": 0.19947604835033417,
  "0x68c2": 4.761932373046875,
  "0x68c3": 0.7538928389549255,
  "0x6d84": 7.898325443267822,
  "0x6d85": 2.4016354084014893,
  "0x72fa": 8.405008316040039,
  "0x72fb": 2.4950740337371826,
  "0x777e": 2.9029033184051514,
  "0x777f": 3.4955928325653076,
  "0x302e": 5.8987298011779785,
  "0x302f": 3.599775791168213,
  "0x3d04": 5.001156330108643,
  "0x3d05": 3.1988518238067627,
  "0x486c": 7.496168613433838,
  "0x486d": 1.003960132598877,
  "0x52e4": 1.699081540107727,
  "0x52e5": 0.10262694209814072,
  "0x5b72": 0.6002615094184875,
  "0x5b73": 1.045040488243103,
  "0x6310": 4.7016425132751465,
  "0x6311": 0.19947604835033417,
  "0x68c4": 3.1334314346313477,
  "0x68c5": 0.0339370034635067,
  "0x6d86": 7.898325443267822,
  "0x6d87": 0.1787252426147461,
  "0x72fc": 8.405008316040039,
  "0x72fd": 0.5252992510795593,
  "0x7780": 2.9029033184051514,
  "0x7781": 3.4955928325653076,
  "0x3030": 5.8987298011779785,
  "0x3031": 3.599775791168213,
  "0x3d06": 5.001156330108643,
  "0x3d07": 3.1988518238067627,
  "0x486e": 7.496168613433838,
  "0x486f": 0.16944818198680878,
  "0x52e6": 1.699081540107727,
  "0x52e7": 0.10262694209814072,
  "0x5b74": 0.6002615094184875,
  "0x5b75": 1.045040488243103,
  "0x6312": 4.7016425132751465,
  "0x6313": 0.19947604835033417,
  "0x68c6": 4.79293155670166,
  "0x68c7": 0.737348735332489,
  "0x6d88": 7.898325443267822,
  "0x6d89": 2.4016354084014893,
  "0x72fe": 8.405008316040039,
  "0x72ff": 2.4950740337371826,
  "0x7782": 2.9029033184051514,
  "0x7783": 3.4955928325653076
}