{
  "0x2e72": 6.294260501861572,
  "0x2e73": 3.3502488136291504,
  "0x3b48": 9.898984909057617,
  "0x3b49": 3.8050730228424072,
  "0x46b0": 8.803296089172363,
  "0x46b1": 4.186295032501221,
  "0x5128": 7.196695327758789,
  "0x5129": 3.3897125720977783,
  "0x59b6": 4.292242527008057,
  "0x59b7": 3.1667556762695312,
  "0x6154": 5.8088884353637695,
  "0x6155": 2.973212957382202,
  "0x6708": 5.325133800506592,
  "0x6709": 2.8209891319274902,
  "0x7140": 7.653955459594727,
  "0x7141": 3.671752452850342,
  "0x2e74": 6.499973773956299,
  "0x2e75": 3.4022116661071777,
  "0x3b4a": 9.898984909057617,
  "0x3b4b": 3.7997944355010986,
  "0x46b2": 8.80791187286377,
  "0x46b3": 4.1927995681762695,
  "0x512a": 7.3962178230285645,
  "0x512b": 3.502929210662842,
  "0x59b8": 4.2001261711120605,
  "0x59b9": 3.3004679679870605,
  "0x6156": 6.003098487854004,
  "0x6157": 3.097236394882202,
  "0x670a": 5.686595916748047,
  "0x670b": 3.103895902633667,
  "0x7142": 7.674882888793945,
  "0x7143": 3.680943250656128,
  "0x2e76": 6.499973773956299,
  "0x2e77": 3.4038567543029785,
  "0x3b4c": 9.898433685302734,
  "0x3b4d": 3.797565221786499,
  "0x46b4": 8.818238258361816,
  "0x46b5": 4.18762731552124,
  "0x512c": 7.478452682495117,
  "0x512d": 3.514761209487915,
  "0x59ba": 4.3294901847839355,
  "0x59bb": 3.252135753631592,
  "0x6158": 5.992719650268555,
  "0x6159": 3.1621651649475098,
  "0x670c": 5.654798984527588,
  "0x670d": 3.1698720455169678,
  "0x7144": 7.657605171203613,
  "0x7145": 3.708303451538086,
  "0x2e78": 6.65695333480835,
  "0x2e79": 3.421888828277588,
  "0x3b4e": 9.901869773864746,
  "0x3b4f": 3.792767286300659,
  "0x46b6": 8.818238258361816,
  "0x46b7": 4.171078681945801,
  "0x512e": 7.668808937072754,
  "0x512f": 3.4494659900665283,
  "0x59bc": 4.372645378112793,
  "0x59bd": 3.1574747562408447,
  "0x615a": 6.091114044189453,
  "0x615b": 3.0568442344665527,
  "0x670e": 5.891058444976807,
  "0x670f": 3.0554299354553223,
  "0x7146": 7.6380767822265625,
  "0x7147": 3.6279098987579346,
  "0x2e7a": 6.65695333480835,
  "0x2e7b": 3.421888828277588,
  "0x3b50": 9.901869773864746,
  "0x3b51": 3.792767286300659,
  "0x46b8": 8.818238258361816,
  "0x46b9": 4.171078681945801,
  "0x5130": 7.712655067443848,
  "0x5131": 3.4494659900665283,
  "0x59be": 4.416491508483887,
  "0x59bf": 3.1574747562408447,
  "0x615c": 6.08579158782959,
  "0x615d": 3.0568442344665527,
  "0x6710": 5.933556079864502,
  "0x6711": 3.0554299354553223,
  "0x7148": 7.6380767822265625,
  "0x7149": 3.6279098987579346,
  "0x2e7c": 6.65695333480835,
  "0x2e7d": 3.421888828277588,
  "0x3b52": 9.901869773864746,
  "0x3b53": 3.792767286300659,
  "0x46ba": 8.818238258361816,
  "0x46bb": 4.171078681945801,
  "0x5132": 7.712655067443848,
  "0x5133": 3.4494659900665283,
  "0x59c0": 4.416491508483887,
  "0x59c1": 3.1574747562408447,
  "0x615e": 6.08579158782959,
  "0x615f": 3.0568442344665527,
  "0x6712": 5.933556079864502,
  "0x6713": 3.0554299354553223,
  "0x714a": 7.6380767822265625,
  "0x714b": 3.6279098987579346,
  "0x2e7e": 6.65695333480835,
  "0x2e7f": 3.421888828277588,
  "0x3b54": 9.901869773864746,
  "0x3b55": 3.792767286300659,
  "0x46bc": 8.818238258361816,
  "0x46bd": 4.171078681945801,
  "0x5134": 7.712655067443848,
  "0x5135": 3.4494659900665283,
  "0x59c2": 4.416491508483887,
  "0x59c3": 3.1574747562408447,
  "0x6160": 6.08579158782959,
  "0x6161": 3.0568442344665527,
  "0x6714": 5.933556079864502,
  "0x6715": 3.0554299354553223,
  "0x714c": 7.6380767822265625,
  "0x714d": 3.6279098987579346
}