{
  "0x2c50": 7.825349807739258,
  "0x2c51": 4.122682571411133,
  "0x3926": 13.0951509475708,
  "0x3927": 4.404385566711426,
  "0x448e": 9.374899864196777,
  "0x448f": 4.82672119140625,
  "0x4f06": 9.595687866210938,
  "0x4f07": 3.7401673793792725,
  "0x5794": 7.800326347351074,
  "0x5795": 3.3810431957244873,
  "0x5f32": 7.800018787384033,
  "0x5f33": 4.028219699859619,
  "0x2c52": 7.8996734619140625,
  "0x2c53": 4.298968315124512,
  "0x3928": 13.0951509475708,
  "0x3929": 4.400753498077393,
  "0x4490": 9.55176830291748,
  "0x4491": 4.899477958679199,
  "0x4f08": 9.667116165161133,
  "0x4f09": 3.806314706802368,
  "0x5796": 7.786844253540039,
  "0x5797": 3.3931896686553955,
  "0x5f34": 7.815613269805908,
  "0x5f35": 4.023582458496094,
  "0x2c54": 7.9001288414001465,
  "0x2c55": 4.299423694610596,
  "0x392a": 13.094950675964355,
  "0x392b": 4.400679588317871,
  "0x4492": 9.55092716217041,
  "0x4493": 4.89988374710083,
  "0x4f0a": 9.669449806213379,
  "0x4f0b": 3.804314613342285,
  "0x5798": 7.787018775939941,
  "0x5799": 3.3968656063079834,
  "0x5f36": 7.8157877922058105,
  "0x5f37": 4.036160469055176,
  "0x2c56": 7.9001288414001465,
  "0x2c57": 4.299423694610596,
  "0x392c": 13.094950675964355,
  "0x392d": 4.400679588317871,
  "0x4494": 9.55092716217041,
  "0x4495": 4.89988374710083,
  "0x4f0c": 9.669449806213379,
  "0x4f0d": 3.804314613342285,
  "0x579a": 7.787018775939941,
  "0x579b": 3.3968656063079834,
  "0x5f38": 7.8157877922058105,
  "0x5f39": 4.036160469055176,
  "0x2c58": 7.9001288414001465,
  "0x2c59": 4.299423694610596,
  "0x392e": 13.099288940429688,
  "0x392f": 4.400679588317871,
  "0x4496": 9.600106239318848,
  "0x4497": 4.89988374710083,
  "0x4f0e": 9.795350074768066,
  "0x4f0f": 3.804314613342285,
  "0x579c": 7.900564193725586,
  "0x579d": 3.3968656063079834,
  "0x5f3a": 7.895199298858643,
  "0x5f3b": 4.036160469055176,
  "0x2c5a": 7.9001288414001465,
  "0x2c5b": 4.299423694610596,
  "0x3930": 13.099288940429688,
  "0x3931": 4.400679588317871,
  "0x4498": 9.600106239318848,
  "0x4499": 4.89988374710083,
  "0x4f10": 9.795350074768066,
  "0x4f11": 3.804314613342285,
  "0x579e": 7.900564193725586,
  "0x579f": 3.3968656063079834,
  "0x5f3c": 7.895199298858643,
  "0x5f3d": 4.036160469055176,
  "0x2c5c": 7.9001288414001465,
  "0x2c5d": 4.299423694610596,
  "0x3932": 13.099288940429688,
  "0x3933": 4.400679588317871,
  "0x449a": 9.600106239318848,
  "0x449b": 4.89988374710083,
  "0x4f12": 9.795350074768066,
  "0x4f13": 3.804314613342285,
  "0x57a0": 7.900564193725586,
  "0x57a1": 3.3968656063079834,
  "0x5f3e": 7.895199298858643,
  "0x5f3f": 4.036160469055176
}