{
  "0x2f52": 4.299752235412598,
  "0x2f53": 3.3998069763183594,
  "0x3c28": 6.504436016082764,
  "0x3c29": 3.6997039318084717,
  "0x4790": 5.797389984130859,
  "0x4791": 3.9993560314178467,
  "0x5208": 8.50567626953125,
  "0x5209": 2.397369146347046,
  "0x5a96": 5.788301944732666,
  "0x5a97": 2.1082615852355957,
  "0x6234": 6.810641765594482,
  "0x6235": 1.5943107604980469,
  "0x67e8": 4.688692569732666,
  "0x67e9": 1.607871413230896,
  "0x6caa": 10.801422119140625,
  "0x6cab": 3.8979299068450928,
  "0x7220": 6.699375152587891,
  "0x7221": 3.000105857849121,
  "0x2f54": 4.299752235412598,
  "0x2f55": 3.3998069763183594,
  "0x3c2a": 6.504436016082764,
  "0x3c2b": 3.6997039318084717,
  "0x4792": 5.797389984130859,
  "0x4793": 3.9993560314178467,
  "0x520a": 8.50567626953125,
  "0x520b": 2.397369146347046,
  "0x5a98": 5.788301944732666,
  "0x5a99": 2.1082615852355957,
  "0x6236": 6.810641765594482,
  "0x6237": 1.5943107604980469,
  "0x67ea": 4.688692569732666,
  "0x67eb": 1.607871413230896,
  "0x6cac": 10.801422119140625,
  "0x6cad": 3.8979299068450928,
  "0x7222": 6.699375152587891,
  "0x7223": 3.000105857849121,
  "0x2f56": 4.299752235412598,
  "0x2f57": 3.3998069763183594,
  "0x3c2c": 6.504436016082764,
  "0x3c2d": 3.6997039318084717,
  "0x4794": 5.797389984130859,
  "0x4795": 3.9993560314178467,
  "0x520c": 8.50567626953125,
  "0x520d": 2.397369146347046,
  "0x5a9a": 5.788301944732666,
  "0x5a9b": 2.1082615852355957,
  "0x6238": 6.810641765594482,
  "0x6239": 1.5943107604980469,
  "0x67ec": 4.688692569732666,
  "0x67ed": 1.607871413230896,
  "0x6cae": 10.801422119140625,
  "0x6caf": 3.8979299068450928,
  "0x7224": 6.699375152587891,
  "0x7225": 3.000105857849121,
  "0x2f58": 4.299752235412598,
  "0x2f59": 3.3998069763183594,
  "0x3c2e": 6.504436016082764,
  "0x3c2f": 3.6997039318084717,
  "0x4796": 5.797389984130859,
  "0x4797": 3.9993560314178467,
  "0x520e": 8.50567626953125,
  "0x520f": 2.397369146347046,
  "0x5a9c": 5.788301944732666,
  "0x5a9d": 2.1082615852355957,
  "0x623a": 6.810641765594482,
  "0x623b": 1.5943107604980469,
  "0x67ee": 4.688692569732666,
  "0x67ef": 1.607871413230896,
  "0x6cb0": 10.801422119140625,
  "0x6cb1": 3.8979299068450928,
  "0x7226": 6.699375152587891,
  "0x7227": 3.000105857849121,
  "0x2f5a": 4.299752235412598,
  "0x2f5b": 3.3998069763183594,
  "0x3c30": 6.504436016082764,
  "0x3c31": 3.6997039318084717,
  "0x4798": 5.797389984130859,
  "0x4799": 3.9993560314178467,
  "0x5210": 8.50567626953125,
  "0x5211": 2.397369146347046,
  "0x5a9e": 5.788301944732666,
  "0x5a9f": 2.1082615852355957,
  "0x623c": 6.810641765594482,
  "0x623d": 1.5943107604980469,
  "0x67f0": 4.688692569732666,
  "0x67f1": 1.607871413230896,
  "0x6cb2": 10.801422119140625,
  "0x6cb3": 3.8979299068450928,
  "0x7228": 6.699375152587891,
  "0x7229": 3.000105857849121,
  "0x2f5c": 4.299752235412598,
  "0x2f5d": 3.3998069763183594,
  "0x3c32": 6.504436016082764,
  "0x3c33": 3.6997039318084717,
  "0x479a": 5.797389984130859,
  "0x479b": 3.9993560314178467,
  "0x5212": 8.50567626953125,
  "0x5213": 2.397369146347046,
  "0x5aa0": 5.788301944732666,
  "0x5aa1": 2.1082615852355957,
  "0x623e": 6.810641765594482,
  "0x623f": 1.5943107604980469,
  "0x67f2": 4.688692569732666,
  "0x67f3": 1.607871413230896,
  "0x6cb4": 10.801422119140625,
  "0x6cb5": 3.8979299068450928,
  "0x722a": 6.699375152587891,
  "0x722b": 3.000105857849121,
  "0x2f5e": 4.299752235412598,
  "0x2f5f": 3.3998069763183594,
  "0x3c34": 6.504436016082764,
  "0x3c35": 3.6997039318084717,
  "0x479c": 5.797389984130859,
  "0x479d": 3.9993560314178467,
  "0x5214": 8.50567626953125,
  "0x5215": 2.397369146347046,
  "0x5aa2": 5.788301944732666,
  "0x5aa3": 2.1082615852355957,
  "0x6240": 6.810641765594482,
  "0x6241": 1.5943107604980469,
  "0x67f4": 4.688692569732666,
  "0x67f5": 1.607871413230896,
  "0x6cb6": 10.801422119140625,
  "0x6cb7": 3.8979299068450928,
  "0x722c": 6.699375152587891,
  "0x722d": 3.000105857849121
}