{
  "0x2c50": 7.9003214836120605,
  "0x2c51": 4.193480014801025,
  "0x3926": 13.098977088928223,
  "0x3927": 4.4052324295043945,
  "0x448e": 9.411736488342285,
  "0x448f": 4.797257423400879,
  "0x4f06": 9.468635559082031,
  "0x4f07": 3.7692947387695312,
  "0x5794": 7.658341884613037,
  "0x5795": 3.296165943145752,
  "0x5f32": 6.9252800941467285,
  "0x5f33": 4.135581970214844,
  "0x2c52": 7.9003214836120605,
  "0x2c53": 4.300045490264893,
  "0x3928": 13.098977088928223,
  "0x3929": 4.399553298950195,
  "0x4490": 9.604379653930664,
  "0x4491": 4.89628267288208,
  "0x4f08": 9.79755973815918,
  "0x4f09": 3.8006885051727295,
  "0x5796": 7.8946356773376465,
  "0x5797": 3.4051597118377686,
  "0x5f34": 6.931914806365967,
  "0x5f35": 4.078917503356934,
  "0x2c54": 7.9003214836120605,
  "0x2c55": 4.300045490264893,
  "0x392a": 13.098977088928223,
  "0x392b": 4.399553298950195,
  "0x4492": 9.604379653930664,
  "0x4493": 4.89628267288208,
  "0x4f0a": 9.79755973815918,
  "0x4f0b": 3.8006885051727295,
  "0x5798": 7.8946356773376465,
  "0x5799": 3.4051597118377686,
  "0x5f36": 6.931914806365967,
  "0x5f37": 4.081888198852539,
  "0x2c56": 7.9003214836120605,
  "0x2c57": 4.300045490264893,
  "0x392c": 13.098977088928223,
  "0x392d": 4.399553298950195,
  "0x4494": 9.604379653930664,
  "0x4495": 4.89628267288208,
  "0x4f0c": 9.79755973815918,
  "0x4f0d": 3.8006885051727295,
  "0x579a": 7.8946356773376465,
  "0x579b": 3.4051597118377686,
  "0x5f38": 6.931914806365967,
  "0x5f39": 4.081888198852539,
  "0x2c58": 7.9003214836120605,
  "0x2c59": 4.300045490264893,
  "0x392e": 13.098977088928223,
  "0x392f": 4.399553298950195,
  "0x4496": 9.604379653930664,
  "0x4497": 4.89628267288208,
  "0x4f0e": 9.797334671020508,
  "0x4f0f": 3.8018596172332764,
  "0x579c": 7.897671222686768,
  "0x579d": 3.403580904006958,
  "0x5f3a": 6.934950351715088,
  "0x5f3b": 4.0803093910217285,
  "0x2c5a": 7.9003214836120605,
  "0x2c5b": 4.300045490264893,
  "0x3930": 13.098977088928223,
  "0x3931": 4.399553298950195,
  "0x4498": 9.604379653930664,
  "0x4499": 4.89628267288208,
  "0x4f10": 9.797334671020508,
  "0x4f11": 3.8018596172332764,
  "0x579e": 7.897671222686768,
  "0x579f": 3.403580904006958,
  "0x5f3c": 6.934950351715088,
  "0x5f3d": 4.0803093910217285,
  "0x2c5c": 7.9003214836120605,
  "0x2c5d": 4.300045490264893,
  "0x3932": 13.098977088928223,
  "0x3933": 4.399553298950195,
  "0x449a": 9.604379653930664,
  "0x449b": 4.89628267288208,
  "0x4f12": 9.797334671020508,
  "0x4f13": 3.8018596172332764,
  "0x57a0": 7.897671222686768,
  "0x57a1": 3.403580904006958,
  "0x5f3e": 6.934950351715088,
  "0x5f3f": 4.0803093910217285
}