{
  "0x2d30": 6.5969438552856445,
  "0x2d31": 3.999809741973877,
  "0x3a06": 10.699625968933105,
  "0x3a07": 4.202317714691162,
  "0x456e": 11.297203063964844,
  "0x456f": 4.497458457946777,
  "0x4fe6": 9.5999755859375,
  "0x4fe7": 4.201879978179932,
  "0x5874": 5.7127485275268555,
  "0x5875": 3.595125436782837,
  "0x6012": 7.998705863952637,
  "0x6013": 3.400299310684204,
  "0x2d32": 6.5969438552856445,
  "0x2d33": 3.999809741973877,
  "0x3a08": 10.699625968933105,
  "0x3a09": 4.202317714691162,
  "0x4570": 11.297203063964844,
  "0x4571": 4.497458457946777,
  "0x4fe8": 9.5999755859375,
  "0x4fe9": 4.201879978179932,
  "0x5876": 5.7127485275268555,
  "0x5877": 3.595125436782837,
  "0x6014": 7.998705863952637,
  "0x6015": 3.400299310684204,
  "0x2d34": 6.5969438552856445,
  "0x2d35": 3.999809741973877,
  "0x3a0a": 10.699625968933105,
  "0x3a0b": 4.202317714691162,
  "0x4572": 11.297203063964844,
  "0x4573": 4.497458457946777,
  "0x4fea": 9.5999755859375,
  "0x4feb": 4.201879978179932,
  "0x5878": 5.7127485275268555,
  "0x5879": 3.595125436782837,
  "0x6016": 7.998705863952637,
  "0x6017": 3.400299310684204,
  "0x2d36": 6.5969438552856445,
  "0x2d37": 3.999809741973877,
  "0x3a0c": 10.699625968933105,
  "0x3a0d": 4.202317714691162,
  "0x4574": 11.297203063964844,
  "0x4575": 4.497458457946777,
  "0x4fec": 9.5999755859375,
  "0x4fed": 4.201879978179932,
  "0x587a": 5.7127485275268555,
  "0x587b": 3.595125436782837,
  "0x6018": 7.998705863952637,
  "0x6019": 3.400299310684204,
  "0x2d38": 6.5969438552856445,
  "0x2d39": 3.999809741973877,
  "0x3a0e": 10.699625968933105,
  "0x3a0f": 4.202317714691162,
  "0x4576": 11.297203063964844,
  "0x4577": 4.497458457946777,
  "0x4fee": 9.5999755859375,
  "0x4fef": 4.201879978179932,
  "0x587c": 5.7127485275268555,
  "0x587d": 3.595125436782837,
  "0x601a": 7.998705863952637,
  "0x601b": 3.400299310684204,
  "0x2d3a": 6.5969438552856445,
  "0x2d3b": 3.999809741973877,
  "0x3a10": 10.699625968933105,
  "0x3a11": 4.202317714691162,
  "0x4578": 11.297203063964844,
  "0x4579": 4.497458457946777,
  "0x4ff0": 9.5999755859375,
  "0x4ff1": 4.201879978179932,
  "0x587e": 5.7127485275268555,
  "0x587f": 3.595125436782837,
  "0x601c": 7.998705863952637,
  "0x601d": 3.400299310684204,
  "0x2d3c": 6.5969438552856445,
  "0x2d3d": 3.999809741973877,
  "0x3a12": 10.699625968933105,
  "0x3a13": 4.202317714691162,
  "0x457a": 11.297203063964844,
  "0x457b": 4.497458457946777,
  "0x4ff2": 9.5999755859375,
  "0x4ff3": 4.201879978179932,
  "0x5880": 5.7127485275268555,
  "0x5881": 3.595125436782837,
  "0x601e": 7.998705863952637,
  "0x601f": 3.400299310684204
}