{
  "0x2e72": 6.315979480743408,
  "0x2e73": 3.3419623374938965,
  "0x3b48": 9.898459434509277,
  "0x3b49": 3.7495014667510986,
  "0x46b0": 8.83404541015625,
  "0x46b1": 4.160123348236084,
  "0x5128": 7.205234527587891,
  "0x5129": 3.394496440887451,
  "0x59b6": 4.3165974617004395,
  "0x59b7": 3.1774919033050537,
  "0x6154": 5.82182502746582,
  "0x6155": 2.9561679363250732,
  "0x6708": 5.277949810028076,
  "0x6709": 2.819664239883423,
  "0x7140": 7.65476655960083,
  "0x7141": 3.6991305351257324,
  "0x2e74": 6.498351097106934,
  "0x2e75": 3.4022810459136963,
  "0x3b4a": 9.900221824645996,
  "0x3b4b": 3.7996904850006104,
  "0x46b2": 8.808486938476562,
  "0x46b3": 4.191423416137695,
  "0x512a": 7.396116733551025,
  "0x512b": 3.5048866271972656,
  "0x59b8": 4.199821949005127,
  "0x59b9": 3.302091598510742,
  "0x6156": 6.000672817230225,
  "0x6157": 3.096724271774292,
  "0x670a": 5.687961578369141,
  "0x670b": 3.0875892639160156,
  "0x7142": 7.6472320556640625,
  "0x7143": 3.7064833641052246,
  "0x2e76": 6.498351097106934,
  "0x2e77": 3.395592451095581,
  "0x3b4c": 9.900221824645996,
  "0x3b4d": 3.7996904850006104,
  "0x46b4": 8.808486938476562,
  "0x46b5": 4.191423416137695,
  "0x512c": 7.490199089050293,
  "0x512d": 3.4538002014160156,
  "0x59ba": 4.2939043045043945,
  "0x59bb": 3.251005172729492,
  "0x6158": 6.0097336769104,
  "0x6159": 3.1263527870178223,
  "0x670c": 5.658806324005127,
  "0x670d": 3.149566888809204,
  "0x7144": 7.620516777038574,
  "0x7145": 3.713134765625,
  "0x2e78": 6.667811393737793,
  "0x2e79": 3.393754005432129,
  "0x3b4e": 9.900221824645996,
  "0x3b4f": 3.7996904850006104,
  "0x46b6": 8.824637413024902,
  "0x46b7": 4.150206565856934,
  "0x512e": 7.696472644805908,
  "0x512f": 3.392313241958618,
  "0x59bc": 4.3318095207214355,
  "0x59bd": 3.1646676063537598,
  "0x615a": 6.1315155029296875,
  "0x615b": 3.04001522064209,
  "0x670e": 5.878517150878906,
  "0x670f": 3.092135190963745,
  "0x7146": 7.598255157470703,
  "0x7147": 3.641538619995117,
  "0x2e7a": 6.667811393737793,
  "0x2e7b": 3.393754005432129,
  "0x3b50": 9.900221824645996,
  "0x3b51": 3.7996904850006104,
  "0x46b8": 8.824637413024902,
  "0x46b9": 4.150206565856934,
  "0x5130": 7.71337366104126,
  "0x5131": 3.4084107875823975,
  "0x59be": 4.375655174255371,
  "0x59bf": 3.1646676063537598,
  "0x615c": 6.126193046569824,
  "0x615d": 3.04001522064209,
  "0x6710": 5.912755012512207,
  "0x6711": 3.0988430976867676,
  "0x7148": 7.589995384216309,
  "0x7149": 3.6482467651367188,
  "0x2e7c": 6.667811393737793,
  "0x2e7d": 3.393754005432129,
  "0x3b52": 9.900221824645996,
  "0x3b53": 3.7996904850006104,
  "0x46ba": 8.824637413024902,
  "0x46bb": 4.150206565856934,
  "0x5132": 7.71337366104126,
  "0x5133": 3.4084107875823975,
  "0x59c0": 4.375655174255371,
  "0x59c1": 3.1646676063537598,
  "0x615e": 6.126193046569824,
  "0x615f": 3.04001522064209,
  "0x6712": 5.912755012512207,
  "0x6713": 3.0988430976867676,
  "0x714a": 7.589995384216309,
  "0x714b": 3.6482467651367188,
  "0x2e7e": 6.667811393737793,
  "0x2e7f": 3.393754005432129,
  "0x3b54": 9.900221824645996,
  "0x3b55": 3.7996904850006104,
  "0x46bc": 8.824637413024902,
  "0x46bd": 4.150206565856934,
  "0x5134": 7.71337366104126,
  "0x5135": 3.4084107875823975,
  "0x59c2": 4.375655174255371,
  "0x59c3": 3.1646676063537598,
  "0x6160": 6.126193046569824,
  "0x6161": 3.04001522064209,
  "0x6714": 5.912755012512207,
  "0x6715": 3.0988430976867676,
  "0x714c": 7.589995384216309,
  "0x714d": 3.6482467651367188
}