{
  "0x2e3a": 6.300693988800049,
  "0x2e3b": 3.0007779598236084,
  "0x3b10": 7.300637245178223,
  "0x3b11": 3.998615264892578,
  "0x4678": 9.090984344482422,
  "0x4679": 3.105250597000122,
  "0x50f0": 6.499960422515869,
  "0x50f1": 3.5989387035369873,
  "0x597e": 5.198531627655029,
  "0x597f": 3.000976800918579,
  "0x611c": 6.7997612953186035,
  "0x611d": 3.000581979751587,
  "0x66d0": 5.519463062286377,
  "0x66d1": 3.411787748336792,
  "0x2e3c": 6.300693988800049,
  "0x2e3d": 3.0007779598236084,
  "0x3b12": 7.300637245178223,
  "0x3b13": 3.998615264892578,
  "0x467a": 9.090984344482422,
  "0x467b": 3.105250597000122,
  "0x50f2": 6.499960422515869,
  "0x50f3": 3.5989387035369873,
  "0x5980": 5.198531627655029,
  "0x5981": 3.000976800918579,
  "0x611e": 6.7997612953186035,
  "0x611f": 3.000581979751587,
  "0x66d2": 5.519463062286377,
  "0x66d3": 3.411787748336792,
  "0x2e3e": 6.300693988800049,
  "0x2e3f": 3.0007779598236084,
  "0x3b14": 7.300637245178223,
  "0x3b15": 3.998615264892578,
  "0x467c": 9.090984344482422,
  "0x467d": 3.105250597000122,
  "0x50f4": 6.499960422515869,
  "0x50f5": 3.5989387035369873,
  "0x5982": 5.198531627655029,
  "0x5983": 3.000976800918579,
  "0x6120": 6.7997612953186035,
  "0x6121": 3.000581979751587,
  "0x66d4": 5.519463062286377,
  "0x66d5": 3.411787748336792,
  "0x2e40": 6.300693988800049,
  "0x2e41": 3.0007779598236084,
  "0x3b16": 7.300637245178223,
  "0x3b17": 3.998615264892578,
  "0x467e": 9.090984344482422,
  "0x467f": 3.105250597000122,
  "0x50f6": 6.499960422515869,
  "0x50f7": 3.5989387035369873,
  "0x5984": 5.198531627655029,
  "0x5985": 3.000976800918579,
  "0x6122": 6.7997612953186035,
  "0x6123": 3.000581979751587,
  "0x66d6": 5.519463062286377,
  "0x66d7": 3.411787748336792,
  "0x2e42": 6.300693988800049,
  "0x2e43": 3.0007779598236084,
  "0x3b18": 7.300637245178223,
  "0x3b19": 3.998615264892578,
  "0x4680": 9.090984344482422,
  "0x4681": 3.105250597000122,
  "0x50f8": 6.499960422515869,
  "0x50f9": 3.5989387035369873,
  "0x5986": 5.198531627655029,
  "0x5987": 3.000976800918579,
  "0x6124": 6.7997612953186035,
  "0x6125": 3.000581979751587,
  "0x66d8": 5.519463062286377,
  "0x66d9": 3.411787748336792,
  "0x2e44": 6.300693988800049,
  "0x2e45": 3.0007779598236084,
  "0x3b1a": 7.300637245178223,
  "0x3b1b": 3.998615264892578,
  "0x4682": 9.090984344482422,
  "0x4683": 3.105250597000122,
  "0x50fa": 6.499960422515869,
  "0x50fb": 3.5989387035369873,
  "0x5988": 5.198531627655029,
  "0x5989": 3.000976800918579,
  "0x6126": 6.7997612953186035,
  "0x6127": 3.000581979751587,
  "0x66da": 5.519463062286377,
  "0x66db": 3.411787748336792,
  "0x2e46": 6.300693988800049,
  "0x2e47": 3.0007779598236084,
  "0x3b1c": 7.300637245178223,
  "0x3b1d": 3.998615264892578,
  "0x4684": 9.090984344482422,
  "0x4685": 3.105250597000122,
  "0x50fc": 6.499960422515869,
  "0x50fd": 3.5989387035369873,
  "0x598a": 5.198531627655029,
  "0x598b": 3.000976800918579,
  "0x6128": 6.7997612953186035,
  "0x6129": 3.000581979751587,
  "0x66dc": 5.519463062286377,
  "0x66dd": 3.411787748336792
}