{
  "0x2e3a": 6.07724142074585,
  "0x2e3b": 3.0056416988372803,
  "0x3b10": 7.295010089874268,
  "0x3b11": 3.995861530303955,
  "0x4678": 8.199275016784668,
  "0x4679": 3.1213715076446533,
  "0x50f0": 6.544227600097656,
  "0x50f1": 3.5778396129608154,
  "0x597e": 5.287062644958496,
  "0x597f": 2.980780839920044,
  "0x611c": 6.41261625289917,
  "0x611d": 3.0157508850097656,
  "0x66d0": 4.625760078430176,
  "0x66d1": 3.4313197135925293,
  "0x2e3c": 6.0897746086120605,
  "0x2e3d": 3.0047011375427246,
  "0x3b12": 7.228376865386963,
  "0x3b13": 3.9973995685577393,
  "0x467a": 8.48138427734375,
  "0x467b": 3.1094329357147217,
  "0x50f2": 6.544227600097656,
  "0x50f3": 3.5778396129608154,
  "0x5980": 5.287062644958496,
  "0x5981": 2.980780839920044,
  "0x611e": 6.41261625289917,
  "0x611f": 3.0157508850097656,
  "0x66d2": 4.62713098526001,
  "0x66d3": 3.4283974170684814,
  "0x2e3e": 6.0897746086120605,
  "0x2e3f": 3.0047011375427246,
  "0x3b14": 7.228376865386963,
  "0x3b15": 3.9973995685577393,
  "0x467c": 8.48138427734375,
  "0x467d": 3.1094329357147217,
  "0x50f4": 6.544227600097656,
  "0x50f5": 3.5778396129608154,
  "0x5982": 5.287062644958496,
  "0x5983": 2.980780839920044,
  "0x6120": 6.41261625289917,
  "0x6121": 3.0157508850097656,
  "0x66d4": 4.62713098526001,
  "0x66d5": 3.4283974170684814,
  "0x2e40": 6.090314865112305,
  "0x2e41": 3.0028162002563477,
  "0x3b16": 7.230377674102783,
  "0x3b17": 3.998483657836914,
  "0x467e": 8.485265731811523,
  "0x467f": 3.107780694961548,
  "0x50f6": 6.537835121154785,
  "0x50f7": 3.584270477294922,
  "0x5984": 5.283282279968262,
  "0x5985": 2.9869792461395264,
  "0x6122": 6.418095111846924,
  "0x6123": 3.0088796615600586,
  "0x66d6": 4.620569705963135,
  "0x66d7": 3.429126501083374,
  "0x2e42": 6.298215866088867,
  "0x2e43": 3.0028162002563477,
  "0x3b18": 7.300708293914795,
  "0x3b19": 3.998483657836914,
  "0x4680": 9.091034889221191,
  "0x4681": 3.107780694961548,
  "0x50f8": 6.5160675048828125,
  "0x50f9": 3.584270477294922,
  "0x5986": 5.214053153991699,
  "0x5987": 2.9869792461395264,
  "0x6124": 6.79136323928833,
  "0x6125": 3.0088796615600586,
  "0x66d8": 4.552709102630615,
  "0x66d9": 3.429126501083374,
  "0x2e44": 6.298215866088867,
  "0x2e45": 3.0028162002563477,
  "0x3b1a": 7.300708293914795,
  "0x3b1b": 3.998483657836914,
  "0x4682": 9.091034889221191,
  "0x4683": 3.107780694961548,
  "0x50fa": 6.5160675048828125,
  "0x50fb": 3.584270477294922,
  "0x5988": 5.214053153991699,
  "0x5989": 2.9869792461395264,
  "0x6126": 6.79136323928833,
  "0x6127": 3.0088796615600586,
  "0x66da": 4.552709102630615,
  "0x66db": 3.429126501083374,
  "0x2e46": 6.298215866088867,
  "0x2e47": 3.0028162002563477,
  "0x3b1c": 7.300708293914795,
  "0x3b1d": 3.998483657836914,
  "0x4684": 9.091034889221191,
  "0x4685": 3.107780694961548,
  "0x50fc": 6.5160675048828125,
  "0x50fd": 3.584270477294922,
  "0x598a": 5.214053153991699,
  "0x598b": 2.9869792461395264,
  "0x6128": 6.79136323928833,
  "0x6129": 3.0088796615600586,
  "0x66dc": 4.552709102630615,
  "0x66dd": 3.429126501083374
}