{
  "0x2d92": 7.301410675048828,
  "0x2d93": 4.198512077331543,
  "0x3a68": 9.999053001403809,
  "0x3a69": 4.9006853103637695,
  "0x45d0": 8.296723365783691,
  "0x45d1": 4.103589057922363,
  "0x5048": 7.805758476257324,
  "0x5049": 4.494194984436035,
  "0x58d6": 7.113489627838135,
  "0x58d7": 3.05165696144104,
  "0x6074": 6.800055980682373,
  "0x6075": 3.498356580734253,
  "0x2d94": 7.301410675048828,
  "0x2d95": 4.198512077331543,
  "0x3a6a": 9.999053001403809,
  "0x3a6b": 4.9006853103637695,
  "0x45d2": 8.296723365783691,
  "0x45d3": 4.103589057922363,
  "0x504a": 7.805758476257324,
  "0x504b": 4.494194984436035,
  "0x58d8": 7.113489627838135,
  "0x58d9": 3.05165696144104,
  "0x6076": 6.800055980682373,
  "0x6077": 3.498356580734253,
  "0x2d96": 7.301410675048828,
  "0x2d97": 4.198512077331543,
  "0x3a6c": 9.999053001403809,
  "0x3a6d": 4.9006853103637695,
  "0x45d4": 8.296723365783691,
  "0x45d5": 4.103589057922363,
  "0x504c": 7.805758476257324,
  "0x504d": 4.494194984436035,
  "0x58da": 7.113489627838135,
  "0x58db": 3.05165696144104,
  "0x6078": 6.800055980682373,
  "0x6079": 3.498356580734253,
  "0x2d98": 7.301410675048828,
  "0x2d99": 4.198512077331543,
  "0x3a6e": 9.999053001403809,
  "0x3a6f": 4.9006853103637695,
  "0x45d6": 8.296723365783691,
  "0x45d7": 4.103589057922363,
  "0x504e": 7.805758476257324,
  "0x504f": 4.494194984436035,
  "0x58dc": 7.113489627838135,
  "0x58dd": 3.05165696144104,
  "0x607a": 6.800055980682373,
  "0x607b": 3.498356580734253,
  "0x2d9a": 7.301410675048828,
  "0x2d9b": 4.198512077331543,
  "0x3a70": 9.999053001403809,
  "0x3a71": 4.9006853103637695,
  "0x45d8": 8.296723365783691,
  "0x45d9": 4.103589057922363,
  "0x5050": 7.805758476257324,
  "0x5051": 4.494194984436035,
  "0x58de": 7.113489627838135,
  "0x58df": 3.05165696144104,
  "0x607c": 6.800055980682373,
  "0x607d": 3.498356580734253,
  "0x2d9c": 7.301410675048828,
  "0x2d9d": 4.198512077331543,
  "0x3a72": 9.999053001403809,
  "0x3a73": 4.9006853103637695,
  "0x45da": 8.296723365783691,
  "0x45db": 4.103589057922363,
  "0x5052": 7.805758476257324,
  "0x5053": 4.494194984436035,
  "0x58e0": 7.113489627838135,
  "0x58e1": 3.05165696144104,
  "0x607e": 6.800055980682373,
  "0x607f": 3.498356580734253,
  "0x2d9e": 7.301410675048828,
  "0x2d9f": 4.198512077331543,
  "0x3a74": 9.999053001403809,
  "0x3a75": 4.9006853103637695,
  "0x45dc": 8.296723365783691,
  "0x45dd": 4.103589057922363,
  "0x5054": 7.805758476257324,
  "0x5055": 4.494194984436035,
  "0x58e2": 7.113489627838135,
  "0x58e3": 3.05165696144104,
  "0x6080": 6.800055980682373,
  "0x6081": 3.498356580734253
}