{
  "0x2d14": 8.998217582702637,
  "0x2d15": 3.4014675617218018,
  "0x39ea": 11.101439476013184,
  "0x39eb": 5.299537181854248,
  "0x4552": 11.29766845703125,
  "0x4553": 5.200124263763428,
  "0x4fca": 8.500763893127441,
  "0x4fcb": 4.399944305419922,
  "0x5858": 7.8082499504089355,
  "0x5859": 3.49202299118042,
  "0x5ff6": 7.29421329498291,
  "0x5ff7": 3.8043906688690186,
  "0x2d16": 8.998217582702637,
  "0x2d17": 3.4014675617218018,
  "0x39ec": 11.101439476013184,
  "0x39ed": 5.299537181854248,
  "0x4554": 11.29766845703125,
  "0x4555": 5.200124263763428,
  "0x4fcc": 8.500763893127441,
  "0x4fcd": 4.399944305419922,
  "0x585a": 7.8082499504089355,
  "0x585b": 3.49202299118042,
  "0x5ff8": 7.29421329498291,
  "0x5ff9": 3.8043906688690186,
  "0x2d18": 8.998217582702637,
  "0x2d19": 3.4014675617218018,
  "0x39ee": 11.101439476013184,
  "0x39ef": 5.299537181854248,
  "0x4556": 11.29766845703125,
  "0x4557": 5.200124263763428,
  "0x4fce": 8.500763893127441,
  "0x4fcf": 4.399944305419922,
  "0x585c": 7.8082499504089355,
  "0x585d": 3.49202299118042,
  "0x5ffa": 7.29421329498291,
  "0x5ffb": 3.8043906688690186,
  "0x2d1a": 8.998217582702637,
  "0x2d1b": 3.4014675617218018,
  "0x39f0": 11.101439476013184,
  "0x39f1": 5.299537181854248,
  "0x4558": 11.29766845703125,
  "0x4559": 5.200124263763428,
  "0x4fd0": 8.500763893127441,
  "0x4fd1": 4.399944305419922,
  "0x585e": 7.8082499504089355,
  "0x585f": 3.49202299118042,
  "0x5ffc": 7.29421329498291,
  "0x5ffd": 3.8043906688690186,
  "0x2d1c": 8.998217582702637,
  "0x2d1d": 3.4014675617218018,
  "0x39f2": 11.101439476013184,
  "0x39f3": 5.299537181854248,
  "0x455a": 11.29766845703125,
  "0x455b": 5.200124263763428,
  "0x4fd2": 8.500763893127441,
  "0x4fd3": 4.399944305419922,
  "0x5860": 7.8082499504089355,
  "0x5861": 3.49202299118042,
  "0x5ffe": 7.29421329498291,
  "0x5fff": 3.8043906688690186,
  "0x2d1e": 8.998217582702637,
  "0x2d1f": 3.4014675617218018,
  "0x39f4": 11.101439476013184,
  "0x39f5": 5.299537181854248,
  "0x455c": 11.29766845703125,
  "0x455d": 5.200124263763428,
  "0x4fd4": 8.500763893127441,
  "0x4fd5": 4.399944305419922,
  "0x5862": 7.8082499504089355,
  "0x5863": 3.49202299118042,
  "0x6000": 7.29421329498291,
  "0x6001": 3.8043906688690186,
  "0x2d20": 8.998217582702637,
  "0x2d21": 3.4014675617218018,
  "0x39f6": 11.101439476013184,
  "0x39f7": 5.299537181854248,
  "0x455e": 11.29766845703125,
  "0x455f": 5.200124263763428,
  "0x4fd6": 8.500763893127441,
  "0x4fd7": 4.399944305419922,
  "0x5864": 7.8082499504089355,
  "0x5865": 3.49202299118042,
  "0x6002": 7.29421329498291,
  "0x6003": 3.8043906688690186
}