{
  "0x2d06": 8.896007537841797,
  "0x2d07": 4.400383472442627,
  "0x39dc": 9.801527976989746,
  "0x39dd": 5.002475261688232,
  "0x4544": 9.8019380569458,
  "0x4545": 4.498563289642334,
  "0x4fbc": 9.100605964660645,
  "0x4fbd": 4.101322174072266,
  "0x584a": 7.201816558837891,
  "0x584b": 3.2981112003326416,
  "0x5fe8": 7.797048568725586,
  "0x5fe9": 3.3009777069091797,
  "0x2d08": 8.896007537841797,
  "0x2d09": 4.400383472442627,
  "0x39de": 9.801527976989746,
  "0x39df": 5.002475261688232,
  "0x4546": 9.8019380569458,
  "0x4547": 4.498563289642334,
  "0x4fbe": 9.100605964660645,
  "0x4fbf": 4.101322174072266,
  "0x584c": 7.201816558837891,
  "0x584d": 3.2981112003326416,
  "0x5fea": 7.797048568725586,
  "0x5feb": 3.3009777069091797,
  "0x2d0a": 8.896007537841797,
  "0x2d0b": 4.400383472442627,
  "0x39e0": 9.801527976989746,
  "0x39e1": 5.002475261688232,
  "0x4548": 9.8019380569458,
  "0x4549": 4.498563289642334,
  "0x4fc0": 9.100605964660645,
  "0x4fc1": 4.101322174072266,
  "0x584e": 7.201816558837891,
  "0x584f": 3.2981112003326416,
  "0x5fec": 7.797048568725586,
  "0x5fed": 3.3009777069091797,
  "0x2d0c": 8.896007537841797,
  "0x2d0d": 4.400383472442627,
  "0x39e2": 9.801527976989746,
  "0x39e3": 5.002475261688232,
  "0x454a": 9.8019380569458,
  "0x454b": 4.498563289642334,
  "0x4fc2": 9.100605964660645,
  "0x4fc3": 4.101322174072266,
  "0x5850": 7.201816558837891,
  "0x5851": 3.2981112003326416,
  "0x5fee": 7.797048568725586,
  "0x5fef": 3.3009777069091797,
  "0x2d0e": 8.896007537841797,
  "0x2d0f": 4.400383472442627,
  "0x39e4": 9.801527976989746,
  "0x39e5": 5.002475261688232,
  "0x454c": 9.8019380569458,
  "0x454d": 4.498563289642334,
  "0x4fc4": 9.100605964660645,
  "0x4fc5": 4.101322174072266,
  "0x5852": 7.201816558837891,
  "0x5853": 3.2981112003326416,
  "0x5ff0": 7.797048568725586,
  "0x5ff1": 3.3009777069091797,
  "0x2d10": 8.896007537841797,
  "0x2d11": 4.400383472442627,
  "0x39e6": 9.801527976989746,
  "0x39e7": 5.002475261688232,
  "0x454e": 9.8019380569458,
  "0x454f": 4.498563289642334,
  "0x4fc6": 9.100605964660645,
  "0x4fc7": 4.101322174072266,
  "0x5854": 7.201816558837891,
  "0x5855": 3.2981112003326416,
  "0x5ff2": 7.797048568725586,
  "0x5ff3": 3.3009777069091797,
  "0x2d12": 8.896007537841797,
  "0x2d13": 4.400383472442627,
  "0x39e8": 9.801527976989746,
  "0x39e9": 5.002475261688232,
  "0x4550": 9.8019380569458,
  "0x4551": 4.498563289642334,
  "0x4fc8": 9.100605964660645,
  "0x4fc9": 4.101322174072266,
  "0x5856": 7.201816558837891,
  "0x5857": 3.2981112003326416,
  "0x5ff4": 7.797048568725586,
  "0x5ff5": 3.3009777069091797
}