{
  "0x2eaa": 3.3,
  "0x2eab": 2.5,
  "0x3b80": 5.5,
  "0x3b81": 3.6,
  "0x46e8": 3.5,
  "0x46e9": 3.3,
  "0x5160": 5.1,
  "0x5161": 1.7999999999999998,
  "0x59ee": 4.7,
  "0x59ef": 1.0,
  "0x618c": 4.0,
  "0x618d": 1.9,
  "0x6740": 2.9000000000000004,
  "0x6741": 1.2000000000000002,
  "0x7178": 2.4000000000000004,
  "0x7179": 2.1,
  "0x2eac": 4.199999999999998,
  "0x2ead": 1.7999999999999998,
  "0x3b82": 7.199999999999998,
  "0x3b83": 3.6,
  "0x46ea": 9.4,
  "0x46eb": 3.3,
  "0x5162": 4.6,
  "0x5163": 3.1,
  "0x59f0": 4.7,
  "0x59f1": 1.6,
  "0x618e": 2.9000000000000004,
  "0x618f": 3.0,
  "0x6742": 1.7999999999999998,
  "0x6743": 1.9,
  "0x717a": 5.699999999999998,
  "0x717b": 3.0,
  "0x2eae": 2.7,
  "0x2eaf": 2.5,
  "0x3b84": 10.4,
  "0x3b85": 3.8,
  "0x46ec": 6.800000000000002,
  "0x46ed": 2.7,
  "0x5164": 4.4,
  "0x5165": 1.6,
  "0x59f2": 6.0,
  "0x59f3": 2.5,
  "0x6190": 5.4,
  "0x6191": 1.7000000000000002,
  "0x6744": 2.1,
  "0x6745": 1.5,
  "0x717c": 7.800000000000002,
  "0x717d": 3.5,
  "0x2eb0": 6.0,
  "0x2eb1": 2.5,
  "0x3b86": 7.1,
  "0x3b87": 4.9,
  "0x46ee": 11.9,
  "0x46ef": 2.6,
  "0x5166": 10.5,
  "0x5167": 2.7,
  "0x59f4": 4.8,
  "0x59f5": 1.6,
  "0x6192": 2.6,
  "0x6193": 1.5,
  "0x6746": 5.0,
  "0x6747": 1.2999999999999998,
  "0x717e": 6.1,
  "0x717f": 2.8,
  "0x2eb2": 6.6,
  "0x2eb3": 2.0,
  "0x3b88": 8.4,
  "0x3b89": 3.0,
  "0x46f0": 10.0,
  "0x46f1": 2.1,
  "0x5168": 6.300000000000002,
  "0x5169": 2.7,
  "0x59f6": 3.1,
  "0x59f7": 2.8,
  "0x6194": 6.2,
  "0x6195": 2.3,
  "0x6748": 4.300000000000002,
  "0x6749": 2.5,
  "0x7180": 9.1,
  "0x7181": 3.2,
  "0x2eb4": 5.1,
  "0x2eb5": 2.5,
  "0x3b8a": 3.3000000000000007,
  "0x3b8b": 1.9,
  "0x46f2": 5.7,
  "0x46f3": 1.1,
  "0x516a": 4.1,
  "0x516b": 2.5,
  "0x59f8": 4.8,
  "0x59f9": 2.8,
  "0x6196": 2.5,
  "0x6197": 2.4,
  "0x674a": 5.0,
  "0x674b": 0.7999999999999998,
  "0x7182": 5.7,
  "0x7183": 2.4,
  "0x2eb6": 7.300000000000002,
  "0x2eb7": 1.7000000000000002,
  "0x3b8c": 5.699999999999998,
  "0x3b8d": 2.9000000000000004,
  "0x46f4": 6.4,
  "0x46f5": 3.1,
  "0x516c": 4.1,
  "0x516d": 2.9,
  "0x59fa": 2.9000000000000004,
  "0x59fb": 2.4,
  "0x6198": 1.7999999999999998,
  "0x6199": 2.1,
  "0x674c": 2.2,
  "0x674d": 1.7000000000000002,
  "0x7184": 7.6,
  "0x7185": 2.0
}