{
  "0x2eaa": 7.800875663757324,
  "0x2eab": 3.3991739749908447,
  "0x3b80": 10.59999942779541,
  "0x3b81": 4.499597072601318,
  "0x46e8": 8.99807071685791,
  "0x46e9": 3.702389717102051,
  "0x5160": 8.501429557800293,
  "0x5161": 4.7987775802612305,
  "0x59ee": 7.000111103057861,
  "0x59ef": 3.5005645751953125,
  "0x618c": 7.898951530456543,
  "0x618d": 3.500788450241089,
  "0x6740": 6.826393127441406,
  "0x6741": 2.634826183319092,
  "0x7178": 8.501195907592773,
  "0x7179": 3.799182415008545,
  "0x2eac": 7.801861763000488,
  "0x2ead": 3.395874500274658,
  "0x3b82": 10.60146713256836,
  "0x3b83": 4.46128511428833,
  "0x46ea": 8.919251441955566,
  "0x46eb": 3.6698925495147705,
  "0x5162": 8.475032806396484,
  "0x5163": 4.7552947998046875,
  "0x59f0": 6.814642429351807,
  "0x59f1": 2.698230743408203,
  "0x618e": 7.641985893249512,
  "0x618f": 2.7320356369018555,
  "0x6742": 6.8278608322143555,
  "0x6743": 2.6329846382141113,
  "0x717a": 8.494858741760254,
  "0x717b": 3.752969741821289,
  "0x2eae": 7.801861763000488,
  "0x2eaf": 3.395874500274658,
  "0x3b84": 10.60146713256836,
  "0x3b85": 4.46128511428833,
  "0x46ec": 8.919251441955566,
  "0x46ed": 3.6698925495147705,
  "0x5164": 8.475032806396484,
  "0x5165": 4.7552947998046875,
  "0x59f2": 6.814642429351807,
  "0x59f3": 2.698230743408203,
  "0x6190": 7.641985893249512,
  "0x6191": 2.6294827461242676,
  "0x6744": 6.8278608322143555,
  "0x6745": 2.641972064971924,
  "0x717c": 8.483922004699707,
  "0x717d": 3.790825366973877,
  "0x2eb0": 7.801861763000488,
  "0x2eb1": 3.395874500274658,
  "0x3b86": 10.544885635375977,
  "0x3b87": 4.437540531158447,
  "0x46ee": 8.90691089630127,
  "0x46ef": 3.656742811203003,
  "0x5166": 8.50236701965332,
  "0x5167": 4.741609573364258,
  "0x59f4": 6.800837993621826,
  "0x59f5": 2.705794334411621,
  "0x6192": 7.56300163269043,
  "0x6193": 2.648590326309204,
  "0x6746": 6.825905799865723,
  "0x6747": 2.644253730773926,
  "0x717e": 8.473557472229004,
  "0x717f": 3.7911834716796875,
  "0x2eb2": 7.801861763000488,
  "0x2eb3": 3.395874500274658,
  "0x3b88": 10.518499374389648,
  "0x3b89": 4.034252643585205,
  "0x46f0": 8.86352825164795,
  "0x46f1": 3.2509195804595947,
  "0x5168": 8.636503219604492,
  "0x5169": 4.741609573364258,
  "0x59f6": 6.800837993621826,
  "0x59f7": 2.705794334411621,
  "0x6194": 7.56300163269043,
  "0x6195": 2.648590326309204,
  "0x6748": 6.825905799865723,
  "0x6749": 2.644253730773926,
  "0x7180": 8.6297025680542,
  "0x7181": 3.7948083877563477,
  "0x2eb4": 7.37092399597168,
  "0x2eb5": 3.395874500274658,
  "0x3b8a": 9.608997344970703,
  "0x3b8b": 3.5800037384033203,
  "0x46f2": 7.732803821563721,
  "0x46f3": 2.923626184463501,
  "0x516a": 7.489237308502197,
  "0x516b": 4.287359237670898,
  "0x59f8": 6.618342876434326,
  "0x59f9": 2.70550537109375,
  "0x6196": 7.380507469177246,
  "0x6197": 2.648301601409912,
  "0x674a": 6.631551265716553,
  "0x674b": 2.644986391067505,
  "0x7182": 7.1703081130981445,
  "0x7183": 3.342970848083496,
  "0x2eb6": 7.37092399597168,
  "0x2eb7": 3.3824210166931152,
  "0x3b8c": 9.608997344970703,
  "0x3b8d": 3.5800037384033203,
  "0x46f4": 7.732803821563721,
  "0x46f5": 2.923626184463501,
  "0x516c": 7.489237308502197,
  "0x516d": 4.287359237670898,
  "0x59fa": 6.618342876434326,
  "0x59fb": 2.70550537109375,
  "0x6198": 7.380507469177246,
  "0x6199": 2.648301601409912,
  "0x674c": 6.631551265716553,
  "0x674d": 2.644986391067505,
  "0x7184": 7.1703081130981445,
  "0x7185": 3.342970848083496
}