{
  "0x2e2c": 4.59899377822876,
  "0x2e2d": 3.0008697509765625,
  "0x3b02": 7.9006147384643555,
  "0x3b03": 3.4993317127227783,
  "0x466a": 7.101529598236084,
  "0x466b": 3.8962481021881104,
  "0x50e2": 7.292263984680176,
  "0x50e3": 3.2084336280822754,
  "0x5970": 5.960928916931152,
  "0x5971": 3.3333992958068848,
  "0x610e": 4.799544334411621,
  "0x610f": 2.9996771812438965,
  "0x2e2e": 4.59899377822876,
  "0x2e2f": 3.0008697509765625,
  "0x3b04": 7.9006147384643555,
  "0x3b05": 3.4993317127227783,
  "0x466c": 7.101529598236084,
  "0x466d": 3.8962481021881104,
  "0x50e4": 7.292263984680176,
  "0x50e5": 3.2084336280822754,
  "0x5972": 5.960928916931152,
  "0x5973": 3.3333992958068848,
  "0x6110": 4.799544334411621,
  "0x6111": 2.9996771812438965,
  "0x2e30": 4.605782985687256,
  "0x2e31": 2.603412389755249,
  "0x3b06": 7.034951686859131,
  "0x3b07": 3.642695665359497,
  "0x466e": 5.7646636962890625,
  "0x466f": 3.5686402320861816,
  "0x50e6": 5.519359111785889,
  "0x50e7": 3.1593124866485596,
  "0x5974": 4.761744499206543,
  "0x5975": 2.956831216812134,
  "0x6112": 4.896799087524414,
  "0x6113": 2.967589855194092,
  "0x2e32": 4.6013383865356445,
  "0x2e33": 2.431694507598877,
  "0x3b08": 7.709604263305664,
  "0x3b09": 3.4948890209198,
  "0x4670": 6.20950984954834,
  "0x4671": 3.6056368350982666,
  "0x50e8": 5.990804672241211,
  "0x50e9": 3.019752025604248,
  "0x5976": 4.824435710906982,
  "0x5977": 2.964834690093994,
  "0x6114": 4.799544334411621,
  "0x6115": 2.9996771812438965,
  "0x66c8": 6.222055912017822,
  "0x66c9": 2.6445300579071045,
  "0x2e34": 4.6013383865356445,
  "0x2e35": 2.431694507598877,
  "0x3b0a": 7.709604263305664,
  "0x3b0b": 3.4948890209198,
  "0x4672": 6.20950984954834,
  "0x4673": 3.6056368350982666,
  "0x50ea": 5.990804672241211,
  "0x50eb": 3.019752025604248,
  "0x5978": 4.824435710906982,
  "0x5979": 2.964834690093994,
  "0x6116": 4.799544334411621,
  "0x6117": 2.9996771812438965,
  "0x66ca": 6.199460506439209,
  "0x66cb": 2.649198055267334,
  "0x2e36": 4.6013383865356445,
  "0x2e37": 2.431694507598877,
  "0x3b0c": 7.709604263305664,
  "0x3b0d": 3.4948890209198,
  "0x4674": 6.20950984954834,
  "0x4675": 3.6056368350982666,
  "0x50ec": 5.990804672241211,
  "0x50ed": 3.019752025604248,
  "0x597a": 4.824435710906982,
  "0x597b": 2.964834690093994,
  "0x6118": 4.799544334411621,
  "0x6119": 2.9996771812438965,
  "0x66cc": 6.212355136871338,
  "0x66cd": 2.649198055267334,
  "0x2e38": 4.6013383865356445,
  "0x2e39": 2.431694507598877,
  "0x3b0e": 7.709604263305664,
  "0x3b0f": 3.4948890209198,
  "0x4676": 6.20950984954834,
  "0x4677": 3.6056368350982666,
  "0x50ee": 5.990804672241211,
  "0x50ef": 3.019752025604248,
  "0x597c": 4.824435710906982,
  "0x597d": 2.964834690093994,
  "0x611a": 4.799544334411621,
  "0x611b": 2.9996771812438965,
  "0x66ce": 6.204457759857178,
  "0x66cf": 2.6445300579071045
}