{
  "0x2fde": 4.792164325714111,
  "0x2fdf": 1.651444435119629,
  "0x3cb4": 7.123513698577881,
  "0x3cb5": 1.99350106716156,
  "0x481c": 10.685724258422852,
  "0x481d": 2.214796543121338,
  "0x5294": 5.611532688140869,
  "0x5295": -0.42376112937927246,
  "0x5b22": 5.598268032073975,
  "0x5b23": -0.4569557011127472,
  "0x62c0": 7.3871026039123535,
  "0x62c1": 0.004032820463180542,
  "0x6874": 2.4092702865600586,
  "0x6875": 1.4977227449417114,
  "0x6d36": 5.09596061706543,
  "0x6d37": 4.202847480773926,
  "0x72ac": 10.602890968322754,
  "0x72ad": 4.389914512634277,
  "0x7730": 10.296539306640625,
  "0x7731": -0.31508007645606995,
  "0x2fe0": 4.792164325714111,
  "0x2fe1": 1.651444435119629,
  "0x3cb6": 7.123513698577881,
  "0x3cb7": 1.99350106716156,
  "0x481e": 10.685724258422852,
  "0x481f": 2.214796543121338,
  "0x5296": 5.611532688140869,
  "0x5297": 1.3957579135894775,
  "0x5b24": 5.598268032073975,
  "0x5b25": 1.5028016567230225,
  "0x62c2": 7.3871026039123535,
  "0x62c3": 2.5882062911987305,
  "0x6876": 2.4092702865600586,
  "0x6877": 1.4977227449417114,
  "0x6d38": 5.09596061706543,
  "0x6d39": 4.202847480773926,
  "0x72ae": 10.602890968322754,
  "0x72af": 4.389914512634277,
  "0x7732": 10.296539306640625,
  "0x7733": 2.705317258834839,
  "0x2fe2": 4.792164325714111,
  "0x2fe3": 1.651444435119629,
  "0x3cb8": 7.123513698577881,
  "0x3cb9": 1.99350106716156,
  "0x4820": 10.685724258422852,
  "0x4821": 2.214796543121338,
  "0x5298": 5.611532688140869,
  "0x5299": 1.3957579135894775,
  "0x5b26": 5.598268032073975,
  "0x5b27": -0.4569557011127472,
  "0x62c4": 7.3871026039123535,
  "0x62c5": 2.5882062911987305,
  "0x6878": 2.4092702865600586,
  "0x6879": 1.4977227449417114,
  "0x6d3a": 5.09596061706543,
  "0x6d3b": 4.202847480773926,
  "0x72b0": 10.602890968322754,
  "0x72b1": 4.389914512634277,
  "0x7734": 10.296539306640625,
  "0x7735": 2.705317258834839,
  "0x2fe4": 4.792164325714111,
  "0x2fe5": 1.651444435119629,
  "0x3cba": 7.123513698577881,
  "0x3cbb": 1.99350106716156,
  "0x4822": 10.685724258422852,
  "0x4823": 2.214796543121338,
  "0x529a": 5.611532688140869,
  "0x529b": 1.3957579135894775,
  "0x5b28": 5.598268032073975,
  "0x5b29": 1.5028016567230225,
  "0x62c6": 7.3871026039123535,
  "0x62c7": 0.004032820463180542,
  "0x687a": 2.4092702865600586,
  "0x687b": 1.4977227449417114,
  "0x6d3c": 5.09596061706543,
  "0x6d3d": 4.202847480773926,
  "0x72b2": 10.602890968322754,
  "0x72b3": 4.389914512634277,
  "0x7736": 10.296539306640625,
  "0x7737": 2.705317258834839,
  "0x2fe6": 4.792164325714111,
  "0x2fe7": 1.651444435119629,
  "0x3cbc": 7.123513698577881,
  "0x3cbd": 1.99350106716156,
  "0x4824": 10.685724258422852,
  "0x4825": 2.214796543121338,
  "0x529c": 5.611532688140869,
  "0x529d": 1.3957579135894775,
  "0x5b2a": 5.598268032073975,
  "0x5b2b": 1.5028016567230225,
  "0x62c8": 7.3871026039123535,
  "0x62c9": 2.5882062911987305,
  "0x687c": 2.4092702865600586,
  "0x687d": -0.1874324232339859,
  "0x6d3e": 5.09596061706543,
  "0x6d3f": 4.202847480773926,
  "0x72b4": 10.602890968322754,
  "0x72b5": 4.389914512634277,
  "0x7738": 10.296539306640625,
  "0x7739": 2.705317258834839,
  "0x2fe8": 4.792164325714111,
  "0x2fe9": 0.00034647632855921984,
  "0x3cbe": 7.123513698577881,
  "0x3cbf": 1.99350106716156,
  "0x4826": 10.685724258422852,
  "0x4827": 2.214796543121338,
  "0x529e": 5.611532688140869,
  "0x529f": 1.3957579135894775,
  "0x5b2c": 5.598268032073975,
  "0x5b2d": 1.5028016567230225,
  "0x62ca": 7.3871026039123535,
  "0x62cb": 2.5882062911987305,
  "0x687e": 2.4092702865600586,
  "0x687f": 1.4977227449417114,
  "0x6d40": 5.09596061706543,
  "0x6d41": 4.202847480773926,
  "0x72b6": 10.602890968322754,
  "0x72b7": 4.389914512634277,
  "0x773a": 10.296539306640625,
  "0x773b": 2.705317258834839,
  "0x2fea": 4.792164325714111,
  "0x2feb": 1.651444435119629,
  "0x3cc0": 7.123513698577881,
  "0x3cc1": 1.99350106716156,
  "0x4828": 10.685724258422852,
  "0x4829": 2.214796543121338,
  "0x52a0": 5.611532688140869,
  "0x52a1": 1.3957579135894775,
  "0x5b2e": 5.598268032073975,
  "0x5b2f": -0.4569557011127472,
  "0x62cc": 7.3871026039123535,
  "0x62cd": 2.5882062911987305,
  "0x6880": 2.4092702865600586,
  "0x6881": 1.4977227449417114,
  "0x6d42": 5.09596061706543,
  "0x6d43": 4.202847480773926,
  "0x72b8": 10.602890968322754,
  "0x72b9": 4.389914512634277,
  "0x773c": 10.296539306640625,
  "0x773d": 2.705317258834839
}