{
  "0x3078": 4.601224422454834,
  "0x3079": 2.8940858840942383,
  "0x3d4e": 8.498332977294922,
  "0x3d4f": 1.6112185716629028,
  "0x48b6": 5.981412410736084,
  "0x48b7": 2.621511220932007,
  "0x532e": 5.497618198394775,
  "0x532f": 3.4948620796203613,
  "0x5bbc": 4.051485061645508,
  "0x5bbd": 1.3985931873321533,
  "0x635a": 3.90571928024292,
  "0x635b": 0.0007528999703936279,
  "0x690e": -0.23341906070709229,
  "0x690f": 2.2452869415283203,
  "0x6dd0": 5.079733371734619,
  "0x6dd1": 2.9118757247924805,
  "0x7346": 4.887362480163574,
  "0x7347": 3.0009589195251465,
  "0x77ca": 4.307620525360107,
  "0x77cb": 2.094888925552368,
  "0x307a": 4.601224422454834,
  "0x307b": 2.8940858840942383,
  "0x3d50": 8.498332977294922,
  "0x3d51": 1.6112185716629028,
  "0x48b8": 5.981412410736084,
  "0x48b9": 2.621511220932007,
  "0x5330": 5.497618198394775,
  "0x5331": 0.6991114616394043,
  "0x5bbe": 4.051485061645508,
  "0x5bbf": -0.14623524248600006,
  "0x635c": 3.90571928024292,
  "0x635d": 0.0007528999703936279,
  "0x6910": 1.3852795362472534,
  "0x6911": 2.2452869415283203,
  "0x6dd2": 5.079733371734619,
  "0x6dd3": 2.9118757247924805,
  "0x7348": 4.887362480163574,
  "0x7349": 3.0009589195251465,
  "0x77cc": 4.307620525360107,
  "0x77cd": 2.094888925552368,
  "0x307c": 4.601224422454834,
  "0x307d": 2.8940858840942383,
  "0x3d52": 8.498332977294922,
  "0x3d53": 1.6112185716629028,
  "0x48ba": 5.981412410736084,
  "0x48bb": 2.621511220932007,
  "0x5332": 5.497618198394775,
  "0x5333": 3.4948620796203613,
  "0x5bc0": 4.051485061645508,
  "0x5bc1": 1.3985931873321533,
  "0x635e": 3.90571928024292,
  "0x635f": 1.9988890886306763,
  "0x6912": 1.3852795362472534,
  "0x6913": 2.2452869415283203,
  "0x6dd4": 5.079733371734619,
  "0x6dd5": 2.9118757247924805,
  "0x734a": 4.887362480163574,
  "0x734b": 3.0009589195251465,
  "0x77ce": 4.307620525360107,
  "0x77cf": 2.094888925552368,
  "0x307e": 4.601224422454834,
  "0x307f": 2.8940858840942383,
  "0x3d54": 8.498332977294922,
  "0x3d55": 1.6112185716629028,
  "0x48bc": 5.981412410736084,
  "0x48bd": 2.621511220932007,
  "0x5334": 5.497618198394775,
  "0x5335": 3.4948620796203613,
  "0x5bc2": 4.051485061645508,
  "0x5bc3": 1.3985931873321533,
  "0x6360": 3.90571928024292,
  "0x6361": 1.9988890886306763,
  "0x6914": 1.3852795362472534,
  "0x6915": 2.2452869415283203,
  "0x6dd6": 5.079733371734619,
  "0x6dd7": 2.996026039123535,
  "0x734c": 4.887362480163574,
  "0x734d": 3.0009589195251465,
  "0x77d0": 4.307620525360107,
  "0x77d1": 2.094888925552368,
  "0x3080": 4.601224422454834,
  "0x3081": 2.8940858840942383,
  "0x3d56": 8.498332977294922,
  "0x3d57": 1.6112185716629028,
  "0x48be": 5.981412410736084,
  "0x48bf": 0.08946720510721207,
  "0x5336": 5.497618198394775,
  "0x5337": 3.4948620796203613,
  "0x5bc4": 4.051485061645508,
  "0x5bc5": 1.3985931873321533,
  "0x6362": 3.90571928024292,
  "0x6363": 1.9988890886306763,
  "0x6916": 1.415265679359436,
  "0x6917": 2.2022857666015625,
  "0x6dd8": 5.079733371734619,
  "0x6dd9": 2.996026039123535,
  "0x734e": 4.887362480163574,
  "0x734f": 3.0009589195251465,
  "0x77d2": 4.307620525360107,
  "0x77d3": 2.094888925552368,
  "0x3082": 4.601224422454834,
  "0x3083": 2.8940858840942383,
  "0x3d58": 8.498332977294922,
  "0x3d59": 0.07452655583620071,
  "0x48c0": 5.981412410736084,
  "0x48c1": 2.621511220932007,
  "0x5338": 5.497618198394775,
  "0x5339": 3.4948620796203613,
  "0x5bc6": 4.051485061645508,
  "0x5bc7": 1.3985931873321533,
  "0x6364": 3.90571928024292,
  "0x6365": 1.9988890886306763,
  "0x6918": 1.415265679359436,
  "0x6919": 0.1513606160879135,
  "0x6dda": 5.079733371734619,
  "0x6ddb": 2.996026039123535,
  "0x7350": 4.887362480163574,
  "0x7351": 3.0009589195251465,
  "0x77d4": 4.307620525360107,
  "0x77d5": 0.05896325409412384,
  "0x3084": 4.601224422454834,
  "0x3085": 2.8940858840942383,
  "0x3d5a": 8.498332977294922,
  "0x3d5b": 1.6112185716629028,
  "0x48c2": 5.981412410736084,
  "0x48c3": 2.621511220932007,
  "0x533a": 5.497618198394775,
  "0x533b": 3.4948620796203613,
  "0x5bc8": 4.051485061645508,
  "0x5bc9": 1.3985931873321533,
  "0x6366": 3.90571928024292,
  "0x6367": 1.9988890886306763,
  "0x691a": -0.20343296229839325,
  "0x691b": 0.1513606160879135,
  "0x6ddc": 5.079733371734619,
  "0x6ddd": 2.996026039123535,
  "0x7352": 4.887362480163574,
  "0x7353": 3.0009589195251465,
  "0x77d6": 4.307620525360107,
  "0x77d7": 0.05896325409412384
}