{
  "0x2b62": 2.645186185836792,
  "0x2b63": 5.333375453948975,
  "0x3838": 3.1779825687408447,
  "0x3839": 6.824575424194336,
  "0x43a0": 3.0824592113494873,
  "0x43a1": 6.161207675933838,
  "0x4e18": 3.0713717937469482,
  "0x4e19": 6.134258270263672,
  "0x56a6": 2.986128091812134,
  "0x56a7": 5.0031328201293945,
  "0x2b64": 2.645186185836792,
  "0x2b65": 5.319125652313232,
  "0x383a": 3.1779825687408447,
  "0x383b": 6.810325622558594,
  "0x43a2": 3.0861454010009766,
  "0x43a3": 6.146957874298096,
  "0x4e1a": 3.0713717937469482,
  "0x4e1b": 6.134258270263672,
  "0x56a8": 2.958357334136963,
  "0x56a9": 4.99810266494751,
  "0x2b66": 2.645186185836792,
  "0x2b67": 5.332985877990723,
  "0x383c": 3.1779825687408447,
  "0x383d": 6.824185371398926,
  "0x43a4": 3.076430559158325,
  "0x43a5": 6.160818576812744,
  "0x4e1c": 3.0713717937469482,
  "0x4e1d": 6.134258270263672,
  "0x56aa": 2.970447063446045,
  "0x56ab": 5.003111839294434,
  "0x2b68": 2.645186185836792,
  "0x2b69": 5.332985877990723,
  "0x383e": 3.1779825687408447,
  "0x383f": 6.824185371398926,
  "0x43a6": 3.076430559158325,
  "0x43a7": 6.160818576812744,
  "0x4e1e": 3.0713717937469482,
  "0x4e1f": 6.134258270263672,
  "0x56ac": 2.970447063446045,
  "0x56ad": 5.003111839294434,
  "0x2b6a": 2.645186185836792,
  "0x2b6b": 5.284243106842041,
  "0x3840": 3.1779825687408447,
  "0x3841": 6.829541206359863,
  "0x43a8": 3.076430559158325,
  "0x43a9": 6.04390287399292,
  "0x4e20": 3.0713717937469482,
  "0x4e21": 6.083457946777344,
  "0x56ae": 2.970447063446045,
  "0x56af": 5.042786598205566,
  "0x2b6c": 2.662724733352661,
  "0x2b6d": 5.317680835723877,
  "0x3842": 3.1779825687408447,
  "0x3843": 6.829541206359863,
  "0x43aa": 3.0939693450927734,
  "0x43ab": 6.077340602874756,
  "0x4e22": 3.0713717937469482,
  "0x4e23": 6.083457946777344,
  "0x56b0": 3.011026620864868,
  "0x56b1": 5.048656940460205,
  "0x2b6e": 2.662724733352661,
  "0x2b6f": 5.317680835723877,
  "0x3844": 3.1779825687408447,
  "0x3845": 6.829541206359863,
  "0x43ac": 3.0939693450927734,
  "0x43ad": 6.077340602874756,
  "0x4e24": 3.0713717937469482,
  "0x4e25": 6.083457946777344,
  "0x56b2": 3.011026620864868,
  "0x56b3": 5.048656940460205
}