{
  "0x2d30": 6.60113525390625,
  "0x2d31": 3.9990296363830566,
  "0x3a06": 10.699431419372559,
  "0x3a07": 4.200481414794922,
  "0x456e": 11.299479484558105,
  "0x456f": 4.499748229980469,
  "0x4fe6": 9.598400115966797,
  "0x4fe7": 4.201106071472168,
  "0x5874": 6.779313564300537,
  "0x5875": 3.8326222896575928,
  "0x6012": 7.996455669403076,
  "0x6013": 3.4035348892211914,
  "0x2d32": 6.60113525390625,
  "0x2d33": 3.9990296363830566,
  "0x3a08": 10.699431419372559,
  "0x3a09": 4.200481414794922,
  "0x4570": 11.299479484558105,
  "0x4571": 4.499748229980469,
  "0x4fe8": 9.598400115966797,
  "0x4fe9": 4.201106071472168,
  "0x5876": 6.779313564300537,
  "0x5877": 3.8326222896575928,
  "0x6014": 7.996455669403076,
  "0x6015": 3.4035348892211914,
  "0x2d34": 6.60113525390625,
  "0x2d35": 3.9990296363830566,
  "0x3a0a": 10.699431419372559,
  "0x3a0b": 4.200481414794922,
  "0x4572": 11.299479484558105,
  "0x4573": 4.499748229980469,
  "0x4fea": 9.598400115966797,
  "0x4feb": 4.201106071472168,
  "0x5878": 6.779313564300537,
  "0x5879": 3.8326222896575928,
  "0x6016": 7.996455669403076,
  "0x6017": 3.4035348892211914,
  "0x2d36": 6.60113525390625,
  "0x2d37": 3.9990296363830566,
  "0x3a0c": 10.699431419372559,
  "0x3a0d": 4.200481414794922,
  "0x4574": 11.299479484558105,
  "0x4575": 4.499748229980469,
  "0x4fec": 9.598400115966797,
  "0x4fed": 4.201106071472168,
  "0x587a": 6.779313564300537,
  "0x587b": 3.8326222896575928,
  "0x6018": 7.996455669403076,
  "0x6019": 3.4035348892211914,
  "0x2d38": 6.60113525390625,
  "0x2d39": 3.9990296363830566,
  "0x3a0e": 10.699431419372559,
  "0x3a0f": 4.200481414794922,
  "0x4576": 11.299479484558105,
  "0x4577": 4.499748229980469,
  "0x4fee": 9.598400115966797,
  "0x4fef": 4.201106071472168,
  "0x587c": 6.779313564300537,
  "0x587d": 3.8326222896575928,
  "0x601a": 7.996455669403076,
  "0x601b": 3.4035348892211914,
  "0x2d3a": 6.60113525390625,
  "0x2d3b": 3.9990296363830566,
  "0x3a10": 10.699431419372559,
  "0x3a11": 4.200481414794922,
  "0x4578": 11.299479484558105,
  "0x4579": 4.499748229980469,
  "0x4ff0": 9.598400115966797,
  "0x4ff1": 4.201106071472168,
  "0x587e": 6.779313564300537,
  "0x587f": 3.8326222896575928,
  "0x601c": 7.996455669403076,
  "0x601d": 3.4035348892211914,
  "0x2d3c": 6.60113525390625,
  "0x2d3d": 3.9990296363830566,
  "0x3a12": 10.699431419372559,
  "0x3a13": 4.200481414794922,
  "0x457a": 11.299479484558105,
  "0x457b": 4.499748229980469,
  "0x4ff2": 9.598400115966797,
  "0x4ff3": 4.201106071472168,
  "0x5880": 6.779313564300537,
  "0x5881": 3.8326222896575928,
  "0x601e": 7.996455669403076,
  "0x601f": 3.4035348892211914
}