{
  "0x2c34": 6.401669025421143,
  "0x2c35": 4.297924995422363,
  "0x390a": 10.99815845489502,
  "0x390b": 4.200781345367432,
  "0x4472": 7.499440670013428,
  "0x4473": 3.702186107635498,
  "0x4eea": 7.602410316467285,
  "0x4eeb": 3.6963629722595215,
  "0x5778": 6.916418552398682,
  "0x5779": 3.7952635288238525,
  "0x2c36": 6.401669025421143,
  "0x2c37": 4.297924995422363,
  "0x390c": 10.99815845489502,
  "0x390d": 4.200781345367432,
  "0x4474": 7.499440670013428,
  "0x4475": 3.702186107635498,
  "0x4eec": 7.602410316467285,
  "0x4eed": 3.6963629722595215,
  "0x577a": 6.916418552398682,
  "0x577b": 3.7952635288238525,
  "0x2c38": 6.401669025421143,
  "0x2c39": 4.297924995422363,
  "0x390e": 10.99815845489502,
  "0x390f": 4.200781345367432,
  "0x4476": 7.499440670013428,
  "0x4477": 3.702186107635498,
  "0x4eee": 7.602410316467285,
  "0x4eef": 3.6963629722595215,
  "0x577c": 6.916418552398682,
  "0x577d": 3.7952635288238525,
  "0x2c3a": 6.401669025421143,
  "0x2c3b": 4.297924995422363,
  "0x3910": 10.99815845489502,
  "0x3911": 4.200781345367432,
  "0x4478": 7.499440670013428,
  "0x4479": 3.702186107635498,
  "0x4ef0": 7.602410316467285,
  "0x4ef1": 3.6963629722595215,
  "0x577e": 6.916418552398682,
  "0x577f": 3.7952635288238525,
  "0x2c3c": 6.401669025421143,
  "0x2c3d": 4.297924995422363,
  "0x3912": 10.99815845489502,
  "0x3913": 4.200781345367432,
  "0x447a": 7.499440670013428,
  "0x447b": 3.702186107635498,
  "0x4ef2": 7.602410316467285,
  "0x4ef3": 3.6963629722595215,
  "0x5780": 6.916418552398682,
  "0x5781": 3.7952635288238525,
  "0x2c3e": 6.401669025421143,
  "0x2c3f": 4.297924995422363,
  "0x3914": 10.99815845489502,
  "0x3915": 4.200781345367432,
  "0x447c": 7.499440670013428,
  "0x447d": 3.702186107635498,
  "0x4ef4": 7.602410316467285,
  "0x4ef5": 3.6963629722595215,
  "0x5782": 6.916418552398682,
  "0x5783": 3.7952635288238525,
  "0x2c40": 6.401669025421143,
  "0x2c41": 4.297924995422363,
  "0x3916": 10.99815845489502,
  "0x3917": 4.200781345367432,
  "0x447e": 7.499440670013428,
  "0x447f": 3.702186107635498,
  "0x4ef6": 7.602410316467285,
  "0x4ef7": 3.6963629722595215,
  "0x5784": 6.916418552398682,
  "0x5785": 3.7952635288238525
}