{
  "0x2e64": 6.397094249725342,
  "0x2e65": 3.6010820865631104,
  "0x3b3a": 6.6014628410339355,
  "0x3b3b": 4.1989359855651855,
  "0x46a2": 7.001589298248291,
  "0x46a3": 3.9975578784942627,
  "0x511a": 6.997471332550049,
  "0x511b": 2.7034690380096436,
  "0x59a8": 5.198047161102295,
  "0x59a9": 2.802617311477661,
  "0x6146": 5.698480129241943,
  "0x6147": 2.4997899532318115,
  "0x66fa": 5.400413990020752,
  "0x66fb": 2.887699842453003,
  "0x2e66": 6.397094249725342,
  "0x2e67": 3.6010820865631104,
  "0x3b3c": 6.6014628410339355,
  "0x3b3d": 4.1989359855651855,
  "0x46a4": 7.001589298248291,
  "0x46a5": 3.9975578784942627,
  "0x511c": 6.997471332550049,
  "0x511d": 2.7034690380096436,
  "0x59aa": 5.198047161102295,
  "0x59ab": 2.802617311477661,
  "0x6148": 5.698480129241943,
  "0x6149": 2.4997899532318115,
  "0x66fc": 5.400413990020752,
  "0x66fd": 2.887699842453003,
  "0x2e68": 6.397094249725342,
  "0x2e69": 3.6010820865631104,
  "0x3b3e": 6.6014628410339355,
  "0x3b3f": 4.1989359855651855,
  "0x46a6": 7.001589298248291,
  "0x46a7": 3.9975578784942627,
  "0x511e": 6.997471332550049,
  "0x511f": 2.7034690380096436,
  "0x59ac": 5.198047161102295,
  "0x59ad": 2.802617311477661,
  "0x614a": 5.698480129241943,
  "0x614b": 2.4997899532318115,
  "0x66fe": 5.400413990020752,
  "0x66ff": 2.887699842453003,
  "0x2e6a": 6.397094249725342,
  "0x2e6b": 3.6010820865631104,
  "0x3b40": 6.6014628410339355,
  "0x3b41": 4.1989359855651855,
  "0x46a8": 7.001589298248291,
  "0x46a9": 3.9975578784942627,
  "0x5120": 6.997471332550049,
  "0x5121": 2.7034690380096436,
  "0x59ae": 5.198047161102295,
  "0x59af": 2.802617311477661,
  "0x614c": 5.698480129241943,
  "0x614d": 2.4997899532318115,
  "0x6700": 5.400413990020752,
  "0x6701": 2.887699842453003,
  "0x2e6c": 6.397094249725342,
  "0x2e6d": 3.6010820865631104,
  "0x3b42": 6.6014628410339355,
  "0x3b43": 4.1989359855651855,
  "0x46aa": 7.001589298248291,
  "0x46ab": 3.9975578784942627,
  "0x5122": 6.997471332550049,
  "0x5123": 2.7034690380096436,
  "0x59b0": 5.198047161102295,
  "0x59b1": 2.802617311477661,
  "0x614e": 5.698480129241943,
  "0x614f": 2.4997899532318115,
  "0x6702": 5.400413990020752,
  "0x6703": 2.887699842453003,
  "0x2e6e": 6.397094249725342,
  "0x2e6f": 3.6010820865631104,
  "0x3b44": 6.6014628410339355,
  "0x3b45": 4.1989359855651855,
  "0x46ac": 7.001589298248291,
  "0x46ad": 3.9975578784942627,
  "0x5124": 6.997471332550049,
  "0x5125": 2.7034690380096436,
  "0x59b2": 5.198047161102295,
  "0x59b3": 2.802617311477661,
  "0x6150": 5.698480129241943,
  "0x6151": 2.4997899532318115,
  "0x6704": 5.400413990020752,
  "0x6705": 2.887699842453003,
  "0x2e70": 6.397094249725342,
  "0x2e71": 3.6010820865631104,
  "0x3b46": 6.6014628410339355,
  "0x3b47": 4.1989359855651855,
  "0x46ae": 7.001589298248291,
  "0x46af": 3.9975578784942627,
  "0x5126": 6.997471332550049,
  "0x5127": 2.7034690380096436,
  "0x59b4": 5.198047161102295,
  "0x59b5": 2.802617311477661,
  "0x6152": 5.698480129241943,
  "0x6153": 2.4997899532318115,
  "0x6706": 5.400413990020752,
  "0x6707": 2.887699842453003,
  "0x713e": 5.901561260223389,
  "0x713f": 2.9052224159240723
}