{
  "0x3094": 1.376989483833313,
  "0x3095": 1.0007994174957275,
  "0x3d6a": 11.074710845947266,
  "0x3d6b": 2.5006213188171387,
  "0x48d2": 4.234274864196777,
  "0x48d3": 3.9838027954101562,
  "0x534a": 3.8093605041503906,
  "0x534b": 2.485990285873413,
  "0x5bd8": 5.686244010925293,
  "0x5bd9": 0.11554022133350372,
  "0x6376": 6.011293411254883,
  "0x6377": 0.29836025834083557,
  "0x692a": 5.577860355377197,
  "0x692b": -0.005900239571928978,
  "0x6dec": 4.739774703979492,
  "0x6ded": 1.271105170249939,
  "0x7362": 7.4792327880859375,
  "0x7363": 0.732577383518219,
  "0x77e6": 8.607145309448242,
  "0x77e7": 1.4867902994155884,
  "0x3096": 3.9118106365203857,
  "0x3097": 1.0007994174957275,
  "0x3d6c": 11.074710845947266,
  "0x3d6d": 2.5006213188171387,
  "0x48d4": 4.234274864196777,
  "0x48d5": 3.9838027954101562,
  "0x534c": 3.8093605041503906,
  "0x534d": 0.24140985310077667,
  "0x5bda": 5.686244010925293,
  "0x5bdb": 0.11554022133350372,
  "0x6378": 6.011293411254883,
  "0x6379": 0.29836025834083557,
  "0x692c": 5.577860355377197,
  "0x692d": 1.0952119827270508,
  "0x6dee": 4.739774703979492,
  "0x6def": 1.271105170249939,
  "0x7364": 7.4792327880859375,
  "0x7365": 0.732577383518219,
  "0x77e8": 8.607145309448242,
  "0x77e9": 0.23867182433605194,
  "0x3098": 3.9118106365203857,
  "0x3099": -0.18704025447368622,
  "0x3d6e": 11.074710845947266,
  "0x3d6f": 2.5006213188171387,
  "0x48d6": 4.234274864196777,
  "0x48d7": 3.9838027954101562,
  "0x534e": 3.8093605041503906,
  "0x534f": 2.485990285873413,
  "0x5bdc": 5.686244010925293,
  "0x5bdd": 0.11554022133350372,
  "0x637a": 6.011293411254883,
  "0x637b": 0.29836025834083557,
  "0x692e": 5.577860355377197,
  "0x692f": 1.0952119827270508,
  "0x6df0": 4.739774703979492,
  "0x6df1": 1.271105170249939,
  "0x7366": 7.4792327880859375,
  "0x7367": 0.732577383518219,
  "0x77ea": 8.607145309448242,
  "0x77eb": 1.4867902994155884,
  "0x309a": 3.9118106365203857,
  "0x309b": 1.0007994174957275,
  "0x3d70": 11.074710845947266,
  "0x3d71": 2.5006213188171387,
  "0x48d8": 4.234274864196777,
  "0x48d9": 3.9838027954101562,
  "0x5350": 3.8093605041503906,
  "0x5351": 2.485990285873413,
  "0x5bde": 5.686244010925293,
  "0x5bdf": 0.11554022133350372,
  "0x637c": 6.011293411254883,
  "0x637d": 0.0010360517771914601,
  "0x6930": 5.577860355377197,
  "0x6931": 1.0952119827270508,
  "0x6df2": 4.739774703979492,
  "0x6df3": 1.271105170249939,
  "0x7368": 7.4792327880859375,
  "0x7369": 0.732577383518219,
  "0x77ec": 8.607145309448242,
  "0x77ed": 1.4867902994155884,
  "0x309c": 3.9118106365203857,
  "0x309d": -0.18704025447368622,
  "0x3d72": 11.074710845947266,
  "0x3d73": 2.5006213188171387,
  "0x48da": 4.234274864196777,
  "0x48db": 3.9838027954101562,
  "0x5352": 3.8093605041503906,
  "0x5353": 2.485990285873413,
  "0x5be0": 5.686244010925293,
  "0x5be1": 0.11554022133350372,
  "0x637e": 6.011293411254883,
  "0x637f": 0.29836025834083557,
  "0x6932": 5.577860355377197,
  "0x6933": -0.005900239571928978,
  "0x6df4": 4.739774703979492,
  "0x6df5": 1.271105170249939,
  "0x736a": 7.4792327880859375,
  "0x736b": 0.732577383518219,
  "0x77ee": 8.607145309448242,
  "0x77ef": 1.4867902994155884,
  "0x309e": 3.9118106365203857,
  "0x309f": 1.0007994174957275,
  "0x3d74": 11.074710845947266,
  "0x3d75": 2.5006213188171387,
  "0x48dc": 4.234274864196777,
  "0x48dd": 0.7605993151664734,
  "0x5354": 3.8093605041503906,
  "0x5355": 2.485990285873413,
  "0x5be2": 5.686244010925293,
  "0x5be3": -0.01238601841032505,
  "0x6380": 6.011293411254883,
  "0x6381": 0.0010360517771914601,
  "0x6934": 5.577860355377197,
  "0x6935": 1.0952119827270508,
  "0x6df6": 4.739774703979492,
  "0x6df7": 1.271105170249939,
  "0x736c": 7.4792327880859375,
  "0x736d": 0.732577383518219,
  "0x77f0": 8.607145309448242,
  "0x77f1": 1.4867902994155884,
  "0x30a0": 3.9118106365203857,
  "0x30a1": 1.0007994174957275,
  "0x3d76": 11.074710845947266,
  "0x3d77": 2.5006213188171387,
  "0x48de": 4.234274864196777,
  "0x48df": 3.9838027954101562,
  "0x5356": 3.8093605041503906,
  "0x5357": 2.485990285873413,
  "0x5be4": 5.686244010925293,
  "0x5be5": 0.11554022133350372,
  "0x6382": 6.011293411254883,
  "0x6383": 0.29836025834083557,
  "0x6936": 5.577860355377197,
  "0x6937": 1.0952119827270508,
  "0x6df8": 4.739774703979492,
  "0x6df9": 1.271105170249939,
  "0x736e": 7.4792327880859375,
  "0x736f": -0.3911186158657074,
  "0x77f2": 8.607145309448242,
  "0x77f3": 1.4867902994155884
}