{
  "date.value": {
    "0x2bd2": 1.5516576e+18,
    "0x2bd3": 1.5516576e+18,
    "0x38a8": 1.5516576e+18,
    "0x38a9": 1.5516576e+18,
    "0x4410": 1.5516576e+18,
    "0x4411": 1.5516576e+18,
    "0x4e88": 1.5516576e+18,
    "0x4e89": 1.5516576e+18,
    "0x5716": 1.5516576e+18,
    "0x5717": 1.5516576e+18,
    "0x2bd4": 1.551744e+18,
    "0x2bd5": 1.551744e+18,
    "0x38aa": 1.551744e+18,
    "0x38ab": 1.551744e+18,
    "0x4412": 1.551744e+18,
    "0x4413": 1.551744e+18,
    "0x4e8a": 1.551744e+18,
    "0x4e8b": 1.551744e+18,
    "0x5718": 1.551744e+18,
    "0x5719": 1.551744e+18,
    "0x2bd6": 1.5518304e+18,
    "0x2bd7": 1.5518304e+18,
    "0x38ac": 1.5518304e+18,
    "0x38ad": 1.5518304e+18,
    "0x4414": 1.5518304e+18,
    "0x4415": 1.5518304e+18,
    "0x4e8c": 1.5518304e+18,
    "0x4e8d": 1.5518304e+18,
    "0x571a": 1.5518304e+18,
    "0x571b": 1.5518304e+18,
    "0x2bd8": 1.5519168e+18,
    "0x2bd9": 1.5519168e+18,
    "0x38ae": 1.5519168e+18,
    "0x38af": 1.5519168e+18,
    "0x4416": 1.5519168e+18,
    "0x4417": 1.5519168e+18,
    "0x4e8e": 1.5519168e+18,
    "0x4e8f": 1.5519168e+18,
    "0x571c": 1.5519168e+18,
    "0x571d": 1.5519168e+18,
    "0x2bda": 1.5520032e+18,
    "0x2bdb": 1.5520032e+18,
    "0x38b0": 1.5520032e+18,
    "0x38b1": 1.5520032e+18,
    "0x4418": 1.5520032e+18,
    "0x4419": 1.5520032e+18,
    "0x4e90": 1.5520032e+18,
    "0x4e91": 1.5520032e+18,
    "0x571e": 1.5520032e+18,
    "0x571f": 1.5520032e+18,
    "0x2bdc": 1.5520896e+18,
    "0x2bdd": 1.5520896e+18,
    "0x38b2": 1.5520896e+18,
    "0x38b3": 1.5520896e+18,
    "0x441a": 1.5520896e+18,
    "0x441b": 1.5520896e+18,
    "0x4e92": 1.5520896e+18,
    "0x4e93": 1.5520896e+18,
    "0x5720": 1.5520896e+18,
    "0x5721": 1.5520896e+18,
    "0x2bde": 1.552176e+18,
    "0x2bdf": 1.552176e+18,
    "0x38b4": 1.552176e+18,
    "0x38b5": 1.552176e+18,
    "0x441c": 1.552176e+18,
    "0x441d": 1.552176e+18,
    "0x4e94": 1.552176e+18,
    "0x4e95": 1.552176e+18,
    "0x5722": 1.552176e+18,
    "0x5723": 1.552176e+18
  },
  "warehouse_ID.value": {
    "0x2bd2": 0.1,
    "0x2bd3": 0.1,
    "0x38a8": 0.30000000000000004,
    "0x38a9": 0.30000000000000004,
    "0x4410": 0.5,
    "0x4411": 0.5,
    "0x4e88": 0.7000000000000001,
    "0x4e89": 0.7000000000000001,
    "0x5716": 0.9,
    "0x5717": 0.9,
    "0x2bd4": 0.1,
    "0x2bd5": 0.1,
    "0x38aa": 0.30000000000000004,
    "0x38ab": 0.30000000000000004,
    "0x4412": 0.5,
    "0x4413": 0.5,
    "0x4e8a": 0.7000000000000001,
    "0x4e8b": 0.7000000000000001,
    "0x5718": 0.9,
    "0x5719": 0.9,
    "0x2bd6": 0.1,
    "0x2bd7": 0.1,
    "0x38ac": 0.30000000000000004,
    "0x38ad": 0.30000000000000004,
    "0x4414": 0.5,
    "0x4415": 0.5,
    "0x4e8c": 0.7000000000000001,
    "0x4e8d": 0.7000000000000001,
    "0x571a": 0.9,
    "0x571b": 0.9,
    "0x2bd8": 0.1,
    "0x2bd9": 0.1,
    "0x38ae": 0.30000000000000004,
    "0x38af": 0.30000000000000004,
    "0x4416": 0.5,
    "0x4417": 0.5,
    "0x4e8e": 0.7000000000000001,
    "0x4e8f": 0.7000000000000001,
    "0x571c": 0.9,
    "0x571d": 0.9,
    "0x2bda": 0.1,
    "0x2bdb": 0.1,
    "0x38b0": 0.30000000000000004,
    "0x38b1": 0.30000000000000004,
    "0x4418": 0.5,
    "0x4419": 0.5,
    "0x4e90": 0.7000000000000001,
    "0x4e91": 0.7000000000000001,
    "0x571e": 0.9,
    "0x571f": 0.9,
    "0x2bdc": 0.1,
    "0x2bdd": 0.1,
    "0x38b2": 0.30000000000000004,
    "0x38b3": 0.30000000000000004,
    "0x441a": 0.5,
    "0x441b": 0.5,
    "0x4e92": 0.7000000000000001,
    "0x4e93": 0.7000000000000001,
    "0x5720": 0.9,
    "0x5721": 0.9,
    "0x2bde": 0.1,
    "0x2bdf": 0.1,
    "0x38b4": 0.30000000000000004,
    "0x38b5": 0.30000000000000004,
    "0x441c": 0.5,
    "0x441d": 0.5,
    "0x4e94": 0.7000000000000001,
    "0x4e95": 0.7000000000000001,
    "0x5722": 0.9,
    "0x5723": 0.9
  },
  "Product_Type.value": {
    "0x2bd2": 0.25,
    "0x2bd3": 0.75,
    "0x38a8": 0.25,
    "0x38a9": 0.75,
    "0x4410": 0.25,
    "0x4411": 0.75,
    "0x4e88": 0.25,
    "0x4e89": 0.75,
    "0x5716": 0.25,
    "0x5717": 0.75,
    "0x2bd4": 0.25,
    "0x2bd5": 0.75,
    "0x38aa": 0.25,
    "0x38ab": 0.75,
    "0x4412": 0.25,
    "0x4413": 0.75,
    "0x4e8a": 0.25,
    "0x4e8b": 0.75,
    "0x5718": 0.25,
    "0x5719": 0.75,
    "0x2bd6": 0.25,
    "0x2bd7": 0.75,
    "0x38ac": 0.25,
    "0x38ad": 0.75,
    "0x4414": 0.25,
    "0x4415": 0.75,
    "0x4e8c": 0.25,
    "0x4e8d": 0.75,
    "0x571a": 0.25,
    "0x571b": 0.75,
    "0x2bd8": 0.25,
    "0x2bd9": 0.75,
    "0x38ae": 0.25,
    "0x38af": 0.75,
    "0x4416": 0.25,
    "0x4417": 0.75,
    "0x4e8e": 0.25,
    "0x4e8f": 0.75,
    "0x571c": 0.25,
    "0x571d": 0.75,
    "0x2bda": 0.25,
    "0x2bdb": 0.75,
    "0x38b0": 0.25,
    "0x38b1": 0.75,
    "0x4418": 0.25,
    "0x4419": 0.75,
    "0x4e90": 0.25,
    "0x4e91": 0.75,
    "0x571e": 0.25,
    "0x571f": 0.75,
    "0x2bdc": 0.25,
    "0x2bdd": 0.75,
    "0x38b2": 0.25,
    "0x38b3": 0.75,
    "0x441a": 0.25,
    "0x441b": 0.75,
    "0x4e92": 0.25,
    "0x4e93": 0.75,
    "0x5720": 0.25,
    "0x5721": 0.75,
    "0x2bde": 0.25,
    "0x2bdf": 0.75,
    "0x38b4": 0.25,
    "0x38b5": 0.75,
    "0x441c": 0.25,
    "0x441d": 0.75,
    "0x4e94": 0.25,
    "0x4e95": 0.75,
    "0x5722": 0.25,
    "0x5723": 0.75
  },
  "year.value": {
    "0x2bd2": 2019,
    "0x2bd3": 2019,
    "0x38a8": 2019,
    "0x38a9": 2019,
    "0x4410": 2019,
    "0x4411": 2019,
    "0x4e88": 2019,
    "0x4e89": 2019,
    "0x5716": 2019,
    "0x5717": 2019,
    "0x2bd4": 2019,
    "0x2bd5": 2019,
    "0x38aa": 2019,
    "0x38ab": 2019,
    "0x4412": 2019,
    "0x4413": 2019,
    "0x4e8a": 2019,
    "0x4e8b": 2019,
    "0x5718": 2019,
    "0x5719": 2019,
    "0x2bd6": 2019,
    "0x2bd7": 2019,
    "0x38ac": 2019,
    "0x38ad": 2019,
    "0x4414": 2019,
    "0x4415": 2019,
    "0x4e8c": 2019,
    "0x4e8d": 2019,
    "0x571a": 2019,
    "0x571b": 2019,
    "0x2bd8": 2019,
    "0x2bd9": 2019,
    "0x38ae": 2019,
    "0x38af": 2019,
    "0x4416": 2019,
    "0x4417": 2019,
    "0x4e8e": 2019,
    "0x4e8f": 2019,
    "0x571c": 2019,
    "0x571d": 2019,
    "0x2bda": 2019,
    "0x2bdb": 2019,
    "0x38b0": 2019,
    "0x38b1": 2019,
    "0x4418": 2019,
    "0x4419": 2019,
    "0x4e90": 2019,
    "0x4e91": 2019,
    "0x571e": 2019,
    "0x571f": 2019,
    "0x2bdc": 2019,
    "0x2bdd": 2019,
    "0x38b2": 2019,
    "0x38b3": 2019,
    "0x441a": 2019,
    "0x441b": 2019,
    "0x4e92": 2019,
    "0x4e93": 2019,
    "0x5720": 2019,
    "0x5721": 2019,
    "0x2bde": 2019,
    "0x2bdf": 2019,
    "0x38b4": 2019,
    "0x38b5": 2019,
    "0x441c": 2019,
    "0x441d": 2019,
    "0x4e94": 2019,
    "0x4e95": 2019,
    "0x5722": 2019,
    "0x5723": 2019
  },
  "month.value": {
    "0x2bd2": 3,
    "0x2bd3": 3,
    "0x38a8": 3,
    "0x38a9": 3,
    "0x4410": 3,
    "0x4411": 3,
    "0x4e88": 3,
    "0x4e89": 3,
    "0x5716": 3,
    "0x5717": 3,
    "0x2bd4": 3,
    "0x2bd5": 3,
    "0x38aa": 3,
    "0x38ab": 3,
    "0x4412": 3,
    "0x4413": 3,
    "0x4e8a": 3,
    "0x4e8b": 3,
    "0x5718": 3,
    "0x5719": 3,
    "0x2bd6": 3,
    "0x2bd7": 3,
    "0x38ac": 3,
    "0x38ad": 3,
    "0x4414": 3,
    "0x4415": 3,
    "0x4e8c": 3,
    "0x4e8d": 3,
    "0x571a": 3,
    "0x571b": 3,
    "0x2bd8": 3,
    "0x2bd9": 3,
    "0x38ae": 3,
    "0x38af": 3,
    "0x4416": 3,
    "0x4417": 3,
    "0x4e8e": 3,
    "0x4e8f": 3,
    "0x571c": 3,
    "0x571d": 3,
    "0x2bda": 3,
    "0x2bdb": 3,
    "0x38b0": 3,
    "0x38b1": 3,
    "0x4418": 3,
    "0x4419": 3,
    "0x4e90": 3,
    "0x4e91": 3,
    "0x571e": 3,
    "0x571f": 3,
    "0x2bdc": 3,
    "0x2bdd": 3,
    "0x38b2": 3,
    "0x38b3": 3,
    "0x441a": 3,
    "0x441b": 3,
    "0x4e92": 3,
    "0x4e93": 3,
    "0x5720": 3,
    "0x5721": 3,
    "0x2bde": 3,
    "0x2bdf": 3,
    "0x38b4": 3,
    "0x38b5": 3,
    "0x441c": 3,
    "0x441d": 3,
    "0x4e94": 3,
    "0x4e95": 3,
    "0x5722": 3,
    "0x5723": 3
  },
  "is_weekend.value": {
    "0x2bd2": 0.8333333333333333,
    "0x2bd3": 0.8333333333333333,