{
  "0x2bd2": 6.800404071807861,
  "0x2bd3": 3.200657844543457,
  "0x38a8": 6.800404071807861,
  "0x38a9": 3.200657844543457,
  "0x4410": 9.598444938659668,
  "0x4411": 3.9001967906951904,
  "0x4e88": 9.002725601196289,
  "0x4e89": 3.6010751724243164,
  "0x5716": 8.898101806640625,
  "0x5717": 3.1985023021698,
  "0x2bd4": 6.800404071807861,
  "0x2bd5": 3.200657844543457,
  "0x38aa": 6.800404071807861,
  "0x38ab": 3.200657844543457,
  "0x4412": 9.598444938659668,
  "0x4413": 3.9001967906951904,
  "0x4e8a": 9.002725601196289,
  "0x4e8b": 3.6010751724243164,
  "0x5718": 8.898101806640625,
  "0x5719": 3.1985023021698,
  "0x2bd6": 6.800404071807861,
  "0x2bd7": 3.200657844543457,
  "0x38ac": 6.800404071807861,
  "0x38ad": 3.200657844543457,
  "0x4414": 9.598444938659668,
  "0x4415": 3.9001967906951904,
  "0x4e8c": 9.002725601196289,
  "0x4e8d": 3.6010751724243164,
  "0x571a": 8.898101806640625,
  "0x571b": 3.1985023021698,
  "0x2bd8": 6.800404071807861,
  "0x2bd9": 3.200657844543457,
  "0x38ae": 6.800404071807861,
  "0x38af": 3.200657844543457,
  "0x4416": 9.598444938659668,
  "0x4417": 3.9001967906951904,
  "0x4e8e": 9.002725601196289,
  "0x4e8f": 3.6010751724243164,
  "0x571c": 8.898101806640625,
  "0x571d": 3.1985023021698,
  "0x2bda": 6.800404071807861,
  "0x2bdb": 3.200657844543457,
  "0x38b0": 6.800404071807861,
  "0x38b1": 3.200657844543457,
  "0x4418": 9.598444938659668,
  "0x4419": 3.9001967906951904,
  "0x4e90": 9.002725601196289,
  "0x4e91": 3.6010751724243164,
  "0x571e": 8.898101806640625,
  "0x571f": 3.1985023021698,
  "0x2bdc": 6.800404071807861,
  "0x2bdd": 3.200657844543457,
  "0x38b2": 6.800404071807861,
  "0x38b3": 3.200657844543457,
  "0x441a": 9.598444938659668,
  "0x441b": 3.9001967906951904,
  "0x4e92": 9.002725601196289,
  "0x4e93": 3.6010751724243164,
  "0x5720": 8.898101806640625,
  "0x5721": 3.1985023021698,
  "0x2bde": 6.800404071807861,
  "0x2bdf": 3.200657844543457,
  "0x38b4": 6.800404071807861,
  "0x38b5": 3.200657844543457,
  "0x441c": 9.598444938659668,
  "0x441d": 3.9001967906951904,
  "0x4e94": 9.002725601196289,
  "0x4e95": 3.6010751724243164,
  "0x5722": 8.898101806640625,
  "0x5723": 3.1985023021698
}