{
  "0x2ee2": 6.563664436340332,
  "0x2ee3": 2.352283000946045,
  "0x3bb8": 6.400642395019531,
  "0x3bb9": 3.3978612422943115,
  "0x4720": 5.030650615692139,
  "0x4721": 1.9113253355026245,
  "0x5198": 7.856837272644043,
  "0x5199": 3.5098135471343994,
  "0x5a26": 4.6147236824035645,
  "0x5a27": 1.2833514213562012,
  "0x61c4": 1.0291029214859009,
  "0x61c5": 2.2817232608795166,
  "0x6778": 1.6297752857208252,
  "0x6779": 1.8009395599365234,
  "0x71b0": 4.485168933868408,
  "0x71b1": 2.1667115688323975,
  "0x2ee4": 6.579092502593994,
  "0x2ee5": 2.2521886825561523,
  "0x3bba": 6.4951171875,
  "0x3bbb": 3.380106210708618,
  "0x4722": 5.162641525268555,
  "0x4723": 1.9092131853103638,
  "0x519a": 7.5672607421875,
  "0x519b": 3.4116227626800537,
  "0x5a28": 4.6147236824035645,
  "0x5a29": 1.2833514213562012,
  "0x61c6": 1.0291029214859009,
  "0x61c7": 2.2817232608795166,
  "0x677a": 1.6297752857208252,
  "0x677b": 1.8009395599365234,
  "0x71b2": 4.958176136016846,
  "0x71b3": 1.699157476425171,
  "0x2ee6": 5.873369216918945,
  "0x2ee7": 2.241514205932617,
  "0x3bbc": 6.492947578430176,
  "0x3bbd": 3.383742570877075,
  "0x4724": 5.135841369628906,
  "0x4725": 2.0024967193603516,
  "0x519c": 7.16227912902832,
  "0x519d": 3.408759117126465,
  "0x5a2a": 4.6147236824035645,
  "0x5a2b": 1.2833514213562012,
  "0x61c8": 1.0291029214859009,
  "0x61c9": 2.2817232608795166,
  "0x677c": 1.6297752857208252,
  "0x677d": 1.8009395599365234,
  "0x71b4": 4.8390655517578125,
  "0x71b5": 2.0129542350769043,
  "0x2ee8": 3.4675352573394775,
  "0x2ee9": 1.42983877658844,
  "0x3bbe": 6.384851455688477,
  "0x3bbf": 3.084886312484741,
  "0x4726": 5.186274528503418,
  "0x4727": 2.019228219985962,
  "0x519e": 7.120515823364258,
  "0x519f": 3.312441825866699,
  "0x5a2c": 4.6147236824035645,
  "0x5a2d": 1.2833514213562012,
  "0x61ca": 1.0291029214859009,
  "0x61cb": 2.2817232608795166,
  "0x677e": 1.6297752857208252,
  "0x677f": 1.8009395599365234,
  "0x71b6": 5.308663845062256,
  "0x71b7": 2.1715996265411377,
  "0x2eea": 3.4676177501678467,
  "0x2eeb": 1.4315751791000366,
  "0x3bc0": 6.377679824829102,
  "0x3bc1": 2.979886770248413,
  "0x4728": 5.406045436859131,
  "0x4729": 2.605018138885498,
  "0x51a0": 6.434557914733887,
  "0x51a1": 1.9932938814163208,
  "0x5a2e": 4.6147236824035645,
  "0x5a2f": 1.2833514213562012,
  "0x61cc": 1.0291029214859009,
  "0x61cd": 2.2817232608795166,
  "0x6780": 1.6297752857208252,
  "0x6781": 1.8009395599365234,
  "0x71b8": 5.303697109222412,
  "0x71b9": 2.1725871562957764,
  "0x2eec": 3.4676177501678467,
  "0x2eed": 1.4315751791000366,
  "0x3bc2": 6.381816387176514,
  "0x3bc3": 2.9820477962493896,
  "0x472a": 5.34430456161499,
  "0x472b": 2.3935439586639404,
  "0x51a2": 6.485411643981934,
  "0x51a3": 2.280121088027954,
  "0x5a30": 4.6147236824035645,
  "0x5a31": 1.2833514213562012,
  "0x61ce": 1.0291029214859009,
  "0x61cf": 2.2817232608795166,
  "0x6782": 1.6297752857208252,
  "0x6783": 1.8009395599365234,
  "0x71ba": 5.303697109222412,
  "0x71bb": 2.1725871562957764,
  "0x2eee": 3.5881667137145996,
  "0x2eef": 1.422579050064087,
  "0x3bc4": 6.381816387176514,
  "0x3bc5": 2.9825658798217773,
  "0x472c": 5.33289098739624,
  "0x472d": 2.3988635540008545,
  "0x51a4": 6.542189121246338,
  "0x51a5": 2.587480306625366,
  "0x5a32": 4.6147236824035645,
  "0x5a33": 1.2833514213562012,
  "0x61d0": 1.0291029214859009,
  "0x61d1": 2.2817232608795166,
  "0x6784": 1.6297752857208252,
  "0x6785": 1.8009395599365234,
  "0x71bc": 5.303697109222412,
  "0x71bd": 2.1725871562957764
}