{
  "0x2bd2": 6.799376964569092,
  "0x2bd3": 3.2004528045654297,
  "0x38a8": 9.59910774230957,
  "0x38a9": 3.759509325027466,
  "0x4410": 8.046961784362793,
  "0x4411": 3.3537352085113525,
  "0x4e88": 7.921317100524902,
  "0x4e89": 3.2006094455718994,
  "0x5716": 5.203919887542725,
  "0x5717": 2.9987640380859375,
  "0x2bd4": 6.799376964569092,
  "0x2bd5": 3.2004528045654297,
  "0x38aa": 9.59910774230957,
  "0x38ab": 3.759509325027466,
  "0x4412": 8.046961784362793,
  "0x4413": 3.3537352085113525,
  "0x4e8a": 7.921317100524902,
  "0x4e8b": 3.2006094455718994,
  "0x5718": 5.203919887542725,
  "0x5719": 2.9987640380859375,
  "0x2bd6": 6.799376964569092,
  "0x2bd7": 3.2004528045654297,
  "0x38ac": 9.59910774230957,
  "0x38ad": 3.759509325027466,
  "0x4414": 8.046961784362793,
  "0x4415": 3.3537352085113525,
  "0x4e8c": 7.921317100524902,
  "0x4e8d": 3.2006094455718994,
  "0x571a": 5.203919887542725,
  "0x571b": 2.9987640380859375,
  "0x2bd8": 6.799376964569092,
  "0x2bd9": 3.2004528045654297,
  "0x38ae": 9.59910774230957,
  "0x38af": 3.759509325027466,
  "0x4416": 8.046961784362793,
  "0x4417": 3.3537352085113525,
  "0x4e8e": 7.921317100524902,
  "0x4e8f": 3.2006094455718994,
  "0x571c": 5.203919887542725,
  "0x571d": 2.9987640380859375,
  "0x2bda": 6.799376964569092,
  "0x2bdb": 3.2004528045654297,
  "0x38b0": 9.59910774230957,
  "0x38b1": 3.759509325027466,
  "0x4418": 8.046961784362793,
  "0x4419": 3.3537352085113525,
  "0x4e90": 7.921317100524902,
  "0x4e91": 3.2006094455718994,
  "0x571e": 5.203919887542725,
  "0x571f": 2.9987640380859375,
  "0x2bdc": 6.799376964569092,
  "0x2bdd": 3.2004528045654297,
  "0x38b2": 9.59910774230957,
  "0x38b3": 3.759509325027466,
  "0x441a": 8.046961784362793,
  "0x441b": 3.3537352085113525,
  "0x4e92": 7.921317100524902,
  "0x4e93": 3.2006094455718994,
  "0x5720": 5.203919887542725,
  "0x5721": 2.9987640380859375,
  "0x2bde": 6.799376964569092,
  "0x2bdf": 3.2004528045654297,
  "0x38b4": 9.59910774230957,
  "0x38b5": 3.759509325027466,
  "0x441c": 8.046961784362793,
  "0x441d": 3.3537352085113525,
  "0x4e94": 7.921317100524902,
  "0x4e95": 3.2006094455718994,
  "0x5722": 5.203919887542725,
  "0x5723": 2.9987640380859375
}