{
  "0x2b62": 3.033233165740967,
  "0x2b63": 5.739026069641113,
  "0x3838": 3.225407600402832,
  "0x3839": 6.950980186462402,
  "0x43a0": 2.9255659580230713,
  "0x43a1": 6.03684139251709,
  "0x4e18": 3.102910041809082,
  "0x4e19": 6.337904453277588,
  "0x56a6": 3.0832784175872803,
  "0x56a7": 5.2530517578125,
  "0x2b64": 3.033745765686035,
  "0x2b65": 5.740344047546387,
  "0x383a": 3.2238199710845947,
  "0x383b": 6.953393936157227,
  "0x43a2": 2.9261183738708496,
  "0x43a3": 6.047629356384277,
  "0x4e1a": 3.1137733459472656,
  "0x4e1b": 6.326852798461914,
  "0x56a8": 3.048246383666992,
  "0x56a9": 5.248831272125244,
  "0x2b66": 3.033745765686035,
  "0x2b67": 5.820150852203369,
  "0x383c": 3.2238199710845947,
  "0x383d": 6.954029560089111,
  "0x43a4": 2.887770175933838,
  "0x43a5": 6.12743616104126,
  "0x4e1c": 3.1780362129211426,
  "0x4e1d": 6.348730087280273,
  "0x56aa": 3.086489677429199,
  "0x56ab": 5.244689464569092,
  "0x2b68": 3.033745765686035,
  "0x2b69": 5.734015464782715,
  "0x383e": 3.2238199710845947,
  "0x383f": 6.954029560089111,
  "0x43a6": 2.936842441558838,
  "0x43a7": 6.04150915145874,
  "0x4e1e": 3.140223503112793,
  "0x4e1f": 6.352705001831055,
  "0x56ac": 3.0544161796569824,
  "0x56ad": 5.251212120056152,
  "0x2b6a": 3.0339772701263428,
  "0x2b6b": 5.784853458404541,
  "0x3840": 3.2240514755249023,
  "0x3841": 6.951420783996582,
  "0x43a8": 2.9370739459991455,
  "0x43a9": 5.924132823944092,
  "0x4e20": 3.1294777393341064,
  "0x4e21": 6.2764811515808105,
  "0x56ae": 3.043670177459717,
  "0x56af": 5.2577338218688965,
  "0x2b6c": 3.0321877002716064,
  "0x2b6d": 5.788375377655029,
  "0x3842": 3.222261905670166,
  "0x3843": 6.95494270324707,
  "0x43aa": 2.938737392425537,
  "0x43ab": 5.926480293273926,
  "0x4e22": 3.0414576530456543,
  "0x4e23": 6.26881742477417,
  "0x56b0": 2.993756055831909,
  "0x56b1": 5.248895645141602,
  "0x2b6e": 3.0321877002716064,
  "0x2b6f": 5.788375377655029,
  "0x3844": 3.222261905670166,
  "0x3845": 6.95494270324707,
  "0x43ac": 2.938737392425537,
  "0x43ad": 5.926480293273926,
  "0x4e24": 3.0414576530456543,
  "0x4e25": 6.26881742477417,
  "0x56b2": 2.993756055831909,
  "0x56b3": 5.248895645141602
}