{
  "0x2dd8": 7.600153923034668,
  "0x2dd9": 3.7007596492767334,
  "0x3aae": 9.900291442871094,
  "0x3aaf": 4.797469139099121,
  "0x4616": 9.498241424560547,
  "0x4617": 4.901162624359131,
  "0x508e": 8.796370506286621,
  "0x508f": 3.70501971244812,
  "0x591c": 6.878459930419922,
  "0x591d": 4.025362014770508,
  "0x60ba": 7.697123050689697,
  "0x60bb": 3.501802444458008,
  "0x2dda": 7.600153923034668,
  "0x2ddb": 3.7007596492767334,
  "0x3ab0": 9.900291442871094,
  "0x3ab1": 4.797469139099121,
  "0x4618": 9.498241424560547,
  "0x4619": 4.901162624359131,
  "0x5090": 8.796370506286621,
  "0x5091": 3.70501971244812,
  "0x591e": 6.878459930419922,
  "0x591f": 4.025362014770508,
  "0x60bc": 7.697123050689697,
  "0x60bd": 3.501802444458008,
  "0x2ddc": 7.600153923034668,
  "0x2ddd": 3.7007596492767334,
  "0x3ab2": 9.900291442871094,
  "0x3ab3": 4.797469139099121,
  "0x461a": 9.498241424560547,
  "0x461b": 4.901162624359131,
  "0x5092": 8.796370506286621,
  "0x5093": 3.70501971244812,
  "0x5920": 6.878459930419922,
  "0x5921": 4.025362014770508,
  "0x60be": 7.697123050689697,
  "0x60bf": 3.501802444458008,
  "0x2dde": 7.600153923034668,
  "0x2ddf": 3.7007596492767334,
  "0x3ab4": 9.900291442871094,
  "0x3ab5": 4.797469139099121,
  "0x461c": 9.498241424560547,
  "0x461d": 4.901162624359131,
  "0x5094": 8.796370506286621,
  "0x5095": 3.70501971244812,
  "0x5922": 6.878459930419922,
  "0x5923": 4.025362014770508,
  "0x60c0": 7.697123050689697,
  "0x60c1": 3.501802444458008,
  "0x2de0": 7.600153923034668,
  "0x2de1": 3.7007596492767334,
  "0x3ab6": 9.900291442871094,
  "0x3ab7": 4.797469139099121,
  "0x461e": 9.498241424560547,
  "0x461f": 4.901162624359131,
  "0x5096": 8.796370506286621,
  "0x5097": 3.70501971244812,
  "0x5924": 6.878459930419922,
  "0x5925": 4.025362014770508,
  "0x60c2": 7.697123050689697,
  "0x60c3": 3.501802444458008,
  "0x2de2": 7.600153923034668,
  "0x2de3": 3.7007596492767334,
  "0x3ab8": 9.900291442871094,
  "0x3ab9": 4.797469139099121,
  "0x4620": 9.498241424560547,
  "0x4621": 4.901162624359131,
  "0x5098": 8.796370506286621,
  "0x5099": 3.70501971244812,
  "0x5926": 6.878459930419922,
  "0x5927": 4.025362014770508,
  "0x60c4": 7.697123050689697,
  "0x60c5": 3.501802444458008,
  "0x2de4": 7.600153923034668,
  "0x2de5": 3.7007596492767334,
  "0x3aba": 9.900291442871094,
  "0x3abb": 4.797469139099121,
  "0x4622": 9.498241424560547,
  "0x4623": 4.901162624359131,
  "0x509a": 8.796370506286621,
  "0x509b": 3.70501971244812,
  "0x5928": 6.878459930419922,
  "0x5929": 4.025362014770508,
  "0x60c6": 7.697123050689697,
  "0x60c7": 3.501802444458008
}