{
  "0x2f98": 6.695305824279785,
  "0x2f99": 3.6001477241516113,
  "0x3c6e": 11.375277519226074,
  "0x3c6f": 2.7297089099884033,
  "0x47d6": 5.757689952850342,
  "0x47d7": 2.2476775646209717,
  "0x524e": 8.861526489257812,
  "0x524f": 1.232917070388794,
  "0x5adc": 1.0171737670898438,
  "0x5add": 0.5852749943733215,
  "0x627a": 4.287718772888184,
  "0x627b": 2.818596839904785,
  "0x682e": 0.10697150975465775,
  "0x682f": 1.3872522115707397,
  "0x6cf0": 9.577834129333496,
  "0x6cf1": 2.5194716453552246,
  "0x7266": 8.397294998168945,
  "0x7267": 2.8004238605499268,
  "0x76ea": 9.013097763061523,
  "0x76eb": 1.6879525184631348,
  "0x2f9a": 6.695305824279785,
  "0x2f9b": 3.6001477241516113,
  "0x3c70": 11.375277519226074,
  "0x3c71": 2.7297089099884033,
  "0x47d8": 5.757689952850342,
  "0x47d9": 2.2476775646209717,
  "0x5250": 8.861526489257812,
  "0x5251": 1.232917070388794,
  "0x5ade": 1.0171737670898438,
  "0x5adf": 0.5852749943733215,
  "0x627c": 4.287718772888184,
  "0x627d": 2.818596839904785,
  "0x6830": -0.8473533987998962,
  "0x6831": 1.3872522115707397,
  "0x6cf2": 9.577834129333496,
  "0x6cf3": 2.5194716453552246,
  "0x7268": 8.397294998168945,
  "0x7269": 2.8004238605499268,
  "0x76ec": 9.013097763061523,
  "0x76ed": 1.6879525184631348,
  "0x2f9c": 6.695305824279785,
  "0x2f9d": 3.6001477241516113,
  "0x3c72": 11.375277519226074,
  "0x3c73": 2.7297089099884033,
  "0x47da": 5.757689952850342,
  "0x47db": 2.2476775646209717,
  "0x5252": 8.861526489257812,
  "0x5253": 1.232917070388794,
  "0x5ae0": 1.0171737670898438,
  "0x5ae1": 0.5852749943733215,
  "0x627e": 4.287718772888184,
  "0x627f": 2.818596839904785,
  "0x6832": 0.10697150975465775,
  "0x6833": 1.3872522115707397,
  "0x6cf4": 9.577834129333496,
  "0x6cf5": 2.5194716453552246,
  "0x726a": 8.397294998168945,
  "0x726b": 2.8004238605499268,
  "0x76ee": 9.013097763061523,
  "0x76ef": 1.6879525184631348,
  "0x2f9e": 6.695305824279785,
  "0x2f9f": 3.6001477241516113,
  "0x3c74": 11.375277519226074,
  "0x3c75": 2.7297089099884033,
  "0x47dc": 5.757689952850342,
  "0x47dd": 2.2476775646209717,
  "0x5254": 8.861526489257812,
  "0x5255": 1.232917070388794,
  "0x5ae2": 1.0171737670898438,
  "0x5ae3": 0.5852749943733215,
  "0x6280": 4.287718772888184,
  "0x6281": 2.818596839904785,
  "0x6834": 0.10697150975465775,
  "0x6835": 1.3872522115707397,
  "0x6cf6": 9.577834129333496,
  "0x6cf7": 2.5194716453552246,
  "0x726c": 8.397294998168945,
  "0x726d": 2.8004238605499268,
  "0x76f0": 9.013097763061523,
  "0x76f1": 1.6879525184631348,
  "0x2fa0": 6.695305824279785,
  "0x2fa1": 3.6001477241516113,
  "0x3c76": 11.375277519226074,
  "0x3c77": 2.7297089099884033,
  "0x47de": 5.757689952850342,
  "0x47df": 2.2476775646209717,
  "0x5256": 8.861526489257812,
  "0x5257": 1.232917070388794,
  "0x5ae4": 1.0171737670898438,
  "0x5ae5": 0.5852749943733215,
  "0x6282": 4.287718772888184,
  "0x6283": 2.818596839904785,
  "0x6836": 0.10697150975465775,
  "0x6837": 1.3872522115707397,
  "0x6cf8": 9.577834129333496,
  "0x6cf9": 2.5194716453552246,
  "0x726e": 8.397294998168945,
  "0x726f": 2.8004238605499268,
  "0x76f2": 9.013097763061523,
  "0x76f3": 1.6879525184631348,
  "0x2fa2": 6.695305824279785,
  "0x2fa3": 3.6001477241516113,
  "0x3c78": 11.375277519226074,
  "0x3c79": 2.7297089099884033,
  "0x47e0": 5.757689952850342,
  "0x47e1": 2.2476775646209717,
  "0x5258": 8.861526489257812,
  "0x5259": 1.232917070388794,
  "0x5ae6": 1.0171737670898438,
  "0x5ae7": 0.5852749943733215,
  "0x6284": 4.287718772888184,
  "0x6285": 2.818596839904785,
  "0x6838": 0.10697150975465775,
  "0x6839": 1.3872522115707397,
  "0x6cfa": 9.577834129333496,
  "0x6cfb": 2.5194716453552246,
  "0x7270": 8.397294998168945,
  "0x7271": 2.8004238605499268,
  "0x76f4": 9.013097763061523,
  "0x76f5": 1.6879525184631348,
  "0x2fa4": 6.695305824279785,
  "0x2fa5": 3.6001477241516113,
  "0x3c7a": 11.375277519226074,
  "0x3c7b": 2.7297089099884033,
  "0x47e2": 5.757689952850342,
  "0x47e3": 2.2476775646209717,
  "0x525a": 8.861526489257812,
  "0x525b": 1.232917070388794,
  "0x5ae8": 1.0171737670898438,
  "0x5ae9": 0.5852749943733215,
  "0x6286": 4.287718772888184,
  "0x6287": 2.818596839904785,
  "0x683a": 0.10697150975465775,
  "0x683b": 1.3872522115707397,
  "0x6cfc": 9.577834129333496,
  "0x6cfd": 2.5194716453552246,
  "0x7272": 8.397294998168945,
  "0x7273": 2.8004238605499268,
  "0x76f6": 9.013097763061523,
  "0x76f7": 1.6879525184631348
}