{
  "0x306a": 6.2064971923828125,
  "0x306b": 2.5968897342681885,
  "0x3d40": 8.498377799987793,
  "0x3d41": 3.8020923137664795,
  "0x48a8": 3.109100818634033,
  "0x48a9": 2.7904841899871826,
  "0x5320": 8.581547737121582,
  "0x5321": 3.0131545066833496,
  "0x5bae": 6.794653415679932,
  "0x5baf": 1.8006824254989624,
  "0x634c": 3.404768943786621,
  "0x634d": 0.09758145362138748,
  "0x6900": 2.5929393768310547,
  "0x6901": 2.1380178928375244,
  "0x6dc2": 2.9998934268951416,
  "0x6dc3": 1.4974873065948486,
  "0x7338": 2.513174533843994,
  "0x7339": 2.885753631591797,
  "0x77bc": 5.402708530426025,
  "0x77bd": 2.1948397159576416,
  "0x306c": 6.2064971923828125,
  "0x306d": 2.5968897342681885,
  "0x3d42": 8.498377799987793,
  "0x3d43": 3.8020923137664795,
  "0x48aa": 3.109100818634033,
  "0x48ab": 2.7904841899871826,
  "0x5322": 8.581547737121582,
  "0x5323": 3.0131545066833496,
  "0x5bb0": 6.794653415679932,
  "0x5bb1": 1.8006824254989624,
  "0x634e": 3.404768943786621,
  "0x634f": 1.897412896156311,
  "0x6902": 2.5929393768310547,
  "0x6903": 2.1380178928375244,
  "0x6dc4": 2.9998934268951416,
  "0x6dc5": 1.4974873065948486,
  "0x733a": 2.513174533843994,
  "0x733b": 2.885753631591797,
  "0x77be": 5.402708530426025,
  "0x77bf": 2.1948397159576416,
  "0x306e": 6.2064971923828125,
  "0x306f": 2.5968897342681885,
  "0x3d44": 8.498377799987793,
  "0x3d45": 3.8020923137664795,
  "0x48ac": 3.235769271850586,
  "0x48ad": 2.7499797344207764,
  "0x5324": 8.581547737121582,
  "0x5325": 3.0131545066833496,
  "0x5bb2": 6.794653415679932,
  "0x5bb3": 1.8006824254989624,
  "0x6350": 3.404768943786621,
  "0x6351": 1.897412896156311,
  "0x6904": 2.5929393768310547,
  "0x6905": 2.1380178928375244,
  "0x6dc6": 2.9998934268951416,
  "0x6dc7": 1.4974873065948486,
  "0x733c": 2.513174533843994,
  "0x733d": 0.37211504578590393,
  "0x77c0": 5.402708530426025,
  "0x77c1": 2.1948397159576416,
  "0x3070": 6.2064971923828125,
  "0x3071": 2.5968897342681885,
  "0x3d46": 8.498377799987793,
  "0x3d47": 3.8020923137664795,
  "0x48ae": 3.235769271850586,
  "0x48af": 2.7499797344207764,
  "0x5326": 8.581547737121582,
  "0x5327": 3.0131545066833496,
  "0x5bb4": 6.794653415679932,
  "0x5bb5": 1.8006824254989624,
  "0x6352": 3.404768943786621,
  "0x6353": 1.897412896156311,
  "0x6906": 2.5929393768310547,
  "0x6907": 2.1380178928375244,
  "0x6dc8": 2.992551803588867,
  "0x6dc9": 1.5012906789779663,
  "0x733e": 2.513174533843994,
  "0x733f": 2.885753631591797,
  "0x77c2": 5.402708530426025,
  "0x77c3": 2.1948397159576416,
  "0x3072": 6.2064971923828125,
  "0x3073": 2.5968897342681885,
  "0x3d48": 8.498377799987793,
  "0x3d49": 3.8020923137664795,
  "0x48b0": 3.235769271850586,
  "0x48b1": 2.7499797344207764,
  "0x5328": 8.581547737121582,
  "0x5329": 3.0131545066833496,
  "0x5bb6": 6.794653415679932,
  "0x5bb7": 1.8006824254989624,
  "0x6354": 3.404768943786621,
  "0x6355": 1.897412896156311,
  "0x6908": 2.5929393768310547,
  "0x6909": 2.1380178928375244,
  "0x6dca": 2.992551803588867,
  "0x6dcb": 1.5012906789779663,
  "0x7340": 2.513174533843994,
  "0x7341": 2.885753631591797,
  "0x77c4": 5.402708530426025,
  "0x77c5": 2.1948397159576416,
  "0x3074": 6.2064971923828125,
  "0x3075": 2.5968897342681885,
  "0x3d4a": 8.498377799987793,
  "0x3d4b": 3.8020923137664795,
  "0x48b2": 3.235769271850586,
  "0x48b3": 2.7499797344207764,
  "0x532a": 8.581547737121582,
  "0x532b": 0.06275103986263275,
  "0x5bb8": 6.794653415679932,
  "0x5bb9": 0.002051880583167076,
  "0x6356": 3.404768943786621,
  "0x6357": 1.897412896156311,
  "0x690a": 2.5929393768310547,
  "0x690b": 2.1380178928375244,
  "0x6dcc": 2.992551803588867,
  "0x6dcd": 1.5012906789779663,
  "0x7342": 2.513174533843994,
  "0x7343": 2.885753631591797,
  "0x77c6": 5.402708530426025,
  "0x77c7": 2.1948397159576416,
  "0x3076": 6.2064971923828125,
  "0x3077": 2.5968897342681885,
  "0x3d4c": 8.498377799987793,
  "0x3d4d": 3.8020923137664795,
  "0x48b4": 3.235769271850586,
  "0x48b5": 2.7499797344207764,
  "0x532c": 8.581547737121582,
  "0x532d": 3.0131545066833496,
  "0x5bba": 6.430901527404785,
  "0x5bbb": 1.8006824254989624,
  "0x6358": 3.404768943786621,
  "0x6359": 0.09758145362138748,
  "0x690c": 2.5929393768310547,
  "0x690d": 2.1380178928375244,
  "0x6dce": 2.992551803588867,
  "0x6dcf": 1.5012906789779663,
  "0x7344": 2.513174533843994,
  "0x7345": 0.37211504578590393,
  "0x77c8": 5.402708530426025,
  "0x77c9": 2.1948397159576416
}