{
  "0x2f28": 4.897794723510742,
  "0x2f29": 2.3456342220306396,
  "0x3bfe": 8.055939674377441,
  "0x3bff": 3.7011775970458984,
  "0x4766": 6.226162433624268,
  "0x4767": 2.702383041381836,
  "0x51de": 6.5847907066345215,
  "0x51df": 3.2419488430023193,
  "0x5a6c": 5.098604202270508,
  "0x5a6d": 1.4728056192398071,
  "0x620a": 4.5060625076293945,
  "0x620b": 2.2268118858337402,
  "0x67be": 4.166930198669434,
  "0x67bf": 1.4345914125442505,
  "0x6c80": 7.519430160522461,
  "0x6c81": 3.3230576515197754,
  "0x71f6": 6.588804244995117,
  "0x71f7": 3.3439998626708984,
  "0x2f2a": 4.898172378540039,
  "0x2f2b": 2.3443381786346436,
  "0x3c00": 8.057384490966797,
  "0x3c01": 3.6979026794433594,
  "0x4768": 6.251190185546875,
  "0x4769": 2.70660400390625,
  "0x51e0": 6.562864780426025,
  "0x51e1": 3.256944417953491,
  "0x5a6e": 5.096392631530762,
  "0x5a6f": 1.474036693572998,
  "0x620c": 4.506661891937256,
  "0x620d": 2.2280428409576416,
  "0x67c0": 4.167529582977295,
  "0x67c1": 1.435822606086731,
  "0x6c82": 7.526427268981934,
  "0x6c83": 3.330686092376709,
  "0x71f8": 6.503016471862793,
  "0x71f9": 3.3439998626708984,
  "0x2f2c": 4.899436950683594,
  "0x2f2d": 2.700153112411499,
  "0x3c02": 8.057646751403809,
  "0x3c03": 3.698164939880371,
  "0x476a": 6.230877876281738,
  "0x476b": 2.6972084045410156,
  "0x51e2": 6.550740718841553,
  "0x51e3": 3.3373680114746094,
  "0x5a70": 5.0991106033325195,
  "0x5a71": 1.4020655155181885,
  "0x620e": 4.498132705688477,
  "0x620f": 2.35589337348938,
  "0x67c2": 4.157567977905273,
  "0x67c3": 1.4091099500656128,
  "0x6c84": 7.516465663909912,
  "0x6c85": 3.303973436355591,
  "0x71fa": 6.5503926277160645,
  "0x71fb": 3.3476648330688477,
  "0x2f2e": 4.899436950683594,
  "0x2f2f": 2.700153112411499,
  "0x3c04": 8.057646751403809,
  "0x3c05": 3.698164939880371,
  "0x476c": 6.230877876281738,
  "0x476d": 2.6972084045410156,
  "0x51e4": 6.550740718841553,
  "0x51e5": 3.3373680114746094,
  "0x5a72": 5.0991106033325195,
  "0x5a73": 1.4020655155181885,
  "0x6210": 4.498132705688477,
  "0x6211": 2.35589337348938,
  "0x67c4": 4.157567977905273,
  "0x67c5": 1.4091099500656128,
  "0x6c86": 7.2724432945251465,
  "0x6c87": 3.303973436355591,
  "0x71fc": 6.5503926277160645,
  "0x71fd": 3.3476648330688477,
  "0x2f30": 4.899436950683594,
  "0x2f31": 2.700153112411499,
  "0x3c06": 8.057646751403809,
  "0x3c07": 3.698164939880371,
  "0x476e": 6.230877876281738,
  "0x476f": 2.6972084045410156,
  "0x51e6": 6.537512302398682,
  "0x51e7": 3.2836742401123047,
  "0x5a74": 5.0991106033325195,
  "0x5a75": 1.4020655155181885,
  "0x6212": 4.498132705688477,
  "0x6213": 2.35589337348938,
  "0x67c6": 4.157567977905273,
  "0x67c7": 1.4091099500656128,
  "0x6c88": 7.2724432945251465,
  "0x6c89": 3.303973436355591,
  "0x71fe": 6.5503926277160645,
  "0x71ff": 3.3476648330688477,
  "0x2f32": 4.922885894775391,
  "0x2f33": 2.6885688304901123,
  "0x3c08": 8.057646751403809,
  "0x3c09": 3.698164939880371,
  "0x4770": 6.230877876281738,
  "0x4771": 2.6972084045410156,
  "0x51e8": 6.537512302398682,
  "0x51e9": 3.2836742401123047,
  "0x5a76": 5.0991106033325195,
  "0x5a77": 1.4020655155181885,
  "0x6214": 4.498132705688477,
  "0x6215": 2.35589337348938,
  "0x67c8": 4.157567977905273,
  "0x67c9": 1.4091099500656128,
  "0x6c8a": 7.2724432945251465,
  "0x6c8b": 3.303973436355591,
  "0x7200": 6.5503926277160645,
  "0x7201": 3.3476648330688477,
  "0x2f34": 4.907583236694336,
  "0x2f35": 2.4254119396209717,
  "0x3c0a": 8.057646751403809,
  "0x3c0b": 3.698164939880371,
  "0x4772": 6.230877876281738,
  "0x4773": 2.6972084045410156,
  "0x51ea": 6.537512302398682,
  "0x51eb": 3.2836742401123047,
  "0x5a78": 5.0991106033325195,
  "0x5a79": 1.4020655155181885,
  "0x6216": 4.498132705688477,
  "0x6217": 2.35589337348938,
  "0x67ca": 4.157567977905273,
  "0x67cb": 1.4091099500656128,
  "0x6c8c": 7.297423839569092,
  "0x6c8d": 3.302488088607788,
  "0x7202": 6.5503926277160645,
  "0x7203": 3.3476648330688477
}