{
  "date.value": {
    "0x2bfc": 1.553472e+18,
    "0x2bfd": 1.553472e+18,
    "0x38d2": 1.553472e+18,
    "0x38d3": 1.553472e+18,
    "0x443a": 1.553472e+18,
    "0x443b": 1.553472e+18,
    "0x4eb2": 1.553472e+18,
    "0x4eb3": 1.553472e+18,
    "0x5740": 1.553472e+18,
    "0x5741": 1.553472e+18,
    "0x2bfe": 1.5535584e+18,
    "0x2bff": 1.5535584e+18,
    "0x38d4": 1.5535584e+18,
    "0x38d5": 1.5535584e+18,
    "0x443c": 1.5535584e+18,
    "0x443d": 1.5535584e+18,
    "0x4eb4": 1.5535584e+18,
    "0x4eb5": 1.5535584e+18,
    "0x5742": 1.5535584e+18,
    "0x5743": 1.5535584e+18,
    "0x2c00": 1.5536448e+18,
    "0x2c01": 1.5536448e+18,
    "0x38d6": 1.5536448e+18,
    "0x38d7": 1.5536448e+18,
    "0x443e": 1.5536448e+18,
    "0x443f": 1.5536448e+18,
    "0x4eb6": 1.5536448e+18,
    "0x4eb7": 1.5536448e+18,
    "0x5744": 1.5536448e+18,
    "0x5745": 1.5536448e+18,
    "0x2c02": 1.5537312e+18,
    "0x2c03": 1.5537312e+18,
    "0x38d8": 1.5537312e+18,
    "0x38d9": 1.5537312e+18,
    "0x4440": 1.5537312e+18,
    "0x4441": 1.5537312e+18,
    "0x4eb8": 1.5537312e+18,
    "0x4eb9": 1.5537312e+18,
    "0x5746": 1.5537312e+18,
    "0x5747": 1.5537312e+18,
    "0x2c04": 1.5538176e+18,
    "0x2c05": 1.5538176e+18,
    "0x38da": 1.5538176e+18,
    "0x38db": 1.5538176e+18,
    "0x4442": 1.5538176e+18,
    "0x4443": 1.5538176e+18,
    "0x4eba": 1.5538176e+18,
    "0x4ebb": 1.5538176e+18,
    "0x5748": 1.5538176e+18,
    "0x5749": 1.5538176e+18,
    "0x2c06": 1.553904e+18,
    "0x2c07": 1.553904e+18,
    "0x38dc": 1.553904e+18,
    "0x38dd": 1.553904e+18,
    "0x4444": 1.553904e+18,
    "0x4445": 1.553904e+18,
    "0x4ebc": 1.553904e+18,
    "0x4ebd": 1.553904e+18,
    "0x574a": 1.553904e+18,
    "0x574b": 1.553904e+18,
    "0x2c08": 1.5539904e+18,
    "0x2c09": 1.5539904e+18,
    "0x38de": 1.5539904e+18,
    "0x38df": 1.5539904e+18,
    "0x4446": 1.5539904e+18,
    "0x4447": 1.5539904e+18,
    "0x4ebe": 1.5539904e+18,
    "0x4ebf": 1.5539904e+18,
    "0x574c": 1.5539904e+18,
    "0x574d": 1.5539904e+18
  },
  "warehouse_ID.value": {
    "0x2bfc": 0.1,
    "0x2bfd": 0.1,
    "0x38d2": 0.30000000000000004,
    "0x38d3": 0.30000000000000004,
    "0x443a": 0.5,
    "0x443b": 0.5,
    "0x4eb2": 0.7000000000000001,
    "0x4eb3": 0.7000000000000001,
    "0x5740": 0.9,
    "0x5741": 0.9,
    "0x2bfe": 0.1,
    "0x2bff": 0.1,
    "0x38d4": 0.30000000000000004,
    "0x38d5": 0.30000000000000004,
    "0x443c": 0.5,
    "0x443d": 0.5,
    "0x4eb4": 0.7000000000000001,
    "0x4eb5": 0.7000000000000001,
    "0x5742": 0.9,
    "0x5743": 0.9,
    "0x2c00": 0.1,
    "0x2c01": 0.1,
    "0x38d6": 0.30000000000000004,
    "0x38d7": 0.30000000000000004,
    "0x443e": 0.5,
    "0x443f": 0.5,
    "0x4eb6": 0.7000000000000001,
    "0x4eb7": 0.7000000000000001,
    "0x5744": 0.9,
    "0x5745": 0.9,
    "0x2c02": 0.1,
    "0x2c03": 0.1,
    "0x38d8": 0.30000000000000004,
    "0x38d9": 0.30000000000000004,
    "0x4440": 0.5,
    "0x4441": 0.5,
    "0x4eb8": 0.7000000000000001,
    "0x4eb9": 0.7000000000000001,
    "0x5746": 0.9,
    "0x5747": 0.9,
    "0x2c04": 0.1,
    "0x2c05": 0.1,
    "0x38da": 0.30000000000000004,
    "0x38db": 0.30000000000000004,
    "0x4442": 0.5,
    "0x4443": 0.5,
    "0x4eba": 0.7000000000000001,
    "0x4ebb": 0.7000000000000001,
    "0x5748": 0.9,
    "0x5749": 0.9,
    "0x2c06": 0.1,
    "0x2c07": 0.1,
    "0x38dc": 0.30000000000000004,
    "0x38dd": 0.30000000000000004,
    "0x4444": 0.5,
    "0x4445": 0.5,
    "0x4ebc": 0.7000000000000001,
    "0x4ebd": 0.7000000000000001,
    "0x574a": 0.9,
    "0x574b": 0.9,
    "0x2c08": 0.1,
    "0x2c09": 0.1,
    "0x38de": 0.30000000000000004,
    "0x38df": 0.30000000000000004,
    "0x4446": 0.5,
    "0x4447": 0.5,
    "0x4ebe": 0.7000000000000001,
    "0x4ebf": 0.7000000000000001,
    "0x574c": 0.9,
    "0x574d": 0.9
  },
  "Product_Type.value": {
    "0x2bfc": 0.25,
    "0x2bfd": 0.75,
    "0x38d2": 0.25,
    "0x38d3": 0.75,
    "0x443a": 0.25,
    "0x443b": 0.75,
    "0x4eb2": 0.25,
    "0x4eb3": 0.75,
    "0x5740": 0.25,
    "0x5741": 0.75,
    "0x2bfe": 0.25,
    "0x2bff": 0.75,
    "0x38d4": 0.25,
    "0x38d5": 0.75,
    "0x443c": 0.25,
    "0x443d": 0.75,
    "0x4eb4": 0.25,
    "0x4eb5": 0.75,
    "0x5742": 0.25,
    "0x5743": 0.75,
    "0x2c00": 0.25,
    "0x2c01": 0.75,
    "0x38d6": 0.25,
    "0x38d7": 0.75,
    "0x443e": 0.25,
    "0x443f": 0.75,
    "0x4eb6": 0.25,
    "0x4eb7": 0.75,
    "0x5744": 0.25,
    "0x5745": 0.75,
    "0x2c02": 0.25,
    "0x2c03": 0.75,
    "0x38d8": 0.25,
    "0x38d9": 0.75,
    "0x4440": 0.25,
    "0x4441": 0.75,
    "0x4eb8": 0.25,
    "0x4eb9": 0.75,
    "0x5746": 0.25,
    "0x5747": 0.75,
    "0x2c04": 0.25,
    "0x2c05": 0.75,
    "0x38da": 0.25,
    "0x38db": 0.75,
    "0x4442": 0.25,
    "0x4443": 0.75,
    "0x4eba": 0.25,
    "0x4ebb": 0.75,
    "0x5748": 0.25,
    "0x5749": 0.75,
    "0x2c06": 0.25,
    "0x2c07": 0.75,
    "0x38dc": 0.25,
    "0x38dd": 0.75,
    "0x4444": 0.25,
    "0x4445": 0.75,
    "0x4ebc": 0.25,
    "0x4ebd": 0.75,
    "0x574a": 0.25,
    "0x574b": 0.75,
    "0x2c08": 0.25,
    "0x2c09": 0.75,
    "0x38de": 0.25,
    "0x38df": 0.75,
    "0x4446": 0.25,
    "0x4447": 0.75,
    "0x4ebe": 0.25,
    "0x4ebf": 0.75,
    "0x574c": 0.25,
    "0x574d": 0.75
  },
  "year.value": {
    "0x2bfc": 2019,
    "0x2bfd": 2019,
    "0x38d2": 2019,
    "0x38d3": 2019,
    "0x443a": 2019,
    "0x443b": 2019,
    "0x4eb2": 2019,
    "0x4eb3": 2019,
    "0x5740": 2019,
    "0x5741": 2019,
    "0x2bfe": 2019,
    "0x2bff": 2019,
    "0x38d4": 2019,
    "0x38d5": 2019,
    "0x443c": 2019,
    "0x443d": 2019,
    "0x4eb4": 2019,
    "0x4eb5": 2019,
    "0x5742": 2019,
    "0x5743": 2019,
    "0x2c00": 2019,
    "0x2c01": 2019,
    "0x38d6": 2019,
    "0x38d7": 2019,
    "0x443e": 2019,
    "0x443f": 2019,
    "0x4eb6": 2019,
    "0x4eb7": 2019,
    "0x5744": 2019,
    "0x5745": 2019,
    "0x2c02": 2019,
    "0x2c03": 2019,
    "0x38d8": 2019,
    "0x38d9": 2019,
    "0x4440": 2019,
    "0x4441": 2019,
    "0x4eb8": 2019,
    "0x4eb9": 2019,
    "0x5746": 2019,
    "0x5747": 2019,
    "0x2c04": 2019,
    "0x2c05": 2019,
    "0x38da": 2019,
    "0x38db": 2019,
    "0x4442": 2019,
    "0x4443": 2019,
    "0x4eba": 2019,
    "0x4ebb": 2019,
    "0x5748": 2019,
    "0x5749": 2019,
    "0x2c06": 2019,
    "0x2c07": 2019,
    "0x38dc": 2019,
    "0x38dd": 2019,
    "0x4444": 2019,
    "0x4445": 2019,
    "0x4ebc": 2019,
    "0x4ebd": 2019,
    "0x574a": 2019,
    "0x574b": 2019,
    "0x2c08": 2019,
    "0x2c09": 2019,
    "0x38de": 2019,
    "0x38df": 2019,
    "0x4446": 2019,
    "0x4447": 2019,
    "0x4ebe": 2019,
    "0x4ebf": 2019,
    "0x574c": 2019,
    "0x574d": 2019
  },
  "month.value": {
    "0x2bfc": 3,
    "0x2bfd": 3,
    "0x38d2": 3,
    "0x38d3": 3,
    "0x443a": 3,
    "0x443b": 3,
    "0x4eb2": 3,
    "0x4eb3": 3,
    "0x5740": 3,
    "0x5741": 3,
    "0x2bfe": 3,
    "0x2bff": 3,
    "0x38d4": 3,
    "0x38d5": 3,
    "0x443c": 3,
    "0x443d": 3,
    "0x4eb4": 3,
    "0x4eb5": 3,
    "0x5742": 3,
    "0x5743": 3,
    "0x2c00": 3,
    "0x2c01": 3,
    "0x38d6": 3,
    "0x38d7": 3,
    "0x443e": 3,
    "0x443f": 3,
    "0x4eb6": 3,
    "0x4eb7": 3,
    "0x5744": 3,
    "0x5745": 3,
    "0x2c02": 3,
    "0x2c03": 3,
    "0x38d8": 3,
    "0x38d9": 3,
    "0x4440": 3,
    "0x4441": 3,
    "0x4eb8": 3,
    "0x4eb9": 3,
    "0x5746": 3,
    "0x5747": 3,
    "0x2c04": 3,
    "0x2c05": 3,
    "0x38da": 3,
    "0x38db": 3,
    "0x4442": 3,
    "0x4443": 3,
    "0x4eba": 3,
    "0x4ebb": 3,
    "0x5748": 3,
    "0x5749": 3,
    "0x2c06": 3,
    "0x2c07": 3,
    "0x38dc": 3,
    "0x38dd": 3,
    "0x4444": 3,
    "0x4445": 3,
    "0x4ebc": 3,
    "0x4ebd": 3,
    "0x574a": 3,
    "0x574b": 3,
    "0x2c08": 3,
    "0x2c09": 3,
    "0x38de": 3,
    "0x38df": 3,
    "0x4446": 3,
    "0x4447": 3,
    "0x4ebe": 3,
    "0x4ebf": 3,
    "0x574c": 3,
    "0x574d": 3
  },
  "is_weekend.value": {
    "0x2bfc": 0.35714285714285715,
    "0x2bfd": 0.35714285714285715,