{
  "0x2bfc": 7.200134754180908,
  "0x2bfd": 3.5997416973114014,
  "0x38d2": 9.396477699279785,
  "0x38d3": 4.40330171585083,
  "0x443a": 7.306162357330322,
  "0x443b": 4.492295265197754,
  "0x4eb2": 8.892348289489746,
  "0x4eb3": 3.8020925521850586,
  "0x5740": 5.805397987365723,
  "0x5741": 3.2991442680358887,
  "0x2bfe": 7.200134754180908,
  "0x2bff": 3.5997416973114014,
  "0x38d4": 9.396477699279785,
  "0x38d5": 4.40330171585083,
  "0x443c": 7.306162357330322,
  "0x443d": 4.492295265197754,
  "0x4eb4": 8.892348289489746,
  "0x4eb5": 3.8020925521850586,
  "0x5742": 5.805397987365723,
  "0x5743": 3.2991442680358887,
  "0x2c00": 7.200134754180908,
  "0x2c01": 3.5997416973114014,
  "0x38d6": 9.396477699279785,
  "0x38d7": 4.40330171585083,
  "0x443e": 7.306162357330322,
  "0x443f": 4.492295265197754,
  "0x4eb6": 8.892348289489746,
  "0x4eb7": 3.8020925521850586,
  "0x5744": 5.805397987365723,
  "0x5745": 3.2991442680358887,
  "0x2c02": 7.200134754180908,
  "0x2c03": 3.5997416973114014,
  "0x38d8": 9.396477699279785,
  "0x38d9": 4.40330171585083,
  "0x4440": 7.306162357330322,
  "0x4441": 4.492295265197754,
  "0x4eb8": 8.892348289489746,
  "0x4eb9": 3.8020925521850586,
  "0x5746": 5.805397987365723,
  "0x5747": 3.2991442680358887,
  "0x2c04": 7.200134754180908,
  "0x2c05": 3.5997416973114014,
  "0x38da": 9.396477699279785,
  "0x38db": 4.40330171585083,
  "0x4442": 7.306162357330322,
  "0x4443": 4.492295265197754,
  "0x4eba": 8.892348289489746,
  "0x4ebb": 3.8020925521850586,
  "0x5748": 5.805397987365723,
  "0x5749": 3.2991442680358887,
  "0x2c06": 7.200134754180908,
  "0x2c07": 3.5997416973114014,
  "0x38dc": 9.396477699279785,
  "0x38dd": 4.40330171585083,
  "0x4444": 7.306162357330322,
  "0x4445": 4.492295265197754,
  "0x4ebc": 8.892348289489746,
  "0x4ebd": 3.8020925521850586,
  "0x574a": 5.805397987365723,
  "0x574b": 3.2991442680358887,
  "0x2c08": 7.200134754180908,
  "0x2c09": 3.5997416973114014,
  "0x38de": 9.396477699279785,
  "0x38df": 4.40330171585083,
  "0x4446": 7.306162357330322,
  "0x4447": 4.492295265197754,
  "0x4ebe": 8.892348289489746,
  "0x4ebf": 3.8020925521850586,
  "0x574c": 5.805397987365723,
  "0x574d": 3.2991442680358887
}