{
  "0x3040": 3.702838182449341,
  "0x3041": 2.102074384689331,
  "0x3d16": 7.600961685180664,
  "0x3d17": 3.8931150436401367,
  "0x487e": 8.377602577209473,
  "0x487f": 0.721225917339325,
  "0x52f6": 8.35737133026123,
  "0x52f7": 0.43760234117507935,
  "0x5b84": 4.899880886077881,
  "0x5b85": -0.16003957390785217,
  "0x6322": 4.505380153656006,
  "0x6323": 2.8935387134552,
  "0x68d6": 3.833031415939331,
  "0x68d7": 0.2319561243057251,
  "0x6d98": 4.131582260131836,
  "0x6d99": 3.8707339763641357,
  "0x730e": 7.987881183624268,
  "0x730f": 1.4125494956970215,
  "0x7792": 3.6047918796539307,
  "0x7793": 0.7002338767051697,
  "0x3042": 3.702838182449341,
  "0x3043": 2.102074384689331,
  "0x3d18": 7.600961685180664,
  "0x3d19": 3.8931150436401367,
  "0x4880": 6.050170421600342,
  "0x4881": 0.721225917339325,
  "0x52f8": 8.35737133026123,
  "0x52f9": 0.43760234117507935,
  "0x5b86": 4.899880886077881,
  "0x5b87": -0.16003957390785217,
  "0x6324": 4.505380153656006,
  "0x6325": 2.8935387134552,
  "0x68d8": 3.833031415939331,
  "0x68d9": 0.2319561243057251,
  "0x6d9a": 4.131582260131836,
  "0x6d9b": 3.8707339763641357,
  "0x7310": 7.987881183624268,
  "0x7311": 1.4125494956970215,
  "0x7794": 3.6047918796539307,
  "0x7795": 0.7002338767051697,
  "0x3044": 3.702838182449341,
  "0x3045": 2.102074384689331,
  "0x3d1a": 7.600961685180664,
  "0x3d1b": 3.8931150436401367,
  "0x4882": 6.050170421600342,
  "0x4883": 0.721225917339325,
  "0x52fa": 8.35737133026123,
  "0x52fb": 0.43760234117507935,
  "0x5b88": 4.899880886077881,
  "0x5b89": 0.7038291692733765,
  "0x6326": 4.505380153656006,
  "0x6327": 2.8935387134552,
  "0x68da": 3.833031415939331,
  "0x68db": 0.2319561243057251,
  "0x6d9c": 4.131582260131836,
  "0x6d9d": 3.8707339763641357,
  "0x7312": 7.987881183624268,
  "0x7313": 1.4125494956970215,
  "0x7796": 3.6047918796539307,
  "0x7797": 0.7002338767051697,
  "0x3046": 3.702838182449341,
  "0x3047": 2.102074384689331,
  "0x3d1c": 7.600961685180664,
  "0x3d1d": 3.8931150436401367,
  "0x4884": 6.050170421600342,
  "0x4885": 0.721225917339325,
  "0x52fc": 8.35737133026123,
  "0x52fd": 0.43760234117507935,
  "0x5b8a": 4.899880886077881,
  "0x5b8b": 0.7038291692733765,
  "0x6328": 4.505380153656006,
  "0x6329": 2.8935387134552,
  "0x68dc": 3.833031415939331,
  "0x68dd": 0.2319561243057251,
  "0x6d9e": 4.131582260131836,
  "0x6d9f": 3.8707339763641357,
  "0x7314": 7.987881183624268,
  "0x7315": 1.4125494956970215,
  "0x7798": 3.6047918796539307,
  "0x7799": 0.7002338767051697,
  "0x3048": 3.702838182449341,
  "0x3049": 2.102074384689331,
  "0x3d1e": 7.600961685180664,
  "0x3d1f": 3.8931150436401367,
  "0x4886": 6.050170421600342,
  "0x4887": 0.721225917339325,
  "0x52fe": 8.35737133026123,
  "0x52ff": 0.43760234117507935,
  "0x5b8c": 4.899880886077881,
  "0x5b8d": 0.7038291692733765,
  "0x632a": 4.505380153656006,
  "0x632b": 1.0861185789108276,
  "0x68de": 3.833031415939331,
  "0x68df": 0.2319561243057251,
  "0x6da0": 4.131582260131836,
  "0x6da1": 3.8707339763641357,
  "0x7316": 7.987881183624268,
  "0x7317": 1.4125494956970215,
  "0x779a": 3.6047918796539307,
  "0x779b": 0.7002338767051697,
  "0x304a": 3.702838182449341,
  "0x304b": 2.102074384689331,
  "0x3d20": 7.600961685180664,
  "0x3d21": 3.8931150436401367,
  "0x4888": 6.050170421600342,
  "0x4889": 0.721225917339325,
  "0x5300": 8.35737133026123,
  "0x5301": 0.43760234117507935,
  "0x5b8e": 4.899880886077881,
  "0x5b8f": 0.7038291692733765,
  "0x632c": 4.505380153656006,
  "0x632d": 2.8935387134552,
  "0x68e0": 3.833031415939331,
  "0x68e1": -0.38083603978157043,
  "0x6da2": 4.131582260131836,
  "0x6da3": 0.9671754240989685,
  "0x7318": 7.987881183624268,
  "0x7319": 1.4125494956970215,
  "0x779c": 3.6047918796539307,
  "0x779d": 0.7002338767051697,
  "0x304c": 3.702838182449341,
  "0x304d": 0.30939021706581116,
  "0x3d22": 7.600961685180664,
  "0x3d23": 3.8931150436401367,
  "0x488a": 6.050170421600342,
  "0x488b": 0.721225917339325,
  "0x5302": 8.35737133026123,
  "0x5303": 0.43760234117507935,
  "0x5b90": 4.899880886077881,
  "0x5b91": 0.7038291692733765,
  "0x632e": 4.489542007446289,
  "0x632f": 2.8935387134552,
  "0x68e2": 3.833031415939331,
  "0x68e3": -0.38083603978157043,
  "0x6da4": 4.131582260131836,
  "0x6da5": 3.8707339763641357,
  "0x731a": 7.987881183624268,
  "0x731b": 1.4125494956970215,
  "0x779e": 3.6047918796539307,
  "0x779f": 0.7002338767051697
}