{
  "0x2cb2": 7.600743770599365,
  "0x2cb3": 4.499496936798096,
  "0x3988": 12.89936637878418,
  "0x3989": 4.898512840270996,
  "0x44f0": 9.19926929473877,
  "0x44f1": 4.402714729309082,
  "0x4f68": 9.399056434631348,
  "0x4f69": 4.900454044342041,
  "0x57f6": 6.642176628112793,
  "0x57f7": 3.6112802028656006,
  "0x5f94": 7.3964948654174805,
  "0x5f95": 4.101195812225342,
  "0x2cb4": 7.600743770599365,
  "0x2cb5": 4.499496936798096,
  "0x398a": 12.89936637878418,
  "0x398b": 4.898512840270996,
  "0x44f2": 9.19926929473877,
  "0x44f3": 4.402714729309082,
  "0x4f6a": 9.399056434631348,
  "0x4f6b": 4.900454044342041,
  "0x57f8": 6.642176628112793,
  "0x57f9": 3.6112802028656006,
  "0x5f96": 7.3964948654174805,
  "0x5f97": 4.101195812225342,
  "0x2cb6": 7.600743770599365,
  "0x2cb7": 4.499496936798096,
  "0x398c": 12.89936637878418,
  "0x398d": 4.898512840270996,
  "0x44f4": 9.19926929473877,
  "0x44f5": 4.402714729309082,
  "0x4f6c": 9.399056434631348,
  "0x4f6d": 4.900454044342041,
  "0x57fa": 6.642176628112793,
  "0x57fb": 3.6112802028656006,
  "0x5f98": 7.3964948654174805,
  "0x5f99": 4.101195812225342,
  "0x2cb8": 7.600743770599365,
  "0x2cb9": 4.499496936798096,
  "0x398e": 12.89936637878418,
  "0x398f": 4.898512840270996,
  "0x44f6": 9.19926929473877,
  "0x44f7": 4.402714729309082,
  "0x4f6e": 9.399056434631348,
  "0x4f6f": 4.900454044342041,
  "0x57fc": 6.642176628112793,
  "0x57fd": 3.6112802028656006,
  "0x5f9a": 7.3964948654174805,
  "0x5f9b": 4.101195812225342,
  "0x2cba": 7.600743770599365,
  "0x2cbb": 4.499496936798096,
  "0x3990": 12.89936637878418,
  "0x3991": 4.898512840270996,
  "0x44f8": 9.19926929473877,
  "0x44f9": 4.402714729309082,
  "0x4f70": 9.399056434631348,
  "0x4f71": 4.900454044342041,
  "0x57fe": 6.642176628112793,
  "0x57ff": 3.6112802028656006,
  "0x5f9c": 7.3964948654174805,
  "0x5f9d": 4.101195812225342,
  "0x2cbc": 7.600743770599365,
  "0x2cbd": 4.499496936798096,
  "0x3992": 12.89936637878418,
  "0x3993": 4.898512840270996,
  "0x44fa": 9.19926929473877,
  "0x44fb": 4.402714729309082,
  "0x4f72": 9.399056434631348,
  "0x4f73": 4.900454044342041,
  "0x5800": 6.642176628112793,
  "0x5801": 3.6112802028656006,
  "0x5f9e": 7.3964948654174805,
  "0x5f9f": 4.101195812225342,
  "0x2cbe": 7.600743770599365,
  "0x2cbf": 4.499496936798096,
  "0x3994": 12.89936637878418,
  "0x3995": 4.898512840270996,
  "0x44fc": 9.19926929473877,
  "0x44fd": 4.402714729309082,
  "0x4f74": 9.399056434631348,
  "0x4f75": 4.900454044342041,
  "0x5802": 6.642176628112793,
  "0x5803": 3.6112802028656006,
  "0x5fa0": 7.3964948654174805,
  "0x5fa1": 4.101195812225342
}