{
  "0x2f28": 4.898624420166016,
  "0x2f29": 2.346900463104248,
  "0x3bfe": 8.054965019226074,
  "0x3bff": 3.6992225646972656,
  "0x4766": 6.212815761566162,
  "0x4767": 2.7107722759246826,
  "0x51de": 6.584761619567871,
  "0x51df": 3.237217426300049,
  "0x5a6c": 5.0931854248046875,
  "0x5a6d": 1.473628282546997,
  "0x620a": 4.506087779998779,
  "0x620b": 2.227900981903076,
  "0x67be": 4.168153762817383,
  "0x67bf": 1.4347903728485107,
  "0x6c80": 7.522120475769043,
  "0x6c81": 3.320862054824829,
  "0x71f6": 6.588674545288086,
  "0x71f7": 3.350870132446289,
  "0x2f2a": 4.898624420166016,
  "0x2f2b": 2.346900463104248,
  "0x3c00": 8.054965019226074,
  "0x3c01": 3.6992225646972656,
  "0x4768": 6.239304065704346,
  "0x4769": 2.7107722759246826,
  "0x51e0": 6.541537284851074,
  "0x51e1": 3.250821352005005,
  "0x5a6e": 5.0931854248046875,
  "0x5a6f": 1.473628282546997,
  "0x620c": 4.506087779998779,
  "0x620d": 2.227900981903076,
  "0x67c0": 4.168153762817383,
  "0x67c1": 1.4347903728485107,
  "0x6c82": 7.528517723083496,
  "0x6c83": 3.3272593021392822,
  "0x71f8": 6.502886772155762,
  "0x71f9": 3.350870132446289,
  "0x2f2c": 4.897905349731445,
  "0x2f2d": 2.7019808292388916,
  "0x3c02": 8.057266235351562,
  "0x3c03": 3.69836163520813,
  "0x476a": 6.228068828582764,
  "0x476b": 2.6995370388031006,
  "0x51e2": 6.525025367736816,
  "0x51e3": 3.3370165824890137,
  "0x5a70": 5.099092960357666,
  "0x5a71": 1.401685118675232,
  "0x620e": 4.495105266571045,
  "0x620f": 2.3547518253326416,
  "0x67c2": 4.159219741821289,
  "0x67c3": 1.4070351123809814,
  "0x6c84": 7.517942905426025,
  "0x6c85": 3.3002235889434814,
  "0x71fa": 6.548989295959473,
  "0x71fb": 3.3543529510498047,
  "0x2f2e": 4.897905349731445,
  "0x2f2f": 2.7019808292388916,
  "0x3c04": 8.057266235351562,
  "0x3c05": 3.69836163520813,
  "0x476c": 6.228068828582764,
  "0x476d": 2.6995370388031006,
  "0x51e4": 6.525025367736816,
  "0x51e5": 3.3370165824890137,
  "0x5a72": 5.099092960357666,
  "0x5a73": 1.401685118675232,
  "0x6210": 4.495105266571045,
  "0x6211": 2.3547518253326416,
  "0x67c4": 4.159219741821289,
  "0x67c5": 1.4070351123809814,
  "0x6c86": 7.276176929473877,
  "0x6c87": 3.3002235889434814,
  "0x71fc": 6.548989295959473,
  "0x71fd": 3.3543529510498047,
  "0x2f30": 4.897905349731445,
  "0x2f31": 2.7019808292388916,
  "0x3c06": 8.057266235351562,
  "0x3c07": 3.69836163520813,
  "0x476e": 6.228068828582764,
  "0x476f": 2.6995370388031006,
  "0x51e6": 6.514690399169922,
  "0x51e7": 3.283322811126709,
  "0x5a74": 5.099092960357666,
  "0x5a75": 1.401685118675232,
  "0x6212": 4.495105266571045,
  "0x6213": 2.3547518253326416,
  "0x67c6": 4.159219741821289,
  "0x67c7": 1.4070351123809814,
  "0x6c88": 7.276176929473877,
  "0x6c89": 3.3002235889434814,
  "0x71fe": 6.548989295959473,
  "0x71ff": 3.3543529510498047,
  "0x2f32": 4.914973735809326,
  "0x2f33": 2.691230297088623,
  "0x3c08": 8.057266235351562,
  "0x3c09": 3.69836163520813,
  "0x4770": 6.228068828582764,
  "0x4771": 2.6995370388031006,
  "0x51e8": 6.514690399169922,
  "0x51e9": 3.283322811126709,
  "0x5a76": 5.099092960357666,
  "0x5a77": 1.401685118675232,
  "0x6214": 4.495105266571045,
  "0x6215": 2.3547518253326416,
  "0x67c8": 4.159219741821289,
  "0x67c9": 1.4070351123809814,
  "0x6c8a": 7.276176929473877,
  "0x6c8b": 3.3002235889434814,
  "0x7200": 6.548989295959473,
  "0x7201": 3.3543529510498047,
  "0x2f34": 4.907991886138916,
  "0x2f35": 2.423285484313965,
  "0x3c0a": 8.057266235351562,
  "0x3c0b": 3.69836163520813,
  "0x4772": 6.228068828582764,
  "0x4773": 2.6995370388031006,
  "0x51ea": 6.514690399169922,
  "0x51eb": 3.283322811126709,
  "0x5a78": 5.099092960357666,
  "0x5a79": 1.401685118675232,
  "0x6216": 4.495105266571045,
  "0x6217": 2.3547518253326416,
  "0x67ca": 4.159219741821289,
  "0x67cb": 1.4070351123809814,
  "0x6c8c": 7.3026652336120605,
  "0x6c8d": 3.3002235889434814,
  "0x7202": 6.548989295959473,
  "0x7203": 3.3543529510498047
}