{
  "0x2ffa": 0.9964699745178223,
  "0x2ffb": 1.3036599159240723,
  "0x3cd0": 7.713045120239258,
  "0x3cd1": 2.892939567565918,
  "0x4838": 8.788849830627441,
  "0x4839": 2.9041330814361572,
  "0x52b0": 7.38798713684082,
  "0x52b1": 0.9097406268119812,
  "0x5b3e": 6.792557716369629,
  "0x5b3f": 1.80472731590271,
  "0x62dc": 3.521078586578369,
  "0x62dd": 2.1925504207611084,
  "0x6890": 6.279158115386963,
  "0x6891": 0.8046357035636902,
  "0x6d52": 5.601147174835205,
  "0x6d53": 3.106295108795166,
  "0x72c8": 9.232757568359375,
  "0x72c9": 3.078693389892578,
  "0x774c": 9.287308692932129,
  "0x774d": 3.808741569519043,
  "0x2ffc": 0.9964699745178223,
  "0x2ffd": 1.3036599159240723,
  "0x3cd2": 7.713045120239258,
  "0x3cd3": 2.892939567565918,
  "0x483a": 8.788849830627441,
  "0x483b": 2.9041330814361572,
  "0x52b2": 7.38798713684082,
  "0x52b3": 0.9097406268119812,
  "0x5b40": 6.792557716369629,
  "0x5b41": 1.80472731590271,
  "0x62de": 3.521078586578369,
  "0x62df": 2.1925504207611084,
  "0x6892": 6.279158115386963,
  "0x6893": 0.8046357035636902,
  "0x6d54": 5.601147174835205,
  "0x6d55": 3.106295108795166,
  "0x72ca": 9.232757568359375,
  "0x72cb": 3.078693389892578,
  "0x774e": 9.287308692932129,
  "0x774f": 3.808741569519043,
  "0x2ffe": 0.9964699745178223,
  "0x2fff": 1.3036599159240723,
  "0x3cd4": 7.713045120239258,
  "0x3cd5": 2.892939567565918,
  "0x483c": 8.788849830627441,
  "0x483d": 2.9041330814361572,
  "0x52b4": 7.38798713684082,
  "0x52b5": 0.9097406268119812,
  "0x5b42": 6.792557716369629,
  "0x5b43": 1.80472731590271,
  "0x62e0": 3.521078586578369,
  "0x62e1": 0.49445992708206177,
  "0x6894": 6.279158115386963,
  "0x6895": 0.8046357035636902,
  "0x6d56": 5.601147174835205,
  "0x6d57": 3.106295108795166,
  "0x72cc": 9.232757568359375,
  "0x72cd": 3.078693389892578,
  "0x7750": 9.287308692932129,
  "0x7751": 3.808741569519043,
  "0x3000": 0.9964699745178223,
  "0x3001": 1.3036599159240723,
  "0x3cd6": 7.713045120239258,
  "0x3cd7": 2.892939567565918,
  "0x483e": 8.788849830627441,
  "0x483f": 2.9041330814361572,
  "0x52b6": 7.38798713684082,
  "0x52b7": 0.9097406268119812,
  "0x5b44": 6.792557716369629,
  "0x5b45": 1.80472731590271,
  "0x62e2": 3.521078586578369,
  "0x62e3": 2.1925504207611084,
  "0x6896": 6.279158115386963,
  "0x6897": 0.8046357035636902,
  "0x6d58": 5.601147174835205,
  "0x6d59": 3.106295108795166,
  "0x72ce": 9.232757568359375,
  "0x72cf": 3.078693389892578,
  "0x7752": 9.287308692932129,
  "0x7753": 3.808741569519043,
  "0x3002": 0.9964699745178223,
  "0x3003": -0.4970044791698456,
  "0x3cd8": 7.713045120239258,
  "0x3cd9": 2.892939567565918,
  "0x4840": 8.788849830627441,
  "0x4841": 2.9041330814361572,
  "0x52b8": 7.38798713684082,
  "0x52b9": 0.9097406268119812,
  "0x5b46": 6.792557716369629,
  "0x5b47": 1.80472731590271,
  "0x62e4": 3.521078586578369,
  "0x62e5": 2.1925504207611084,
  "0x6898": 6.279158115386963,
  "0x6899": 0.8046357035636902,
  "0x6d5a": 5.601147174835205,
  "0x6d5b": 3.106295108795166,
  "0x72d0": 9.232757568359375,
  "0x72d1": 3.078693389892578,
  "0x7754": 9.287308692932129,
  "0x7755": 3.808741569519043,
  "0x3004": 0.9964699745178223,
  "0x3005": -0.4970044791698456,
  "0x3cda": 7.713045120239258,
  "0x3cdb": 2.892939567565918,
  "0x4842": 8.788849830627441,
  "0x4843": 2.9041330814361572,
  "0x52ba": 7.38798713684082,
  "0x52bb": 0.9097406268119812,
  "0x5b48": 6.792557716369629,
  "0x5b49": -0.15455125272274017,
  "0x62e6": 3.521078586578369,
  "0x62e7": 0.49445992708206177,
  "0x689a": 6.279158115386963,
  "0x689b": 0.8046357035636902,
  "0x6d5c": 5.601147174835205,
  "0x6d5d": 3.106295108795166,
  "0x72d2": 9.232757568359375,
  "0x72d3": 3.078693389892578,
  "0x7756": 9.287308692932129,
  "0x7757": 3.808741569519043,
  "0x3006": 0.9964699745178223,
  "0x3007": 1.3036599159240723,
  "0x3cdc": 7.713045120239258,
  "0x3cdd": 2.892939567565918,
  "0x4844": 8.788849830627441,
  "0x4845": 2.9041330814361572,
  "0x52bc": 7.38798713684082,
  "0x52bd": 0.9097406268119812,
  "0x5b4a": 6.792557716369629,
  "0x5b4b": -0.15455125272274017,
  "0x62e8": 3.521078586578369,
  "0x62e9": 0.49445992708206177,
  "0x689c": 6.279158115386963,
  "0x689d": -0.5762395858764648,
  "0x6d5e": 5.601147174835205,
  "0x6d5f": 3.106295108795166,
  "0x72d4": 9.232757568359375,
  "0x72d5": 3.078693389892578,
  "0x7758": 9.287308692932129,
  "0x7759": 3.808741569519043
}