{
  "0x2f6e": 3.3995227813720703,
  "0x2f6f": 0.9991042017936707,
  "0x3c44": 5.601109981536865,
  "0x3c45": 3.7995903491973877,
  "0x47ac": 10.46965503692627,
  "0x47ad": 2.943690061569214,
  "0x5224": 8.294843673706055,
  "0x5225": 2.225975275039673,
  "0x5ab2": 4.603575706481934,
  "0x5ab3": 0.9977070689201355,
  "0x6250": 2.9932827949523926,
  "0x6251": 0.7068596482276917,
  "0x6804": 0.6712830066680908,
  "0x6805": 1.5495612621307373,
  "0x6cc6": 9.063587188720703,
  "0x6cc7": 3.064027786254883,
  "0x723c": 10.984720230102539,
  "0x723d": 2.148045778274536,
  "0x76c0": 7.688546180725098,
  "0x76c1": 1.4686518907546997,
  "0x2f70": 3.3995227813720703,
  "0x2f71": 0.9991042017936707,
  "0x3c46": 5.601109981536865,
  "0x3c47": 3.7995903491973877,
  "0x47ae": 10.146498680114746,
  "0x47af": 2.943690061569214,
  "0x5226": 8.294843673706055,
  "0x5227": 2.225975275039673,
  "0x5ab4": 4.603575706481934,
  "0x5ab5": 0.9977070689201355,
  "0x6252": 2.9932827949523926,
  "0x6253": 0.7068596482276917,
  "0x6806": 0.13878290355205536,
  "0x6807": 1.5495612621307373,
  "0x6cc8": 9.063587188720703,
  "0x6cc9": 3.064027786254883,
  "0x723e": 10.984720230102539,
  "0x723f": 2.148045778274536,
  "0x76c2": 7.688546180725098,
  "0x76c3": 1.4686518907546997,
  "0x2f72": 3.3995227813720703,
  "0x2f73": 0.9991042017936707,
  "0x3c48": 5.601109981536865,
  "0x3c49": 3.7995903491973877,
  "0x47b0": 10.146498680114746,
  "0x47b1": 2.943690061569214,
  "0x5228": 8.282809257507324,
  "0x5229": 2.289036989212036,
  "0x5ab6": 4.603575706481934,
  "0x5ab7": 0.9977070689201355,
  "0x6254": 2.9932827949523926,
  "0x6255": 0.7068596482276917,
  "0x6808": 0.13878290355205536,
  "0x6809": 1.5495612621307373,
  "0x6cca": 9.063587188720703,
  "0x6ccb": 3.064027786254883,
  "0x7240": 10.984720230102539,
  "0x7241": 2.148045778274536,
  "0x76c4": 7.688546180725098,
  "0x76c5": 1.4686518907546997,
  "0x2f74": 3.3995227813720703,
  "0x2f75": 0.9991042017936707,
  "0x3c4a": 5.601109981536865,
  "0x3c4b": 3.7995903491973877,
  "0x47b2": 10.146498680114746,
  "0x47b3": 2.943690061569214,
  "0x522a": 8.073416709899902,
  "0x522b": 2.2622854709625244,
  "0x5ab8": 4.603575706481934,
  "0x5ab9": 0.9977070689201355,
  "0x6256": 2.9932827949523926,
  "0x6257": 0.7068596482276917,
  "0x680a": 0.13878290355205536,
  "0x680b": 1.5495612621307373,
  "0x6ccc": 9.063587188720703,
  "0x6ccd": 3.064027786254883,
  "0x7242": 10.984720230102539,
  "0x7243": 2.148045778274536,
  "0x76c6": 7.688546180725098,
  "0x76c7": 1.4686518907546997,
  "0x2f76": 3.3995227813720703,
  "0x2f77": 0.9991042017936707,
  "0x3c4c": 5.601109981536865,
  "0x3c4d": 3.7995903491973877,
  "0x47b4": 10.146498680114746,
  "0x47b5": 2.943690061569214,
  "0x522c": 8.429874420166016,
  "0x522d": 2.210052013397217,
  "0x5aba": 4.603575706481934,
  "0x5abb": 0.9977070689201355,
  "0x6258": 2.9932827949523926,
  "0x6259": 0.7068596482276917,
  "0x680c": 0.13878290355205536,
  "0x680d": 1.5495612621307373,
  "0x6cce": 9.063587188720703,
  "0x6ccf": 3.064027786254883,
  "0x7244": 10.984720230102539,
  "0x7245": 2.148045778274536,
  "0x76c8": 7.688546180725098,
  "0x76c9": 1.4686518907546997,
  "0x2f78": 3.3995227813720703,
  "0x2f79": 0.9991042017936707,
  "0x3c4e": 5.601109981536865,
  "0x3c4f": 3.7995903491973877,
  "0x47b6": 10.146498680114746,
  "0x47b7": 2.943690061569214,
  "0x522e": 8.429874420166016,
  "0x522f": 2.210052013397217,
  "0x5abc": 4.603575706481934,
  "0x5abd": 0.9977070689201355,
  "0x625a": 2.9932827949523926,
  "0x625b": 0.7068596482276917,
  "0x680e": 0.13878290355205536,
  "0x680f": 1.5495612621307373,
  "0x6cd0": 9.063587188720703,
  "0x6cd1": 3.064027786254883,
  "0x7246": 10.984720230102539,
  "0x7247": 2.148045778274536,
  "0x76ca": 7.688546180725098,
  "0x76cb": 1.4686518907546997,
  "0x2f7a": 3.3995227813720703,
  "0x2f7b": 0.9991042017936707,
  "0x3c50": 5.601109981536865,
  "0x3c51": 3.7995903491973877,
  "0x47b8": 10.146498680114746,
  "0x47b9": 2.943690061569214,
  "0x5230": 8.201858520507812,
  "0x5231": 2.2292487621307373,
  "0x5abe": 4.603575706481934,
  "0x5abf": 0.9977070689201355,
  "0x625c": 2.9940719604492188,
  "0x625d": 0.7058464884757996,
  "0x6810": 0.13878290355205536,
  "0x6811": 1.5495612621307373,
  "0x6cd2": 9.063587188720703,
  "0x6cd3": 3.064027786254883,
  "0x7248": 10.984720230102539,
  "0x7249": 2.148045778274536,
  "0x76cc": 7.688546180725098,
  "0x76cd": 1.4686518907546997
}