{
  "0x3016": 1.6024707555770874,
  "0x3017": 2.197098970413208,
  "0x3cec": 8.15063190460205,
  "0x3ced": 1.9278440475463867,
  "0x4854": 9.091882705688477,
  "0x4855": 2.4049627780914307,
  "0x52cc": 8.887513160705566,
  "0x52cd": 3.3069894313812256,
  "0x5b5a": 1.7082996368408203,
  "0x5b5b": 0.5910186171531677,
  "0x62f8": 6.772675037384033,
  "0x62f9": 0.6219449639320374,
  "0x68ac": 2.4383561611175537,
  "0x68ad": 2.2127833366394043,
  "0x6d6e": 10.501518249511719,
  "0x6d6f": 2.79805588722229,
  "0x72e4": 4.419159889221191,
  "0x72e5": 3.188937187194824,
  "0x7768": 7.98101282119751,
  "0x7769": 2.4087796211242676,
  "0x3018": 1.6024707555770874,
  "0x3019": 2.197098970413208,
  "0x3cee": 8.15063190460205,
  "0x3cef": 1.9278440475463867,
  "0x4856": 6.649150848388672,
  "0x4857": 2.3685004711151123,
  "0x52ce": 8.887513160705566,
  "0x52cf": 3.3069894313812256,
  "0x5b5c": 1.7082996368408203,
  "0x5b5d": -0.005222807638347149,
  "0x62fa": 6.772675037384033,
  "0x62fb": 0.6219449639320374,
  "0x68ae": 1.199954628944397,
  "0x68af": 0.025187617167830467,
  "0x6d70": 10.501518249511719,
  "0x6d71": 2.79805588722229,
  "0x72e6": 4.419159889221191,
  "0x72e7": 3.188937187194824,
  "0x776a": 7.98101282119751,
  "0x776b": 2.4087796211242676,
  "0x301a": 1.6024707555770874,
  "0x301b": 0.8249632716178894,
  "0x3cf0": 8.15063190460205,
  "0x3cf1": 1.9278440475463867,
  "0x4858": 6.649150848388672,
  "0x4859": 2.3685004711151123,
  "0x52d0": 8.887513160705566,
  "0x52d1": 3.3069894313812256,
  "0x5b5e": 1.7082996368408203,
  "0x5b5f": -0.005222807638347149,
  "0x62fc": 6.772675037384033,
  "0x62fd": 0.6219449639320374,
  "0x68b0": 2.4383561611175537,
  "0x68b1": 0.025187617167830467,
  "0x6d72": 10.501518249511719,
  "0x6d73": 2.79805588722229,
  "0x72e8": 4.419159889221191,
  "0x72e9": 3.188937187194824,
  "0x776c": 7.98101282119751,
  "0x776d": 2.4087796211242676,
  "0x301c": 1.6024707555770874,
  "0x301d": 2.197098970413208,
  "0x3cf2": 8.15063190460205,
  "0x3cf3": 1.9278440475463867,
  "0x485a": 6.649150848388672,
  "0x485b": 2.3685004711151123,
  "0x52d2": 8.887513160705566,
  "0x52d3": 3.3069894313812256,
  "0x5b60": 1.7082996368408203,
  "0x5b61": 0.5910186171531677,
  "0x62fe": 6.772675037384033,
  "0x62ff": -0.3351207375526428,
  "0x68b2": 2.4383561611175537,
  "0x68b3": 2.2127833366394043,
  "0x6d74": 10.501518249511719,
  "0x6d75": 2.79805588722229,
  "0x72ea": 4.419159889221191,
  "0x72eb": 3.188937187194824,
  "0x776e": 7.98101282119751,
  "0x776f": 2.4087796211242676,
  "0x301e": 1.6024707555770874,
  "0x301f": 2.197098970413208,
  "0x3cf4": 8.15063190460205,
  "0x3cf5": 1.9278440475463867,
  "0x485c": 6.649150848388672,
  "0x485d": 2.3685004711151123,
  "0x52d4": 8.887513160705566,
  "0x52d5": 3.3069894313812256,
  "0x5b62": 1.7082996368408203,
  "0x5b63": 0.5910186171531677,
  "0x6300": 6.772675037384033,
  "0x6301": 0.6219449639320374,
  "0x68b4": 2.4383561611175537,
  "0x68b5": 2.2127833366394043,
  "0x6d76": 10.501518249511719,
  "0x6d77": 2.79805588722229,
  "0x72ec": 4.419159889221191,
  "0x72ed": 3.188937187194824,
  "0x7770": 7.98101282119751,
  "0x7771": 2.4087796211242676,
  "0x3020": 1.6024707555770874,
  "0x3021": 2.197098970413208,
  "0x3cf6": 8.15063190460205,
  "0x3cf7": 0.030163759365677834,
  "0x485e": 6.649150848388672,
  "0x485f": 2.3685004711151123,
  "0x52d6": 8.887513160705566,
  "0x52d7": 3.3069894313812256,
  "0x5b64": 0.5814321041107178,
  "0x5b65": 0.5910186171531677,
  "0x6302": 6.772675037384033,
  "0x6303": 0.6219449639320374,
  "0x68b6": 2.4383561611175537,
  "0x68b7": 2.2127833366394043,
  "0x6d78": 10.501518249511719,
  "0x6d79": 2.79805588722229,
  "0x72ee": 4.419159889221191,
  "0x72ef": 3.188937187194824,
  "0x7772": 7.98101282119751,
  "0x7773": 2.4087796211242676,
  "0x3022": 1.6024707555770874,
  "0x3023": 2.197098970413208,
  "0x3cf8": 8.15063190460205,
  "0x3cf9": 1.9278440475463867,
  "0x4860": 6.649150848388672,
  "0x4861": 2.3685004711151123,
  "0x52d8": 8.887513160705566,
  "0x52d9": 3.3069894313812256,
  "0x5b66": 1.7082996368408203,
  "0x5b67": -0.005222807638347149,
  "0x6304": 6.772675037384033,
  "0x6305": 0.6219449639320374,
  "0x68b8": 2.4383561611175537,
  "0x68b9": 2.2127833366394043,
  "0x6d7a": 10.501518249511719,
  "0x6d7b": 2.79805588722229,
  "0x72f0": 4.419159889221191,
  "0x72f1": 3.188937187194824,
  "0x7774": 7.98101282119751,
  "0x7775": 2.4087796211242676
}