{
  "0x30a2": 6.704212665557861,
  "0x30a3": 2.692014694213867,
  "0x3d78": 9.699774742126465,
  "0x3d79": 0.9056599140167236,
  "0x48e0": 3.2887144088745117,
  "0x48e1": 0.3103601932525635,
  "0x5358": 4.807891368865967,
  "0x5359": 1.5946886539459229,
  "0x5be6": 2.1972525119781494,
  "0x5be7": 0.10284163057804108,
  "0x6384": 1.4083192348480225,
  "0x6385": 0.09720788896083832,
  "0x6938": 4.660893440246582,
  "0x6939": 1.7914656400680542,
  "0x6dfa": 3.510568141937256,
  "0x6dfb": 4.586269855499268,
  "0x7370": 6.8936662673950195,
  "0x7371": 1.1494101285934448,
  "0x77f4": 6.700708389282227,
  "0x77f5": 0.8998479843139648,
  "0x30a4": 6.704212665557861,
  "0x30a5": 2.692014694213867,
  "0x3d7a": 9.699774742126465,
  "0x3d7b": 0.9056599140167236,
  "0x48e2": 3.2887144088745117,
  "0x48e3": 0.3103601932525635,
  "0x535a": 4.807891368865967,
  "0x535b": 1.5946886539459229,
  "0x5be8": 2.1972525119781494,
  "0x5be9": 0.10284163057804108,
  "0x6386": 1.4083192348480225,
  "0x6387": 0.09720788896083832,
  "0x693a": 4.660893440246582,
  "0x693b": -0.11603694409132004,
  "0x6dfc": 3.510568141937256,
  "0x6dfd": 4.586269855499268,
  "0x7372": 6.8936662673950195,
  "0x7373": 1.1494101285934448,
  "0x77f6": 6.700708389282227,
  "0x77f7": 0.8998479843139648,
  "0x30a6": 6.704212665557861,
  "0x30a7": 2.692014694213867,
  "0x3d7c": 9.699774742126465,
  "0x3d7d": 0.9056599140167236,
  "0x48e4": 3.2887144088745117,
  "0x48e5": 0.3103601932525635,
  "0x535c": 4.807891368865967,
  "0x535d": 1.5946886539459229,
  "0x5bea": 2.1972525119781494,
  "0x5beb": -0.07446777820587158,
  "0x6388": 1.4083192348480225,
  "0x6389": 0.09720788896083832,
  "0x693c": 4.664811134338379,
  "0x693d": -0.12312369793653488,
  "0x6dfe": 3.510568141937256,
  "0x6dff": 4.586269855499268,
  "0x7374": 6.8936662673950195,
  "0x7375": 1.1494101285934448,
  "0x77f8": 6.700708389282227,
  "0x77f9": 0.8998479843139648,
  "0x30a8": 6.704212665557861,
  "0x30a9": 2.692014694213867,
  "0x3d7e": 9.699774742126465,
  "0x3d7f": 0.9056599140167236,
  "0x48e6": 3.2887144088745117,
  "0x48e7": 0.3103601932525635,
  "0x535e": 4.807891368865967,
  "0x535f": 1.5946886539459229,
  "0x5bec": 2.1972525119781494,
  "0x5bed": 0.10284163057804108,
  "0x638a": 1.4083192348480225,
  "0x638b": 0.09720788896083832,
  "0x693e": 4.664811134338379,
  "0x693f": 1.7843788862228394,
  "0x6e00": 3.510568141937256,
  "0x6e01": 4.586269855499268,
  "0x7376": 6.886100769042969,
  "0x7377": 1.1491003036499023,
  "0x77fa": 6.700708389282227,
  "0x77fb": 0.8998479843139648,
  "0x30aa": 6.704212665557861,
  "0x30ab": 2.692014694213867,
  "0x3d80": 9.699774742126465,
  "0x3d81": 0.9056599140167236,
  "0x48e8": 3.2887144088745117,
  "0x48e9": 0.3103601932525635,
  "0x5360": 4.807891368865967,
  "0x5361": 1.5946886539459229,
  "0x5bee": 2.1972525119781494,
  "0x5bef": 0.10284163057804108,
  "0x638c": 1.4083192348480225,
  "0x638d": -0.12643501162528992,
  "0x6940": 4.664811134338379,
  "0x6941": 1.7843788862228394,
  "0x6e02": 3.510568141937256,
  "0x6e03": 4.586269855499268,
  "0x7378": 6.886100769042969,
  "0x7379": 1.1491003036499023,
  "0x77fc": 6.700708389282227,
  "0x77fd": 0.8998479843139648,
  "0x30ac": 6.704212665557861,
  "0x30ad": 2.692014694213867,
  "0x3d82": 9.699774742126465,
  "0x3d83": 0.9056599140167236,
  "0x48ea": 3.2887144088745117,
  "0x48eb": 0.3103601932525635,
  "0x5362": 4.807891368865967,
  "0x5363": 1.5946886539459229,
  "0x5bf0": 2.1972525119781494,
  "0x5bf1": -0.07446777820587158,
  "0x638e": 1.4083192348480225,
  "0x638f": 0.09720788896083832,
  "0x6942": 4.061656475067139,
  "0x6943": 1.8521960973739624,
  "0x6e04": 3.510568141937256,
  "0x6e05": 4.586269855499268,
  "0x737a": 6.886100769042969,
  "0x737b": 1.1491003036499023,
  "0x77fe": 6.700708389282227,
  "0x77ff": 0.8998479843139648,
  "0x30ae": 6.704212665557861,
  "0x30af": 2.692014694213867,
  "0x3d84": 9.699774742126465,
  "0x3d85": -0.07097247987985611,
  "0x48ec": 3.2887144088745117,
  "0x48ed": 0.3103601932525635,
  "0x5364": 4.807891368865967,
  "0x5365": 1.5946886539459229,
  "0x5bf2": 2.1972525119781494,
  "0x5bf3": 0.10284163057804108,
  "0x6390": 1.4083192348480225
}