{
  "0x2bee": 6.299664497375488,
  "0x2bef": 3.299949884414673,
  "0x38c4": 8.801090240478516,
  "0x38c5": 3.899057388305664,
  "0x442c": 9.29808521270752,
  "0x442d": 4.001570701599121,
  "0x4ea4": 8.493170738220215,
  "0x4ea5": 2.906480550765991,
  "0x5732": 6.1486029624938965,
  "0x5733": 2.9238247871398926,
  "0x2bf0": 6.299664497375488,
  "0x2bf1": 3.299949884414673,
  "0x38c6": 8.801090240478516,
  "0x38c7": 3.899057388305664,
  "0x442e": 9.29808521270752,
  "0x442f": 4.001570701599121,
  "0x4ea6": 8.493170738220215,
  "0x4ea7": 2.906480550765991,
  "0x5734": 6.1486029624938965,
  "0x5735": 2.9238247871398926,
  "0x2bf2": 6.299664497375488,
  "0x2bf3": 3.299949884414673,
  "0x38c8": 8.801090240478516,
  "0x38c9": 3.899057388305664,
  "0x4430": 9.29808521270752,
  "0x4431": 4.001570701599121,
  "0x4ea8": 8.493170738220215,
  "0x4ea9": 2.906480550765991,
  "0x5736": 6.1486029624938965,
  "0x5737": 2.9238247871398926,
  "0x2bf4": 6.299664497375488,
  "0x2bf5": 3.299949884414673,
  "0x38ca": 8.801090240478516,
  "0x38cb": 3.899057388305664,
  "0x4432": 9.29808521270752,
  "0x4433": 4.001570701599121,
  "0x4eaa": 8.493170738220215,
  "0x4eab": 2.906480550765991,
  "0x5738": 6.1486029624938965,
  "0x5739": 2.9238247871398926,
  "0x2bf6": 6.299664497375488,
  "0x2bf7": 3.299949884414673,
  "0x38cc": 8.801090240478516,
  "0x38cd": 3.899057388305664,
  "0x4434": 9.29808521270752,
  "0x4435": 4.001570701599121,
  "0x4eac": 8.493170738220215,
  "0x4ead": 2.906480550765991,
  "0x573a": 6.1486029624938965,
  "0x573b": 2.9238247871398926,
  "0x2bf8": 6.299664497375488,
  "0x2bf9": 3.299949884414673,
  "0x38ce": 8.801090240478516,
  "0x38cf": 3.899057388305664,
  "0x4436": 9.29808521270752,
  "0x4437": 4.001570701599121,
  "0x4eae": 8.493170738220215,
  "0x4eaf": 2.906480550765991,
  "0x573c": 6.1486029624938965,
  "0x573d": 2.9238247871398926,
  "0x2bfa": 6.299664497375488,
  "0x2bfb": 3.299949884414673,
  "0x38d0": 8.801090240478516,
  "0x38d1": 3.899057388305664,
  "0x4438": 9.29808521270752,
  "0x4439": 4.001570701599121,
  "0x4eb0": 8.493170738220215,
  "0x4eb1": 2.906480550765991,
  "0x573e": 6.1486029624938965,
  "0x573f": 2.9238247871398926
}