{
  "0x2c6c": 9.200592994689941,
  "0x2c6d": 4.599461555480957,
  "0x3942": 11.600058555603027,
  "0x3943": 5.200192451477051,
  "0x44aa": 9.903964042663574,
  "0x44ab": 4.397507190704346,
  "0x4f22": 10.593582153320312,
  "0x4f23": 3.7060887813568115,
  "0x57b0": 6.587099552154541,
  "0x57b1": 3.119659185409546,
  "0x5f4e": 7.703395843505859,
  "0x5f4f": 3.4919378757476807,
  "0x2c6e": 9.200592994689941,
  "0x2c6f": 4.599461555480957,
  "0x3944": 11.600058555603027,
  "0x3945": 5.200192451477051,
  "0x44ac": 9.903964042663574,
  "0x44ad": 4.397507190704346,
  "0x4f24": 10.593582153320312,
  "0x4f25": 3.7060887813568115,
  "0x57b2": 6.587099552154541,
  "0x57b3": 3.119659185409546,
  "0x5f50": 7.703395843505859,
  "0x5f51": 3.4919378757476807,
  "0x2c70": 9.200592994689941,
  "0x2c71": 4.599461555480957,
  "0x3946": 11.600058555603027,
  "0x3947": 5.200192451477051,
  "0x44ae": 9.903964042663574,
  "0x44af": 4.397507190704346,
  "0x4f26": 10.593582153320312,
  "0x4f27": 3.7060887813568115,
  "0x57b4": 6.587099552154541,
  "0x57b5": 3.119659185409546,
  "0x5f52": 7.703395843505859,
  "0x5f53": 3.4919378757476807,
  "0x2c72": 9.200592994689941,
  "0x2c73": 4.599461555480957,
  "0x3948": 11.600058555603027,
  "0x3949": 5.200192451477051,
  "0x44b0": 9.903964042663574,
  "0x44b1": 4.397507190704346,
  "0x4f28": 10.593582153320312,
  "0x4f29": 3.7060887813568115,
  "0x57b6": 6.587099552154541,
  "0x57b7": 3.119659185409546,
  "0x5f54": 7.703395843505859,
  "0x5f55": 3.4919378757476807,
  "0x2c74": 9.200592994689941,
  "0x2c75": 4.599461555480957,
  "0x394a": 11.600058555603027,
  "0x394b": 5.200192451477051,
  "0x44b2": 9.903964042663574,
  "0x44b3": 4.397507190704346,
  "0x4f2a": 10.593582153320312,
  "0x4f2b": 3.7060887813568115,
  "0x57b8": 6.587099552154541,
  "0x57b9": 3.119659185409546,
  "0x5f56": 7.703395843505859,
  "0x5f57": 3.4919378757476807,
  "0x2c76": 9.200592994689941,
  "0x2c77": 4.599461555480957,
  "0x394c": 11.600058555603027,
  "0x394d": 5.200192451477051,
  "0x44b4": 9.903964042663574,
  "0x44b5": 4.397507190704346,
  "0x4f2c": 10.593582153320312,
  "0x4f2d": 3.7060887813568115,
  "0x57ba": 6.587099552154541,
  "0x57bb": 3.119659185409546,
  "0x5f58": 7.703395843505859,
  "0x5f59": 3.4919378757476807,
  "0x2c78": 9.200592994689941,
  "0x2c79": 4.599461555480957,
  "0x394e": 11.600058555603027,
  "0x394f": 5.200192451477051,
  "0x44b6": 9.903964042663574,
  "0x44b7": 4.397507190704346,
  "0x4f2e": 10.593582153320312,
  "0x4f2f": 3.7060887813568115,
  "0x57bc": 6.587099552154541,
  "0x57bd": 3.119659185409546,
  "0x5f5a": 7.703395843505859,
  "0x5f5b": 3.4919378757476807
}