{
  "0x2ed4": 5.29737663269043,
  "0x2ed5": 1.4915580749511719,
  "0x3baa": 6.086315631866455,
  "0x3bab": 2.7434794902801514,
  "0x4712": 5.484050273895264,
  "0x4713": 1.806154727935791,
  "0x518a": 4.778692245483398,
  "0x518b": 2.5889737606048584,
  "0x5a18": 4.001206398010254,
  "0x5a19": 1.3869438171386719,
  "0x61b6": 2.0012004375457764,
  "0x61b7": 1.9789072275161743,
  "0x676a": 1.5375686883926392,
  "0x676b": 0.9034348130226135,
  "0x71a2": 5.990926265716553,
  "0x71a3": 2.9010391235351562,
  "0x2ed6": 5.452958106994629,
  "0x2ed7": 2.0044872760772705,
  "0x3bac": 6.109468460083008,
  "0x3bad": 2.7354276180267334,
  "0x4714": 5.582918643951416,
  "0x4715": 1.6208322048187256,
  "0x518c": 4.684484481811523,
  "0x518d": 2.628066062927246,
  "0x5a1a": 4.001206398010254,
  "0x5a1b": 1.3869438171386719,
  "0x61b8": 3.0221750736236572,
  "0x61b9": 1.9789072275161743,
  "0x676c": 1.5375686883926392,
  "0x676d": 0.9034348130226135,
  "0x71a4": 5.751018524169922,
  "0x71a5": 2.604515790939331,
  "0x2ed8": 3.8088791370391846,
  "0x2ed9": 2.014284372329712,
  "0x3bae": 6.127066612243652,
  "0x3baf": 2.6894514560699463,
  "0x4716": 5.608646869659424,
  "0x4717": 1.6217634677886963,
  "0x518e": 5.457406997680664,
  "0x518f": 2.811886787414551,
  "0x5a1c": 2.522017478942871,
  "0x5a1d": 1.0712916851043701,
  "0x61ba": 3.0221750736236572,
  "0x61bb": 1.9789072275161743,
  "0x676e": 1.5375686883926392,
  "0x676f": 0.9034348130226135,
  "0x71a6": 5.753910064697266,
  "0x71a7": 3.0522496700286865,
  "0x2eda": 3.8226091861724854,
  "0x2edb": 2.019629716873169,
  "0x3bb0": 6.127066612243652,
  "0x3bb1": 2.6894514560699463,
  "0x4718": 5.872677803039551,
  "0x4719": 1.5677342414855957,
  "0x5190": 4.883025169372559,
  "0x5191": 2.5897865295410156,
  "0x5a1e": 2.522017478942871,
  "0x5a1f": 1.0712916851043701,
  "0x61bc": 3.0221750736236572,
  "0x61bd": 1.9789072275161743,
  "0x6770": 1.5375686883926392,
  "0x6771": 0.9034348130226135,
  "0x71a8": 5.959593772888184,
  "0x71a9": 3.087512969970703,
  "0x2edc": 3.8234705924987793,
  "0x2edd": 1.9729253053665161,
  "0x3bb2": 6.127066612243652,
  "0x3bb3": 2.6894514560699463,
  "0x471a": 5.988089561462402,
  "0x471b": 1.9619629383087158,
  "0x5192": 4.883025169372559,
  "0x5193": 2.5390560626983643,
  "0x5a20": 2.522017478942871,
  "0x5a21": 1.0712916851043701,
  "0x61be": 3.0221750736236572,
  "0x61bf": 1.9789072275161743,
  "0x6772": 1.5375686883926392,
  "0x6773": 0.9034348130226135,
  "0x71aa": 5.801503658294678,
  "0x71ab": 2.956568956375122,
  "0x2ede": 4.161805152893066,
  "0x2edf": 1.9342362880706787,
  "0x3bb4": 6.127066612243652,
  "0x3bb5": 2.6894514560699463,
  "0x471c": 5.4402971267700195,
  "0x471d": 1.9543137550354004,
  "0x5194": 4.302470684051514,
  "0x5195": 2.5378987789154053,
  "0x5a22": 2.522017478942871,
  "0x5a23": 1.0712916851043701,
  "0x61c0": 3.0221750736236572,
  "0x61c1": 1.9789072275161743,
  "0x6774": 1.5375686883926392,
  "0x6775": 0.9034348130226135,
  "0x71ac": 5.783064365386963,
  "0x71ad": 2.9290943145751953,
  "0x2ee0": 4.161805152893066,
  "0x2ee1": 1.9342362880706787,
  "0x3bb6": 6.127066612243652,
  "0x3bb7": 2.6894514560699463,
  "0x471e": 5.45402717590332,
  "0x471f": 1.968043565750122,
  "0x5196": 4.322187423706055,
  "0x5197": 2.5273849964141846,
  "0x5a24": 2.522017478942871,
  "0x5a25": 1.0712916851043701,
  "0x61c2": 2.0012004375457764,
  "0x61c3": 1.9789072275161743,
  "0x6776": 1.5375686883926392,
  "0x6777": 0.9034348130226135,
  "0x71ae": 5.760624885559082,
  "0x71af": 2.916835069656372
}