{
  "0x2bd2": 6.799376964569092,
  "0x2bd3": 3.2004528045654297,
  "0x38a8": 9.23150634765625,
  "0x38a9": 3.9003374576568604,
  "0x4410": 9.000493049621582,
  "0x4411": 3.7412006855010986,
  "0x4e88": 8.904142379760742,
  "0x4e89": 3.4471538066864014,
  "0x5716": 6.061737060546875,
  "0x5717": 3.0655910968780518,
  "0x2bd4": 6.799376964569092,
  "0x2bd5": 3.2004528045654297,
  "0x38aa": 9.23150634765625,
  "0x38ab": 3.9003374576568604,
  "0x4412": 9.000493049621582,
  "0x4413": 3.7412006855010986,
  "0x4e8a": 8.904142379760742,
  "0x4e8b": 3.4471538066864014,
  "0x5718": 6.061737060546875,
  "0x5719": 3.0655910968780518,
  "0x2bd6": 6.799376964569092,
  "0x2bd7": 3.2004528045654297,
  "0x38ac": 9.23150634765625,
  "0x38ad": 3.9003374576568604,
  "0x4414": 9.000493049621582,
  "0x4415": 3.7412006855010986,
  "0x4e8c": 8.904142379760742,
  "0x4e8d": 3.4471538066864014,
  "0x571a": 6.061737060546875,
  "0x571b": 3.0655910968780518,
  "0x2bd8": 6.799376964569092,
  "0x2bd9": 3.2004528045654297,
  "0x38ae": 9.23150634765625,
  "0x38af": 3.9003374576568604,
  "0x4416": 9.000493049621582,
  "0x4417": 3.7412006855010986,
  "0x4e8e": 8.904142379760742,
  "0x4e8f": 3.4471538066864014,
  "0x571c": 6.061737060546875,
  "0x571d": 3.0655910968780518,
  "0x2bda": 6.799376964569092,
  "0x2bdb": 3.2004528045654297,
  "0x38b0": 9.23150634765625,
  "0x38b1": 3.9003374576568604,
  "0x4418": 9.000493049621582,
  "0x4419": 3.7412006855010986,
  "0x4e90": 8.904142379760742,
  "0x4e91": 3.4471538066864014,
  "0x571e": 6.061737060546875,
  "0x571f": 3.0655910968780518,
  "0x2bdc": 6.799376964569092,
  "0x2bdd": 3.2004528045654297,
  "0x38b2": 9.23150634765625,
  "0x38b3": 3.9003374576568604,
  "0x441a": 9.000493049621582,
  "0x441b": 3.7412006855010986,
  "0x4e92": 8.904142379760742,
  "0x4e93": 3.4471538066864014,
  "0x5720": 6.061737060546875,
  "0x5721": 3.0655910968780518,
  "0x2bde": 6.799376964569092,
  "0x2bdf": 3.2004528045654297,
  "0x38b4": 9.23150634765625,
  "0x38b5": 3.9003374576568604,
  "0x441c": 9.000493049621582,
  "0x441d": 3.7412006855010986,
  "0x4e94": 8.904142379760742,
  "0x4e95": 3.4471538066864014,
  "0x5722": 6.061737060546875,
  "0x5723": 3.0655910968780518
}