{
  "0x2ca4": 7.997786998748779,
  "0x2ca5": 3.503605365753174,
  "0x397a": 10.20201301574707,
  "0x397b": 5.696030616760254,
  "0x44e2": 10.297236442565918,
  "0x44e3": 3.9025323390960693,
  "0x4f5a": 9.603771209716797,
  "0x4f5b": 4.895618438720703,
  "0x57e8": 7.644117832183838,
  "0x57e9": 3.729121446609497,
  "0x5f86": 7.59744119644165,
  "0x5f87": 2.802579641342163,
  "0x2ca6": 7.997786998748779,
  "0x2ca7": 3.503605365753174,
  "0x397c": 10.20201301574707,
  "0x397d": 5.696030616760254,
  "0x44e4": 10.297236442565918,
  "0x44e5": 3.9025323390960693,
  "0x4f5c": 9.603771209716797,
  "0x4f5d": 4.895618438720703,
  "0x57ea": 7.644117832183838,
  "0x57eb": 3.729121446609497,
  "0x5f88": 7.59744119644165,
  "0x5f89": 2.802579641342163,
  "0x2ca8": 7.997786998748779,
  "0x2ca9": 3.503605365753174,
  "0x397e": 10.20201301574707,
  "0x397f": 5.696030616760254,
  "0x44e6": 10.297236442565918,
  "0x44e7": 3.9025323390960693,
  "0x4f5e": 9.603771209716797,
  "0x4f5f": 4.895618438720703,
  "0x57ec": 7.644117832183838,
  "0x57ed": 3.729121446609497,
  "0x5f8a": 7.59744119644165,
  "0x5f8b": 2.802579641342163,
  "0x2caa": 7.997786998748779,
  "0x2cab": 3.503605365753174,
  "0x3980": 10.20201301574707,
  "0x3981": 5.696030616760254,
  "0x44e8": 10.297236442565918,
  "0x44e9": 3.9025323390960693,
  "0x4f60": 9.603771209716797,
  "0x4f61": 4.895618438720703,
  "0x57ee": 7.644117832183838,
  "0x57ef": 3.729121446609497,
  "0x5f8c": 7.59744119644165,
  "0x5f8d": 2.802579641342163,
  "0x2cac": 7.997786998748779,
  "0x2cad": 3.503605365753174,
  "0x3982": 10.20201301574707,
  "0x3983": 5.696030616760254,
  "0x44ea": 10.297236442565918,
  "0x44eb": 3.9025323390960693,
  "0x4f62": 9.603771209716797,
  "0x4f63": 4.895618438720703,
  "0x57f0": 7.644117832183838,
  "0x57f1": 3.729121446609497,
  "0x5f8e": 7.59744119644165,
  "0x5f8f": 2.802579641342163,
  "0x2cae": 7.997786998748779,
  "0x2caf": 3.503605365753174,
  "0x3984": 10.20201301574707,
  "0x3985": 5.696030616760254,
  "0x44ec": 10.297236442565918,
  "0x44ed": 3.9025323390960693,
  "0x4f64": 9.603771209716797,
  "0x4f65": 4.895618438720703,
  "0x57f2": 7.644117832183838,
  "0x57f3": 3.729121446609497,
  "0x5f90": 7.59744119644165,
  "0x5f91": 2.802579641342163,
  "0x2cb0": 7.997786998748779,
  "0x2cb1": 3.503605365753174,
  "0x3986": 10.20201301574707,
  "0x3987": 5.696030616760254,
  "0x44ee": 10.297236442565918,
  "0x44ef": 3.9025323390960693,
  "0x4f66": 9.603771209716797,
  "0x4f67": 4.895618438720703,
  "0x57f4": 7.644117832183838,
  "0x57f5": 3.729121446609497,
  "0x5f92": 7.59744119644165,
  "0x5f93": 2.802579641342163
}