{
  "0x2bcc": 7.4540534019470215,
  "0x2bcd": 2.6987690925598145,
  "0x38a2": 9.519987106323242,
  "0x38a3": 3.506810188293457,
  "0x440a": 8.501668930053711,
  "0x440b": 2.950119972229004,
  "0x4e82": 7.445762634277344,
  "0x4e83": 3.3558342456817627,
  "0x5710": 5.287136554718018,
  "0x5711": 2.5339198112487793,
  "0x2bce": 8.988194465637207,
  "0x2bcf": 3.714815616607666,
  "0x38a4": 12.054997444152832,
  "0x38a5": 4.297717094421387,
  "0x440c": 9.855156898498535,
  "0x440d": 3.795137882232666,
  "0x4e84": 9.774020195007324,
  "0x4e85": 3.916994333267212,
  "0x5712": 6.758666515350342,
  "0x5713": 3.193161964416504,
  "0x2bd0": 9.017956733703613,
  "0x2bd1": 3.7415544986724854,
  "0x38a6": 12.235730171203613,
  "0x38a7": 4.300528049468994,
  "0x440e": 9.74593734741211,
  "0x440f": 3.6789634227752686,
  "0x4e86": 9.946222305297852,
  "0x4e87": 4.056582450866699,
  "0x5714": 7.299392223358154,
  "0x5715": 3.1842899322509766
}