{
  "0x2ef0": 6.699999999999998,
  "0x2ef1": 2.3,
  "0x3bc6": 11.7,
  "0x3bc7": 3.5,
  "0x472e": 4.6,
  "0x472f": 3.0,
  "0x51a6": 5.9,
  "0x51a7": 3.0,
  "0x5a34": 4.5,
  "0x5a35": 1.2999999999999998,
  "0x61d2": 6.4,
  "0x61d3": 2.7,
  "0x6786": 5.0,
  "0x6787": 2.8,
  "0x71be": 5.199999999999998,
  "0x71bf": 3.3,
  "0x2ef2": 7.800000000000002,
  "0x2ef3": 2.6,
  "0x3bc8": 9.3,
  "0x3bc9": 4.6,
  "0x4730": 6.699999999999998,
  "0x4731": 2.5,
  "0x51a8": 7.5,
  "0x51a9": 2.8,
  "0x5a36": 3.8,
  "0x5a37": 2.3,
  "0x61d4": 3.8,
  "0x61d5": 1.6,
  "0x6788": 2.3,
  "0x6789": 1.7999999999999998,
  "0x71c0": 5.4,
  "0x71c1": 2.1,
  "0x2ef4": 8.2,
  "0x2ef5": 3.1,
  "0x3bca": 10.1,
  "0x3bcb": 3.8,
  "0x4732": 10.9,
  "0x4733": 2.4000000000000004,
  "0x51aa": 5.199999999999998,
  "0x51ab": 2.9,
  "0x5a38": 3.8000000000000007,
  "0x5a39": 1.7999999999999998,
  "0x61d6": 5.4,
  "0x61d7": 2.5,
  "0x678a": 2.9000000000000004,
  "0x678b": 1.9,
  "0x71c2": 8.7,
  "0x71c3": 3.3,
  "0x2ef6": 7.199999999999998,
  "0x2ef7": 2.0,
  "0x3bcc": 12.1,
  "0x3bcd": 4.8,
  "0x4734": 8.0,
  "0x4735": 4.7,
  "0x51ac": 5.300000000000002,
  "0x51ad": 2.0,
  "0x5a3a": 7.4,
  "0x5a3b": 1.9,
  "0x61d8": 5.6,
  "0x61d9": 3.5,
  "0x678c": 6.7,
  "0x678d": 2.7,
  "0x71c4": 6.6,
  "0x71c5": 4.3,
  "0x2ef8": 5.800000000000002,
  "0x2ef9": 3.4000000000000004,
  "0x3bce": 7.300000000000002,
  "0x3bcf": 5.0,
  "0x4736": 9.9,
  "0x4737": 4.7,
  "0x51ae": 8.5,
  "0x51af": 2.9000000000000004,
  "0x5a3c": 3.9,
  "0x5a3d": 3.7,
  "0x61da": 5.300000000000002,
  "0x61db": 1.7999999999999998,
  "0x678e": 5.3,
  "0x678f": 2.2,
  "0x71c6": 8.3,
  "0x71c7": 2.9000000000000004,
  "0x2efa": 5.2,
  "0x2efb": 2.6,
  "0x3bd0": 4.800000000000002,
  "0x3bd1": 2.8,
  "0x4738": 6.300000000000002,
  "0x4739": 2.4000000000000004,
  "0x51b0": 3.3000000000000007,
  "0x51b1": 1.9,
  "0x5a3e": 2.0,
  "0x5a3f": 2.0,
  "0x61dc": 2.7,
  "0x61dd": 0.8999999999999999,
  "0x6790": 2.7,
  "0x6791": 0.8999999999999999,
  "0x71c8": 3.0,
  "0x71c9": 4.3,
  "0x2efc": 5.800000000000002,
  "0x2efd": 2.8,
  "0x3bd2": 5.300000000000002,
  "0x3bd3": 3.7,
  "0x473a": 6.6,
  "0x473b": 2.8,
  "0x51b2": 5.199999999999998,
  "0x51b3": 1.2999999999999998,
  "0x5a40": 3.1,
  "0x5a41": 4.2,
  "0x61de": 6.2,
  "0x61df": 1.6,
  "0x6792": 1.9000000000000004,
  "0x6793": 0.8999999999999999,
  "0x71ca": 10.0,
  "0x71cb": 3.0
}