{
  "0x2d5a": 6.500662803649902,
  "0x2d5b": 3.899904251098633,
  "0x3a30": 12.097145080566406,
  "0x3a31": 4.001263618469238,
  "0x4598": 9.801982879638672,
  "0x4599": 4.798026084899902,
  "0x5010": 10.296648025512695,
  "0x5011": 4.503062725067139,
  "0x589e": 6.704582691192627,
  "0x589f": 3.1951093673706055,
  "0x603c": 6.199977874755859,
  "0x603d": 3.80039381980896,
  "0x2d5c": 6.500662803649902,
  "0x2d5d": 3.899904251098633,
  "0x3a32": 12.097145080566406,
  "0x3a33": 4.001263618469238,
  "0x459a": 9.801982879638672,
  "0x459b": 4.798026084899902,
  "0x5012": 10.296648025512695,
  "0x5013": 4.503062725067139,
  "0x58a0": 6.704582691192627,
  "0x58a1": 3.1951093673706055,
  "0x603e": 6.199977874755859,
  "0x603f": 3.80039381980896,
  "0x2d5e": 6.500662803649902,
  "0x2d5f": 3.899904251098633,
  "0x3a34": 12.097145080566406,
  "0x3a35": 4.001263618469238,
  "0x459c": 9.801982879638672,
  "0x459d": 4.798026084899902,
  "0x5014": 10.296648025512695,
  "0x5015": 4.503062725067139,
  "0x58a2": 6.704582691192627,
  "0x58a3": 3.1951093673706055,
  "0x6040": 6.199977874755859,
  "0x6041": 3.80039381980896,
  "0x2d60": 6.500662803649902,
  "0x2d61": 3.899904251098633,
  "0x3a36": 12.097145080566406,
  "0x3a37": 4.001263618469238,
  "0x459e": 9.801982879638672,
  "0x459f": 4.798026084899902,
  "0x5016": 10.296648025512695,
  "0x5017": 4.503062725067139,
  "0x58a4": 6.704582691192627,
  "0x58a5": 3.1951093673706055,
  "0x6042": 6.199977874755859,
  "0x6043": 3.80039381980896,
  "0x2d62": 6.500662803649902,
  "0x2d63": 3.899904251098633,
  "0x3a38": 12.097145080566406,
  "0x3a39": 4.001263618469238,
  "0x45a0": 9.801982879638672,
  "0x45a1": 4.798026084899902,
  "0x5018": 10.296648025512695,
  "0x5019": 4.503062725067139,
  "0x58a6": 6.704582691192627,
  "0x58a7": 3.1951093673706055,
  "0x6044": 6.199977874755859,
  "0x6045": 3.80039381980896,
  "0x2d64": 6.500662803649902,
  "0x2d65": 3.899904251098633,
  "0x3a3a": 12.097145080566406,
  "0x3a3b": 4.001263618469238,
  "0x45a2": 9.801982879638672,
  "0x45a3": 4.798026084899902,
  "0x501a": 10.296648025512695,
  "0x501b": 4.503062725067139,
  "0x58a8": 6.704582691192627,
  "0x58a9": 3.1951093673706055,
  "0x6046": 6.199977874755859,
  "0x6047": 3.80039381980896,
  "0x2d66": 6.500662803649902,
  "0x2d67": 3.899904251098633,
  "0x3a3c": 12.097145080566406,
  "0x3a3d": 4.001263618469238,
  "0x45a4": 9.801982879638672,
  "0x45a5": 4.798026084899902,
  "0x501c": 10.296648025512695,
  "0x501d": 4.503062725067139,
  "0x58aa": 6.704582691192627,
  "0x58ab": 3.1951093673706055,
  "0x6048": 6.199977874755859,
  "0x6049": 3.80039381980896
}