{
  "0x2c96": 8.799505233764648,
  "0x2c97": 3.6996476650238037,
  "0x396c": 9.700735092163086,
  "0x396d": 4.89933443069458,
  "0x44d4": 11.495620727539062,
  "0x44d5": 5.0025177001953125,
  "0x4f4c": 8.307392120361328,
  "0x4f4d": 5.09384298324585,
  "0x57da": 8.326515197753906,
  "0x57db": 4.329273223876953,
  "0x5f78": 7.895727634429932,
  "0x5f79": 3.5040459632873535,
  "0x2c98": 8.799505233764648,
  "0x2c99": 3.6996476650238037,
  "0x396e": 9.700735092163086,
  "0x396f": 4.89933443069458,
  "0x44d6": 11.495620727539062,
  "0x44d7": 5.0025177001953125,
  "0x4f4e": 8.307392120361328,
  "0x4f4f": 5.09384298324585,
  "0x57dc": 8.326515197753906,
  "0x57dd": 4.329273223876953,
  "0x5f7a": 7.895727634429932,
  "0x5f7b": 3.5040459632873535,
  "0x2c9a": 8.799505233764648,
  "0x2c9b": 3.6996476650238037,
  "0x3970": 9.700735092163086,
  "0x3971": 4.89933443069458,
  "0x44d8": 11.495620727539062,
  "0x44d9": 5.0025177001953125,
  "0x4f50": 8.307392120361328,
  "0x4f51": 5.09384298324585,
  "0x57de": 8.326515197753906,
  "0x57df": 4.329273223876953,
  "0x5f7c": 7.895727634429932,
  "0x5f7d": 3.5040459632873535,
  "0x2c9c": 8.799505233764648,
  "0x2c9d": 3.6996476650238037,
  "0x3972": 9.700735092163086,
  "0x3973": 4.89933443069458,
  "0x44da": 11.495620727539062,
  "0x44db": 5.0025177001953125,
  "0x4f52": 8.307392120361328,
  "0x4f53": 5.09384298324585,
  "0x57e0": 8.326515197753906,
  "0x57e1": 4.329273223876953,
  "0x5f7e": 7.895727634429932,
  "0x5f7f": 3.5040459632873535,
  "0x2c9e": 8.799505233764648,
  "0x2c9f": 3.6996476650238037,
  "0x3974": 9.700735092163086,
  "0x3975": 4.89933443069458,
  "0x44dc": 11.495620727539062,
  "0x44dd": 5.0025177001953125,
  "0x4f54": 8.307392120361328,
  "0x4f55": 5.09384298324585,
  "0x57e2": 8.326515197753906,
  "0x57e3": 4.329273223876953,
  "0x5f80": 7.895727634429932,
  "0x5f81": 3.5040459632873535,
  "0x2ca0": 8.799505233764648,
  "0x2ca1": 3.6996476650238037,
  "0x3976": 9.700735092163086,
  "0x3977": 4.89933443069458,
  "0x44de": 11.495620727539062,
  "0x44df": 5.0025177001953125,
  "0x4f56": 8.307392120361328,
  "0x4f57": 5.09384298324585,
  "0x57e4": 8.326515197753906,
  "0x57e5": 4.329273223876953,
  "0x5f82": 7.895727634429932,
  "0x5f83": 3.5040459632873535,
  "0x2ca2": 8.799505233764648,
  "0x2ca3": 3.6996476650238037,
  "0x3978": 9.700735092163086,
  "0x3979": 4.89933443069458,
  "0x44e0": 11.495620727539062,
  "0x44e1": 5.0025177001953125,
  "0x4f58": 8.307392120361328,
  "0x4f59": 5.09384298324585,
  "0x57e6": 8.326515197753906,
  "0x57e7": 4.329273223876953,
  "0x5f84": 7.895727634429932,
  "0x5f85": 3.5040459632873535
}