{
  "0x2c50": 7.900005340576172,
  "0x2c51": 4.1786394119262695,
  "0x3926": 13.100678443908691,
  "0x3927": 4.415913105010986,
  "0x448e": 9.411543846130371,
  "0x448f": 4.866370677947998,
  "0x4f06": 9.469707489013672,
  "0x4f07": 3.765836000442505,
  "0x5794": 7.708227157592773,
  "0x5795": 3.3689029216766357,
  "0x5f32": 7.004673957824707,
  "0x5f33": 4.224680423736572,
  "0x2c52": 7.900005340576172,
  "0x2c53": 4.299873352050781,
  "0x3928": 13.098675727844238,
  "0x3929": 4.399378299713135,
  "0x4490": 9.60368537902832,
  "0x4491": 4.896467685699463,
  "0x4f08": 9.800127983093262,
  "0x4f09": 3.7997491359710693,
  "0x5796": 7.89111328125,
  "0x5797": 3.4249277114868164,
  "0x5f34": 7.003715991973877,
  "0x5f35": 4.118250370025635,
  "0x2c54": 7.900005340576172,
  "0x2c55": 4.299873352050781,
  "0x392a": 13.098675727844238,
  "0x392b": 4.399378299713135,
  "0x4492": 9.60368537902832,
  "0x4493": 4.896467685699463,
  "0x4f0a": 9.800127983093262,
  "0x4f0b": 3.7997491359710693,
  "0x5798": 7.89111328125,
  "0x5799": 3.4249277114868164,
  "0x5f36": 7.003715991973877,
  "0x5f37": 4.118250370025635,
  "0x2c56": 7.900005340576172,
  "0x2c57": 4.299873352050781,
  "0x392c": 13.098675727844238,
  "0x392d": 4.399378299713135,
  "0x4494": 9.60368537902832,
  "0x4495": 4.896467685699463,
  "0x4f0c": 9.800127983093262,
  "0x4f0d": 3.7997491359710693,
  "0x579a": 7.89111328125,
  "0x579b": 3.4249277114868164,
  "0x5f38": 7.003715991973877,
  "0x5f39": 4.118250370025635,
  "0x2c58": 7.900005340576172,
  "0x2c59": 4.299873352050781,
  "0x392e": 13.098675727844238,
  "0x392f": 4.399378299713135,
  "0x4496": 9.60368537902832,
  "0x4497": 4.896467685699463,
  "0x4f0e": 9.800127983093262,
  "0x4f0f": 3.7997491359710693,
  "0x579c": 7.89111328125,
  "0x579d": 3.4249277114868164,
  "0x5f3a": 7.003715991973877,
  "0x5f3b": 4.118250370025635,
  "0x2c5a": 7.900005340576172,
  "0x2c5b": 4.299873352050781,
  "0x3930": 13.098675727844238,
  "0x3931": 4.399378299713135,
  "0x4498": 9.60368537902832,
  "0x4499": 4.896467685699463,
  "0x4f10": 9.800127983093262,
  "0x4f11": 3.7997491359710693,
  "0x579e": 7.89111328125,
  "0x579f": 3.4249277114868164,
  "0x5f3c": 7.003715991973877,
  "0x5f3d": 4.118250370025635,
  "0x2c5c": 7.900005340576172,
  "0x2c5d": 4.299873352050781,
  "0x3932": 13.098675727844238,
  "0x3933": 4.399378299713135,
  "0x449a": 9.60368537902832,
  "0x449b": 4.896467685699463,
  "0x4f12": 9.800127983093262,
  "0x4f13": 3.7997491359710693,
  "0x57a0": 7.89111328125,
  "0x57a1": 3.4249277114868164,
  "0x5f3e": 7.003715991973877,
  "0x5f3f": 4.118250370025635
}