{
  "0x2b70": 5.500384330749512,
  "0x2b71": 2.7013542652130127,
  "0x3846": 7.400407314300537,
  "0x3847": 3.7979331016540527,
  "0x43ae": 6.797301292419434,
  "0x43af": 3.2038676738739014,
  "0x4e26": 7.298996925354004,
  "0x4e27": 3.4015963077545166,
  "0x56b4": 6.023955345153809,
  "0x56b5": 2.9579062461853027,
  "0x2b72": 5.500384330749512,
  "0x2b73": 2.7013542652130127,
  "0x3848": 7.400407314300537,
  "0x3849": 3.7979331016540527,
  "0x43b0": 6.797301292419434,
  "0x43b1": 3.2038676738739014,
  "0x4e28": 7.298996925354004,
  "0x4e29": 3.4015963077545166,
  "0x56b6": 6.023955345153809,
  "0x56b7": 2.9579062461853027,
  "0x2b74": 5.500384330749512,
  "0x2b75": 2.7013542652130127,
  "0x384a": 7.400407314300537,
  "0x384b": 3.7979331016540527,
  "0x43b2": 6.797301292419434,
  "0x43b3": 3.2038676738739014,
  "0x4e2a": 7.298996925354004,
  "0x4e2b": 3.4015963077545166,
  "0x56b8": 6.023955345153809,
  "0x56b9": 2.9579062461853027,
  "0x2b76": 5.500384330749512,
  "0x2b77": 2.7013542652130127,
  "0x384c": 7.400407314300537,
  "0x384d": 3.7979331016540527,
  "0x43b4": 6.797301292419434,
  "0x43b5": 3.2038676738739014,
  "0x4e2c": 7.298996925354004,
  "0x4e2d": 3.4015963077545166,
  "0x56ba": 6.023955345153809,
  "0x56bb": 2.9579062461853027,
  "0x2b78": 5.500384330749512,
  "0x2b79": 2.7013542652130127,
  "0x384e": 7.400407314300537,
  "0x384f": 3.7979331016540527,
  "0x43b6": 6.797301292419434,
  "0x43b7": 3.2038676738739014,
  "0x4e2e": 7.298996925354004,
  "0x4e2f": 3.4015963077545166,
  "0x56bc": 6.023955345153809,
  "0x56bd": 2.9579062461853027,
  "0x2b7a": 5.500384330749512,
  "0x2b7b": 2.7013542652130127,
  "0x3850": 7.400407314300537,
  "0x3851": 3.7979331016540527,
  "0x43b8": 6.797301292419434,
  "0x43b9": 3.2038676738739014,
  "0x4e30": 7.298996925354004,
  "0x4e31": 3.4015963077545166,
  "0x56be": 6.023955345153809,
  "0x56bf": 2.9579062461853027,
  "0x2b7c": 5.500384330749512,
  "0x2b7d": 2.7013542652130127,
  "0x3852": 7.400407314300537,
  "0x3853": 3.7979331016540527,
  "0x43ba": 6.797301292419434,
  "0x43bb": 3.2038676738739014,
  "0x4e32": 7.298996925354004,
  "0x4e33": 3.4015963077545166,
  "0x56c0": 6.023955345153809,
  "0x56c1": 2.9579062461853027
}