{
  "0x2de6": 7.49938440322876,
  "0x2de7": 3.800427198410034,
  "0x3abc": 12.100481033325195,
  "0x3abd": 4.700016498565674,
  "0x4624": 9.898627281188965,
  "0x4625": 3.8018412590026855,
  "0x509c": 9.701091766357422,
  "0x509d": 4.297636032104492,
  "0x592a": 7.791563034057617,
  "0x592b": 3.307502031326294,
  "0x60c8": 6.201596736907959,
  "0x60c9": 3.201265573501587,
  "0x2de8": 7.49938440322876,
  "0x2de9": 3.800427198410034,
  "0x3abe": 12.100481033325195,
  "0x3abf": 4.700016498565674,
  "0x4626": 9.898627281188965,
  "0x4627": 3.8018412590026855,
  "0x509e": 9.701091766357422,
  "0x509f": 4.297636032104492,
  "0x592c": 7.791563034057617,
  "0x592d": 3.307502031326294,
  "0x60ca": 6.201596736907959,
  "0x60cb": 3.201265573501587,
  "0x2dea": 7.49938440322876,
  "0x2deb": 3.800427198410034,
  "0x3ac0": 12.100481033325195,
  "0x3ac1": 4.700016498565674,
  "0x4628": 9.898627281188965,
  "0x4629": 3.8018412590026855,
  "0x50a0": 9.701091766357422,
  "0x50a1": 4.297636032104492,
  "0x592e": 7.791563034057617,
  "0x592f": 3.307502031326294,
  "0x60cc": 6.201596736907959,
  "0x60cd": 3.201265573501587,
  "0x2dec": 7.49938440322876,
  "0x2ded": 3.800427198410034,
  "0x3ac2": 12.100481033325195,
  "0x3ac3": 4.700016498565674,
  "0x462a": 9.898627281188965,
  "0x462b": 3.8018412590026855,
  "0x50a2": 9.701091766357422,
  "0x50a3": 4.297636032104492,
  "0x5930": 7.791563034057617,
  "0x5931": 3.307502031326294,
  "0x60ce": 6.201596736907959,
  "0x60cf": 3.201265573501587,
  "0x2dee": 7.49938440322876,
  "0x2def": 3.800427198410034,
  "0x3ac4": 12.100481033325195,
  "0x3ac5": 4.700016498565674,
  "0x462c": 9.898627281188965,
  "0x462d": 3.8018412590026855,
  "0x50a4": 9.701091766357422,
  "0x50a5": 4.297636032104492,
  "0x5932": 7.791563034057617,
  "0x5933": 3.307502031326294,
  "0x60d0": 6.201596736907959,
  "0x60d1": 3.201265573501587,
  "0x2df0": 7.49938440322876,
  "0x2df1": 3.800427198410034,
  "0x3ac6": 12.100481033325195,
  "0x3ac7": 4.700016498565674,
  "0x462e": 9.898627281188965,
  "0x462f": 3.8018412590026855,
  "0x50a6": 9.701091766357422,
  "0x50a7": 4.297636032104492,
  "0x5934": 7.791563034057617,
  "0x5935": 3.307502031326294,
  "0x60d2": 6.201596736907959,
  "0x60d3": 3.201265573501587,
  "0x2df2": 7.49938440322876,
  "0x2df3": 3.800427198410034,
  "0x3ac8": 12.100481033325195,
  "0x3ac9": 4.700016498565674,
  "0x4630": 9.898627281188965,
  "0x4631": 3.8018412590026855,
  "0x50a8": 9.701091766357422,
  "0x50a9": 4.297636032104492,
  "0x5936": 7.791563034057617,
  "0x5937": 3.307502031326294,
  "0x60d4": 6.201596736907959,
  "0x60d5": 3.201265573501587
}