{
  "0x2fc2": 7.800000000000002,
  "0x2fc3": 3.0,
  "0x3c98": 6.6,
  "0x3c99": 5.6,
  "0x4800": 11.8,
  "0x4801": 2.1,
  "0x5278": 4.199999999999998,
  "0x5279": 4.1,
  "0x5b06": 5.9,
  "0x5b07": 2.6,
  "0x62a4": 0.0,
  "0x62a5": 3.0,
  "0x6858": 3.9,
  "0x6859": 2.8,
  "0x6d1a": 9.5,
  "0x6d1b": 2.7,
  "0x7290": 7.800000000000002,
  "0x7291": 1.4000000000000004,
  "0x7714": 8.3,
  "0x7715": 3.9,
  "0x2fc4": 4.1,
  "0x2fc5": 1.2000000000000002,
  "0x3c9a": 13.6,
  "0x3c9b": 2.9000000000000004,
  "0x4802": 7.9,
  "0x4803": 3.8,
  "0x527a": 6.699999999999998,
  "0x527b": 3.5,
  "0x5b08": 2.9000000000000004,
  "0x5b09": 1.6,
  "0x62a6": 6.699999999999998,
  "0x62a7": 1.0,
  "0x685a": 4.6,
  "0x685b": 2.0,
  "0x6d1c": 7.199999999999998,
  "0x6d1d": 4.3,
  "0x7292": 9.8,
  "0x7293": 1.7000000000000002,
  "0x7716": 10.8,
  "0x7717": 1.7999999999999998,
  "0x2fc6": 7.1,
  "0x2fc7": 0.4000000000000004,
  "0x3c9c": 11.5,
  "0x3c9d": 2.3,
  "0x4804": 7.199999999999998,
  "0x4805": 3.4000000000000004,
  "0x527c": 6.9,
  "0x527d": 4.0,
  "0x5b0a": 5.1,
  "0x5b0b": 0.2999999999999998,
  "0x62a8": 8.6,
  "0x62a9": 0.0,
  "0x685c": 1.8000000000000007,
  "0x685d": 0.0,
  "0x6d1e": 12.4,
  "0x6d1f": 2.4000000000000004,
  "0x7294": 5.1,
  "0x7295": 2.3,
  "0x7718": 10.7,
  "0x7719": 4.0,
  "0x2fc8": 10.0,
  "0x2fc9": 3.2,
  "0x3c9e": 9.0,
  "0x3c9f": 4.5,
  "0x4806": 10.8,
  "0x4807": 3.4000000000000004,
  "0x527e": 9.9,
  "0x527f": 1.5,
  "0x5b0c": 5.0,
  "0x5b0d": 0.7000000000000002,
  "0x62aa": 5.0,
  "0x62ab": 2.9000000000000004,
  "0x685e": 7.9,
  "0x685f": 1.9,
  "0x6d20": 12.2,
  "0x6d21": 4.8,
  "0x7296": 10.1,
  "0x7297": 2.2,
  "0x771a": 10.5,
  "0x771b": 1.5999999999999996,
  "0x2fca": 11.6,
  "0x2fcb": 3.3,
  "0x3ca0": 10.6,
  "0x3ca1": 3.6,
  "0x4808": 11.1,
  "0x4809": 3.7,
  "0x5280": 10.9,
  "0x5281": 1.7000000000000002,
  "0x5b0e": 4.4,
  "0x5b0f": 1.7000000000000002,
  "0x62ac": 8.8,
  "0x62ad": 1.9000000000000004,
  "0x6860": 4.800000000000002,
  "0x6861": 1.2999999999999998,
  "0x6d22": 15.2,
  "0x6d23": 1.9000000000000004,
  "0x7298": 9.2,
  "0x7299": 5.8,
  "0x771c": 7.300000000000002,
  "0x771d": 4.1,
  "0x2fcc": 4.4,
  "0x2fcd": 1.9,
  "0x3ca2": 8.9,
  "0x3ca3": 4.6,
  "0x480a": 7.4,
  "0x480b": 1.4000000000000004,
  "0x5282": 6.800000000000002,
  "0x5283": 1.7000000000000002,
  "0x5b10": 4.9,
  "0x5b11": 0.3999999999999999,
  "0x62ae": 3.3,
  "0x62af": 0.0,
  "0x6862": 6.5,
  "0x6863": 3.1,
  "0x6d24": 3.9,
  "0x6d25": 2.0,
  "0x729a": 2.8000000000000007,
  "0x729b": 0.0,
  "0x771e": 8.6,
  "0x771f": 2.5,
  "0x2fce": 5.6,
  "0x2fcf": 1.2000000000000002,
  "0x3ca4": 12.2,
  "0x3ca5": 3.5,
  "0x480c": 8.1,
  "0x480d": 1.5999999999999996,
  "0x5284": 7.800000000000002,
  "0x5285": 3.1,
  "0x5b12": 3.2,
  "0x5b13": 0.0,
  "0x62b0": 3.3,
  "0x62b1": 2.7,
  "0x6864": 2.0,
  "0x6865": 2.7,
  "0x6d26": 6.199999999999998,
  "0x6d27": 3.0,
  "0x729c": 8.7,
  "0x729d": 0.9000000000000004,
  "0x7720": 10.6,
  "0x7721": 3.3
}