{
  "0x3040": 7.6,
  "0x3041": 3.3,
  "0x3d16": 8.0,
  "0x3d17": 2.0,
  "0x487e": 4.9,
  "0x487f": 1.2000000000000002,
  "0x52f6": 5.4,
  "0x52f7": 1.7000000000000002,
  "0x5b84": 4.8,
  "0x5b85": 0.0,
  "0x6322": 0.0999999999999996,
  "0x6323": 0.5,
  "0x68d6": 4.0,
  "0x68d7": 2.5,
  "0x6d98": 9.3,
  "0x6d99": 2.5,
  "0x730e": 2.9000000000000004,
  "0x730f": 3.3,
  "0x7792": 7.4,
  "0x7793": 2.7,
  "0x3042": 5.8,
  "0x3043": 0.2999999999999998,
  "0x3d18": 7.6,
  "0x3d19": 4.7,
  "0x4880": 5.300000000000002,
  "0x4881": 1.2999999999999998,
  "0x52f8": 2.4000000000000004,
  "0x52f9": 3.3,
  "0x5b86": 0.2999999999999998,
  "0x5b87": 0.0,
  "0x6324": 6.4,
  "0x6325": 1.4000000000000004,
  "0x68d8": 1.3000000000000007,
  "0x68d9": 1.0,
  "0x6d9a": 3.3000000000000007,
  "0x6d9b": 1.0999999999999996,
  "0x7310": 5.5,
  "0x7311": 3.2,
  "0x7794": 6.6,
  "0x7795": 0.7999999999999998,
  "0x3044": 7.699999999999998,
  "0x3045": 0.2000000000000001,
  "0x3d1a": 8.5,
  "0x3d1b": 4.1,
  "0x4882": 5.199999999999998,
  "0x4883": 1.5999999999999996,
  "0x52fa": 6.9,
  "0x52fb": 2.8,
  "0x5b88": 2.7,
  "0x5b89": 1.7000000000000002,
  "0x6326": 6.0,
  "0x6327": 0.5,
  "0x68da": 3.4000000000000004,
  "0x68db": 2.2,
  "0x6d9c": 9.7,
  "0x6d9d": 3.3,
  "0x7312": 9.7,
  "0x7313": 0.9000000000000004,
  "0x7796": 8.9,
  "0x7797": 2.5,
  "0x3046": 4.6,
  "0x3047": 1.4000000000000004,
  "0x3d1c": 6.1,
  "0x3d1d": 2.1,
  "0x4884": 4.9,
  "0x4885": 3.5,
  "0x52fc": 9.5,
  "0x52fd": 1.4000000000000004,
  "0x5b8a": 4.4,
  "0x5b8b": 0.7000000000000002,
  "0x6328": 2.6,
  "0x6329": 0.7000000000000002,
  "0x68dc": 7.4,
  "0x68dd": 2.8,
  "0x6d9e": 6.6,
  "0x6d9f": 2.9000000000000004,
  "0x7314": 5.1,
  "0x7315": 1.0999999999999996,
  "0x7798": 7.199999999999998,
  "0x7799": 2.2,
  "0x3048": 6.0,
  "0x3049": 0.5,
  "0x3d1e": 12.1,
  "0x3d1f": 2.1,
  "0x4886": 10.4,
  "0x4887": 3.8,
  "0x52fe": 4.0,
  "0x52ff": 1.2000000000000002,
  "0x5b8c": 7.9,
  "0x5b8d": 2.6,
  "0x632a": 5.699999999999998,
  "0x632b": 0.0,
  "0x68de": 0.2000000000000001,
  "0x68df": 3.0,
  "0x6da0": 11.9,
  "0x6da1": 3.1,
  "0x7316": 10.2,
  "0x7317": 4.5,
  "0x779a": 9.7,
  "0x779b": 2.6,
  "0x304a": 3.5,
  "0x304b": 1.5,
  "0x3d20": 5.9,
  "0x3d21": 3.1,
  "0x4888": 3.1,
  "0x4889": 3.6,
  "0x5300": 3.8000000000000007,
  "0x5301": 2.6,
  "0x5b8e": 2.6,
  "0x5b8f": 2.7,
  "0x632c": 2.0,
  "0x632d": 3.0,
  "0x68e0": 5.8,
  "0x68e1": 0.0,
  "0x6da2": 5.300000000000002,
  "0x6da3": 0.0,
  "0x7318": 0.4000000000000004,
  "0x7319": 2.6,
  "0x779c": 6.6,
  "0x779d": 1.5999999999999996,
  "0x304c": 5.699999999999998,
  "0x304d": 0.0,
  "0x3d22": 10.0,
  "0x3d23": 1.7000000000000002,
  "0x488a": 4.199999999999998,
  "0x488b": 1.9000000000000004,
  "0x5302": 5.800000000000002,
  "0x5303": 2.4000000000000004,
  "0x5b90": 5.6,
  "0x5b91": 2.1,
  "0x632e": 0.0,
  "0x632f": 2.8,
  "0x68e2": 4.2,
  "0x68e3": 0.0,
  "0x6da4": 10.1,
  "0x6da5": 3.5,
  "0x731a": 3.5,
  "0x731b": 2.2,
  "0x779e": 8.0,
  "0x779f": 4.3
}