{
  "0x3078": 4.59756326675415,
  "0x3079": 2.900094747543335,
  "0x3d4e": 8.511197090148926,
  "0x3d4f": 1.5961765050888062,
  "0x48b6": 5.974966526031494,
  "0x48b7": 2.623591661453247,
  "0x532e": 5.515786647796631,
  "0x532f": 3.4824178218841553,
  "0x5bbc": 3.6543354988098145,
  "0x5bbd": 1.3966151475906372,
  "0x635a": 3.9002914428710938,
  "0x635b": 0.005164967849850655,
  "0x690e": -1.058563470840454,
  "0x690f": 2.198045492172241,
  "0x6dd0": 5.103884220123291,
  "0x6dd1": 2.9052295684814453,
  "0x7346": 4.898792743682861,
  "0x7347": 3.0120649337768555,
  "0x77ca": 4.298164367675781,
  "0x77cb": 2.1005077362060547,
  "0x307a": 4.59756326675415,
  "0x307b": 2.900094747543335,
  "0x3d50": 8.511197090148926,
  "0x3d51": 1.5961765050888062,
  "0x48b8": 5.974966526031494,
  "0x48b9": 2.623591661453247,
  "0x5330": 5.515786647796631,
  "0x5331": 0.7733325958251953,
  "0x5bbe": 3.6543354988098145,
  "0x5bbf": -0.11756675690412521,
  "0x635c": 3.9002914428710938,
  "0x635d": 0.005164967849850655,
  "0x6910": 0.7987958788871765,
  "0x6911": 2.198045492172241,
  "0x6dd2": 5.103884220123291,
  "0x6dd3": 2.9052295684814453,
  "0x7348": 4.898792743682861,
  "0x7349": 3.0120649337768555,
  "0x77cc": 4.298164367675781,
  "0x77cd": 2.1005077362060547,
  "0x307c": 4.59756326675415,
  "0x307d": 2.900094747543335,
  "0x3d52": 8.511197090148926,
  "0x3d53": 1.5961765050888062,
  "0x48ba": 5.974966526031494,
  "0x48bb": 2.623591661453247,
  "0x5332": 5.515786647796631,
  "0x5333": 3.4824178218841553,
  "0x5bc0": 3.6543354988098145,
  "0x5bc1": 1.3966151475906372,
  "0x635e": 3.9002914428710938,
  "0x635f": 1.821122169494629,
  "0x6912": 0.7987958788871765,
  "0x6913": 2.198045492172241,
  "0x6dd4": 5.103884220123291,
  "0x6dd5": 2.9052295684814453,
  "0x734a": 4.898792743682861,
  "0x734b": 3.0120649337768555,
  "0x77ce": 4.298164367675781,
  "0x77cf": 2.1005077362060547,
  "0x307e": 4.59756326675415,
  "0x307f": 2.900094747543335,
  "0x3d54": 8.511197090148926,
  "0x3d55": 1.5961765050888062,
  "0x48bc": 5.974966526031494,
  "0x48bd": 2.623591661453247,
  "0x5334": 5.515786647796631,
  "0x5335": 3.4824178218841553,
  "0x5bc2": 3.6543354988098145,
  "0x5bc3": 1.3966151475906372,
  "0x6360": 3.9002914428710938,
  "0x6361": 1.821122169494629,
  "0x6914": 0.7987958788871765,
  "0x6915": 2.198045492172241,
  "0x6dd6": 5.103884220123291,
  "0x6dd7": 2.9052295684814453,
  "0x734c": 4.898792743682861,
  "0x734d": 3.0120649337768555,
  "0x77d0": 4.298164367675781,
  "0x77d1": 2.1005077362060547,
  "0x3080": 4.59756326675415,
  "0x3081": 2.900094747543335,
  "0x3d56": 8.511197090148926,
  "0x3d57": 1.5961765050888062,
  "0x48be": 5.974966526031494,
  "0x48bf": 0.3502667546272278,
  "0x5336": 5.515786647796631,
  "0x5337": 3.4824178218841553,
  "0x5bc4": 3.6543354988098145,
  "0x5bc5": 1.3966151475906372,
  "0x6362": 3.9002914428710938,
  "0x6363": 1.821122169494629,
  "0x6916": 0.7987958788871765,
  "0x6917": 2.198045492172241,
  "0x6dd8": 5.103884220123291,
  "0x6dd9": 2.9052295684814453,
  "0x734e": 4.898792743682861,
  "0x734f": 3.0120649337768555,
  "0x77d2": 4.298164367675781,
  "0x77d3": 2.1005077362060547,
  "0x3082": 4.59756326675415,
  "0x3083": 2.900094747543335,
  "0x3d58": 8.511197090148926,
  "0x3d59": 0.022404883056879044,
  "0x48c0": 5.974966526031494,
  "0x48c1": 2.623591661453247,
  "0x5338": 5.515786647796631,
  "0x5339": 3.4824178218841553,
  "0x5bc6": 3.6543354988098145,
  "0x5bc7": 1.3966151475906372,
  "0x6364": 3.9002914428710938,
  "0x6365": 1.821122169494629,
  "0x6918": 0.7987958788871765,
  "0x6919": -0.2372673898935318,
  "0x6dda": 5.103884220123291,
  "0x6ddb": 2.9052295684814453,
  "0x7350": 4.898792743682861,
  "0x7351": 3.0120649337768555,
  "0x77d4": 4.298164367675781,
  "0x77d5": 0.00443496135994792,
  "0x3084": 4.59756326675415,
  "0x3085": 2.900094747543335,
  "0x3d5a": 8.511197090148926,
  "0x3d5b": 1.5961765050888062,
  "0x48c2": 5.974966526031494,
  "0x48c3": 2.623591661453247,
  "0x533a": 5.515786647796631,
  "0x533b": 3.4824178218841553,
  "0x5bc8": 3.6543354988098145,
  "0x5bc9": 1.3966151475906372,
  "0x6366": 3.9002914428710938,
  "0x6367": 1.821122169494629,
  "0x691a": -1.058563470840454,
  "0x691b": -0.2372673898935318,
  "0x6ddc": 5.103884220123291,
  "0x6ddd": 2.9052295684814453,
  "0x7352": 4.898792743682861,
  "0x7353": 3.0120649337768555,
  "0x77d6": 4.298164367675781,
  "0x77d7": 0.00443496135994792
}