{
  "date.value": {
    "0x2c26": 1.5552864e+18,
    "0x2c27": 1.5552864e+18,
    "0x38fc": 1.5552864e+18,
    "0x38fd": 1.5552864e+18,
    "0x4464": 1.5552864e+18,
    "0x4465": 1.5552864e+18,
    "0x4edc": 1.5552864e+18,
    "0x4edd": 1.5552864e+18,
    "0x576a": 1.5552864e+18,
    "0x576b": 1.5552864e+18,
    "0x2c28": 1.5553728e+18,
    "0x2c29": 1.5553728e+18,
    "0x38fe": 1.5553728e+18,
    "0x38ff": 1.5553728e+18,
    "0x4466": 1.5553728e+18,
    "0x4467": 1.5553728e+18,
    "0x4ede": 1.5553728e+18,
    "0x4edf": 1.5553728e+18,
    "0x576c": 1.5553728e+18,
    "0x576d": 1.5553728e+18,
    "0x2c2a": 1.5554592e+18,
    "0x2c2b": 1.5554592e+18,
    "0x3900": 1.5554592e+18,
    "0x3901": 1.5554592e+18,
    "0x4468": 1.5554592e+18,
    "0x4469": 1.5554592e+18,
    "0x4ee0": 1.5554592e+18,
    "0x4ee1": 1.5554592e+18,
    "0x576e": 1.5554592e+18,
    "0x576f": 1.5554592e+18,
    "0x2c2c": 1.5555456e+18,
    "0x2c2d": 1.5555456e+18,
    "0x3902": 1.5555456e+18,
    "0x3903": 1.5555456e+18,
    "0x446a": 1.5555456e+18,
    "0x446b": 1.5555456e+18,
    "0x4ee2": 1.5555456e+18,
    "0x4ee3": 1.5555456e+18,
    "0x5770": 1.5555456e+18,
    "0x5771": 1.5555456e+18,
    "0x2c2e": 1.555632e+18,
    "0x2c2f": 1.555632e+18,
    "0x3904": 1.555632e+18,
    "0x3905": 1.555632e+18,
    "0x446c": 1.555632e+18,
    "0x446d": 1.555632e+18,
    "0x4ee4": 1.555632e+18,
    "0x4ee5": 1.555632e+18,
    "0x5772": 1.555632e+18,
    "0x5773": 1.555632e+18,
    "0x2c30": 1.5557184e+18,
    "0x2c31": 1.5557184e+18,
    "0x3906": 1.5557184e+18,
    "0x3907": 1.5557184e+18,
    "0x446e": 1.5557184e+18,
    "0x446f": 1.5557184e+18,
    "0x4ee6": 1.5557184e+18,
    "0x4ee7": 1.5557184e+18,
    "0x5774": 1.5557184e+18,
    "0x5775": 1.5557184e+18,
    "0x2c32": 1.5558048e+18,
    "0x2c33": 1.5558048e+18,
    "0x3908": 1.5558048e+18,
    "0x3909": 1.5558048e+18,
    "0x4470": 1.5558048e+18,
    "0x4471": 1.5558048e+18,
    "0x4ee8": 1.5558048e+18,
    "0x4ee9": 1.5558048e+18,
    "0x5776": 1.5558048e+18,
    "0x5777": 1.5558048e+18
  },
  "warehouse_ID.value": {
    "0x2c26": 0.1,
    "0x2c27": 0.1,
    "0x38fc": 0.30000000000000004,
    "0x38fd": 0.30000000000000004,
    "0x4464": 0.5,
    "0x4465": 0.5,
    "0x4edc": 0.7000000000000001,
    "0x4edd": 0.7000000000000001,
    "0x576a": 0.9,
    "0x576b": 0.9,
    "0x2c28": 0.1,
    "0x2c29": 0.1,
    "0x38fe": 0.30000000000000004,
    "0x38ff": 0.30000000000000004,
    "0x4466": 0.5,
    "0x4467": 0.5,
    "0x4ede": 0.7000000000000001,
    "0x4edf": 0.7000000000000001,
    "0x576c": 0.9,
    "0x576d": 0.9,
    "0x2c2a": 0.1,
    "0x2c2b": 0.1,
    "0x3900": 0.30000000000000004,
    "0x3901": 0.30000000000000004,
    "0x4468": 0.5,
    "0x4469": 0.5,
    "0x4ee0": 0.7000000000000001,
    "0x4ee1": 0.7000000000000001,
    "0x576e": 0.9,
    "0x576f": 0.9,
    "0x2c2c": 0.1,
    "0x2c2d": 0.1,
    "0x3902": 0.30000000000000004,
    "0x3903": 0.30000000000000004,
    "0x446a": 0.5,
    "0x446b": 0.5,
    "0x4ee2": 0.7000000000000001,
    "0x4ee3": 0.7000000000000001,
    "0x5770": 0.9,
    "0x5771": 0.9,
    "0x2c2e": 0.1,
    "0x2c2f": 0.1,
    "0x3904": 0.30000000000000004,
    "0x3905": 0.30000000000000004,
    "0x446c": 0.5,
    "0x446d": 0.5,
    "0x4ee4": 0.7000000000000001,
    "0x4ee5": 0.7000000000000001,
    "0x5772": 0.9,
    "0x5773": 0.9,
    "0x2c30": 0.1,
    "0x2c31": 0.1,
    "0x3906": 0.30000000000000004,
    "0x3907": 0.30000000000000004,
    "0x446e": 0.5,
    "0x446f": 0.5,
    "0x4ee6": 0.7000000000000001,
    "0x4ee7": 0.7000000000000001,
    "0x5774": 0.9,
    "0x5775": 0.9,
    "0x2c32": 0.1,
    "0x2c33": 0.1,
    "0x3908": 0.30000000000000004,
    "0x3909": 0.30000000000000004,
    "0x4470": 0.5,
    "0x4471": 0.5,
    "0x4ee8": 0.7000000000000001,
    "0x4ee9": 0.7000000000000001,
    "0x5776": 0.9,
    "0x5777": 0.9
  },
  "Product_Type.value": {
    "0x2c26": 0.25,
    "0x2c27": 0.75,
    "0x38fc": 0.25,
    "0x38fd": 0.75,
    "0x4464": 0.25,
    "0x4465": 0.75,
    "0x4edc": 0.25,
    "0x4edd": 0.75,
    "0x576a": 0.25,
    "0x576b": 0.75,
    "0x2c28": 0.25,
    "0x2c29": 0.75,
    "0x38fe": 0.25,
    "0x38ff": 0.75,
    "0x4466": 0.25,
    "0x4467": 0.75,
    "0x4ede": 0.25,
    "0x4edf": 0.75,
    "0x576c": 0.25,
    "0x576d": 0.75,
    "0x2c2a": 0.25,
    "0x2c2b": 0.75,
    "0x3900": 0.25,
    "0x3901": 0.75,
    "0x4468": 0.25,
    "0x4469": 0.75,
    "0x4ee0": 0.25,
    "0x4ee1": 0.75,
    "0x576e": 0.25,
    "0x576f": 0.75,
    "0x2c2c": 0.25,
    "0x2c2d": 0.75,
    "0x3902": 0.25,
    "0x3903": 0.75,
    "0x446a": 0.25,
    "0x446b": 0.75,
    "0x4ee2": 0.25,
    "0x4ee3": 0.75,
    "0x5770": 0.25,
    "0x5771": 0.75,
    "0x2c2e": 0.25,
    "0x2c2f": 0.75,
    "0x3904": 0.25,
    "0x3905": 0.75,
    "0x446c": 0.25,
    "0x446d": 0.75,
    "0x4ee4": 0.25,
    "0x4ee5": 0.75,
    "0x5772": 0.25,
    "0x5773": 0.75,
    "0x2c30": 0.25,
    "0x2c31": 0.75,
    "0x3906": 0.25,
    "0x3907": 0.75,
    "0x446e": 0.25,
    "0x446f": 0.75,
    "0x4ee6": 0.25,
    "0x4ee7": 0.75,
    "0x5774": 0.25,
    "0x5775": 0.75,
    "0x2c32": 0.25,
    "0x2c33": 0.75,
    "0x3908": 0.25,
    "0x3909": 0.75,
    "0x4470": 0.25,
    "0x4471": 0.75,
    "0x4ee8": 0.25,
    "0x4ee9": 0.75,
    "0x5776": 0.25,
    "0x5777": 0.75
  },
  "year.value": {
    "0x2c26": 2019,
    "0x2c27": 2019,
    "0x38fc": 2019,
    "0x38fd": 2019,
    "0x4464": 2019,
    "0x4465": 2019,
    "0x4edc": 2019,
    "0x4edd": 2019,
    "0x576a": 2019,
    "0x576b": 2019,
    "0x2c28": 2019,
    "0x2c29": 2019,
    "0x38fe": 2019,
    "0x38ff": 2019,
    "0x4466": 2019,
    "0x4467": 2019,
    "0x4ede": 2019,
    "0x4edf": 2019,
    "0x576c": 2019,
    "0x576d": 2019,
    "0x2c2a": 2019,
    "0x2c2b": 2019,
    "0x3900": 2019,
    "0x3901": 2019,
    "0x4468": 2019,
    "0x4469": 2019,
    "0x4ee0": 2019,
    "0x4ee1": 2019,
    "0x576e": 2019,
    "0x576f": 2019,
    "0x2c2c": 2019,
    "0x2c2d": 2019,
    "0x3902": 2019,
    "0x3903": 2019,
    "0x446a": 2019,
    "0x446b": 2019,
    "0x4ee2": 2019,
    "0x4ee3": 2019,
    "0x5770": 2019,
    "0x5771": 2019,
    "0x2c2e": 2019,
    "0x2c2f": 2019,
    "0x3904": 2019,
    "0x3905": 2019,
    "0x446c": 2019,
    "0x446d": 2019,
    "0x4ee4": 2019,
    "0x4ee5": 2019,
    "0x5772": 2019,
    "0x5773": 2019,
    "0x2c30": 2019,
    "0x2c31": 2019,
    "0x3906": 2019,
    "0x3907": 2019,
    "0x446e": 2019,
    "0x446f": 2019,
    "0x4ee6": 2019,
    "0x4ee7": 2019,
    "0x5774": 2019,
    "0x5775": 2019,
    "0x2c32": 2019,
    "0x2c33": 2019,
    "0x3908": 2019,
    "0x3909": 2019,
    "0x4470": 2019,
    "0x4471": 2019,
    "0x4ee8": 2019,
    "0x4ee9": 2019,
    "0x5776": 2019,
    "0x5777": 2019
  },
  "month.value": {
    "0x2c26": 4,
    "0x2c27": 4,
    "0x38fc": 4,
    "0x38fd": 4,
    "0x4464": 4,
    "0x4465": 4,
    "0x4edc": 4,
    "0x4edd": 4,
    "0x576a": 4,
    "0x576b": 4,
    "0x2c28": 4,
    "0x2c29": 4,
    "0x38fe": 4,
    "0x38ff": 4,
    "0x4466": 4,
    "0x4467": 4,
    "0x4ede": 4,
    "0x4edf": 4,
    "0x576c": 4,
    "0x576d": 4,
    "0x2c2a": 4,
    "0x2c2b": 4,
    "0x3900": 4,
    "0x3901": 4,
    "0x4468": 4,
    "0x4469": 4,
    "0x4ee0": 4,
    "0x4ee1": 4,
    "0x576e": 4,
    "0x576f": 4,
    "0x2c2c": 4,
    "0x2c2d": 4,
    "0x3902": 4,
    "0x3903": 4,
    "0x446a": 4,
    "0x446b": 4,
    "0x4ee2": 4,
    "0x4ee3": 4,
    "0x5770": 4,
    "0x5771": 4,
    "0x2c2e": 4,
    "0x2c2f": 4,
    "0x3904": 4,
    "0x3905": 4,
    "0x446c": 4,
    "0x446d": 4,
    "0x4ee4": 4,
    "0x4ee5": 4,
    "0x5772": 4,
    "0x5773": 4,
    "0x2c30": 4,
    "0x2c31": 4,
    "0x3906": 4,
    "0x3907": 4,
    "0x446e": 4,
    "0x446f": 4,
    "0x4ee6": 4,
    "0x4ee7": 4,
    "0x5774": 4,
    "0x5775": 4,
    "0x2c32": 4,
    "0x2c33": 4,
    "0x3908": 4,
    "0x3909": 4,
    "0x4470": 4,
    "0x4471": 4,
    "0x4ee8": 4,
    "0x4ee9": 4,
    "0x5776": 4,
    "0x5777": 4
  },
  "is_weekend.value": {
    "0x2c26": 0.35714285714285715,
    "0x2c27": 0.35714285714285715,