{
  "0x2c26": 7.100029945373535,
  "0x2c27": 4.398220539093018,
  "0x38fc": 9.10196590423584,
  "0x38fd": 4.300647258758545,
  "0x4464": 11.696406364440918,
  "0x4465": 5.599560737609863,
  "0x4edc": 9.099891662597656,
  "0x4edd": 3.5995259284973145,
  "0x576a": 6.49984884262085,
  "0x576b": 3.4010541439056396,
  "0x2c28": 7.100029945373535,
  "0x2c29": 4.398220539093018,
  "0x38fe": 9.10196590423584,
  "0x38ff": 4.300647258758545,
  "0x4466": 11.696406364440918,
  "0x4467": 5.599560737609863,
  "0x4ede": 9.099891662597656,
  "0x4edf": 3.5995259284973145,
  "0x576c": 6.49984884262085,
  "0x576d": 3.4010541439056396,
  "0x2c2a": 7.100029945373535,
  "0x2c2b": 4.398220539093018,
  "0x3900": 9.10196590423584,
  "0x3901": 4.300647258758545,
  "0x4468": 11.696406364440918,
  "0x4469": 5.599560737609863,
  "0x4ee0": 9.099891662597656,
  "0x4ee1": 3.5995259284973145,
  "0x576e": 6.49984884262085,
  "0x576f": 3.4010541439056396,
  "0x2c2c": 7.100029945373535,
  "0x2c2d": 4.398220539093018,
  "0x3902": 9.10196590423584,
  "0x3903": 4.300647258758545,
  "0x446a": 11.696406364440918,
  "0x446b": 5.599560737609863,
  "0x4ee2": 9.099891662597656,
  "0x4ee3": 3.5995259284973145,
  "0x5770": 6.49984884262085,
  "0x5771": 3.4010541439056396,
  "0x2c2e": 7.100029945373535,
  "0x2c2f": 4.398220539093018,
  "0x3904": 9.10196590423584,
  "0x3905": 4.300647258758545,
  "0x446c": 11.696406364440918,
  "0x446d": 5.599560737609863,
  "0x4ee4": 9.099891662597656,
  "0x4ee5": 3.5995259284973145,
  "0x5772": 6.49984884262085,
  "0x5773": 3.4010541439056396,
  "0x2c30": 7.100029945373535,
  "0x2c31": 4.398220539093018,
  "0x3906": 9.10196590423584,
  "0x3907": 4.300647258758545,
  "0x446e": 11.696406364440918,
  "0x446f": 5.599560737609863,
  "0x4ee6": 9.099891662597656,
  "0x4ee7": 3.5995259284973145,
  "0x5774": 6.49984884262085,
  "0x5775": 3.4010541439056396,
  "0x2c32": 7.100029945373535,
  "0x2c33": 4.398220539093018,
  "0x3908": 9.10196590423584,
  "0x3909": 4.300647258758545,
  "0x4470": 11.696406364440918,
  "0x4471": 5.599560737609863,
  "0x4ee8": 9.099891662597656,
  "0x4ee9": 3.5995259284973145,
  "0x5776": 6.49984884262085,
  "0x5777": 3.4010541439056396
}