{
  "date.value": {
    "0x2c34": 1.5558912e+18,
    "0x2c35": 1.5558912e+18,
    "0x390a": 1.5558912e+18,
    "0x390b": 1.5558912e+18,
    "0x4472": 1.5558912e+18,
    "0x4473": 1.5558912e+18,
    "0x4eea": 1.5558912e+18,
    "0x4eeb": 1.5558912e+18,
    "0x5778": 1.5558912e+18,
    "0x5779": 1.5558912e+18,
    "0x2c36": 1.5559776e+18,
    "0x2c37": 1.5559776e+18,
    "0x390c": 1.5559776e+18,
    "0x390d": 1.5559776e+18,
    "0x4474": 1.5559776e+18,
    "0x4475": 1.5559776e+18,
    "0x4eec": 1.5559776e+18,
    "0x4eed": 1.5559776e+18,
    "0x577a": 1.5559776e+18,
    "0x577b": 1.5559776e+18,
    "0x2c38": 1.556064e+18,
    "0x2c39": 1.556064e+18,
    "0x390e": 1.556064e+18,
    "0x390f": 1.556064e+18,
    "0x4476": 1.556064e+18,
    "0x4477": 1.556064e+18,
    "0x4eee": 1.556064e+18,
    "0x4eef": 1.556064e+18,
    "0x577c": 1.556064e+18,
    "0x577d": 1.556064e+18,
    "0x2c3a": 1.5561504e+18,
    "0x2c3b": 1.5561504e+18,
    "0x3910": 1.5561504e+18,
    "0x3911": 1.5561504e+18,
    "0x4478": 1.5561504e+18,
    "0x4479": 1.5561504e+18,
    "0x4ef0": 1.5561504e+18,
    "0x4ef1": 1.5561504e+18,
    "0x577e": 1.5561504e+18,
    "0x577f": 1.5561504e+18,
    "0x2c3c": 1.5562368e+18,
    "0x2c3d": 1.5562368e+18,
    "0x3912": 1.5562368e+18,
    "0x3913": 1.5562368e+18,
    "0x447a": 1.5562368e+18,
    "0x447b": 1.5562368e+18,
    "0x4ef2": 1.5562368e+18,
    "0x4ef3": 1.5562368e+18,
    "0x5780": 1.5562368e+18,
    "0x5781": 1.5562368e+18,
    "0x2c3e": 1.5563232e+18,
    "0x2c3f": 1.5563232e+18,
    "0x3914": 1.5563232e+18,
    "0x3915": 1.5563232e+18,
    "0x447c": 1.5563232e+18,
    "0x447d": 1.5563232e+18,
    "0x4ef4": 1.5563232e+18,
    "0x4ef5": 1.5563232e+18,
    "0x5782": 1.5563232e+18,
    "0x5783": 1.5563232e+18,
    "0x2c40": 1.5564096e+18,
    "0x2c41": 1.5564096e+18,
    "0x3916": 1.5564096e+18,
    "0x3917": 1.5564096e+18,
    "0x447e": 1.5564096e+18,
    "0x447f": 1.5564096e+18,
    "0x4ef6": 1.5564096e+18,
    "0x4ef7": 1.5564096e+18,
    "0x5784": 1.5564096e+18,
    "0x5785": 1.5564096e+18
  },
  "warehouse_ID.value": {
    "0x2c34": 0.1,
    "0x2c35": 0.1,
    "0x390a": 0.30000000000000004,
    "0x390b": 0.30000000000000004,
    "0x4472": 0.5,
    "0x4473": 0.5,
    "0x4eea": 0.7000000000000001,
    "0x4eeb": 0.7000000000000001,
    "0x5778": 0.9,
    "0x5779": 0.9,
    "0x2c36": 0.1,
    "0x2c37": 0.1,
    "0x390c": 0.30000000000000004,
    "0x390d": 0.30000000000000004,
    "0x4474": 0.5,
    "0x4475": 0.5,
    "0x4eec": 0.7000000000000001,
    "0x4eed": 0.7000000000000001,
    "0x577a": 0.9,
    "0x577b": 0.9,
    "0x2c38": 0.1,
    "0x2c39": 0.1,
    "0x390e": 0.30000000000000004,
    "0x390f": 0.30000000000000004,
    "0x4476": 0.5,
    "0x4477": 0.5,
    "0x4eee": 0.7000000000000001,
    "0x4eef": 0.7000000000000001,
    "0x577c": 0.9,
    "0x577d": 0.9,
    "0x2c3a": 0.1,
    "0x2c3b": 0.1,
    "0x3910": 0.30000000000000004,
    "0x3911": 0.30000000000000004,
    "0x4478": 0.5,
    "0x4479": 0.5,
    "0x4ef0": 0.7000000000000001,
    "0x4ef1": 0.7000000000000001,
    "0x577e": 0.9,
    "0x577f": 0.9,
    "0x2c3c": 0.1,
    "0x2c3d": 0.1,
    "0x3912": 0.30000000000000004,
    "0x3913": 0.30000000000000004,
    "0x447a": 0.5,
    "0x447b": 0.5,
    "0x4ef2": 0.7000000000000001,
    "0x4ef3": 0.7000000000000001,
    "0x5780": 0.9,
    "0x5781": 0.9,
    "0x2c3e": 0.1,
    "0x2c3f": 0.1,
    "0x3914": 0.30000000000000004,
    "0x3915": 0.30000000000000004,
    "0x447c": 0.5,
    "0x447d": 0.5,
    "0x4ef4": 0.7000000000000001,
    "0x4ef5": 0.7000000000000001,
    "0x5782": 0.9,
    "0x5783": 0.9,
    "0x2c40": 0.1,
    "0x2c41": 0.1,
    "0x3916": 0.30000000000000004,
    "0x3917": 0.30000000000000004,
    "0x447e": 0.5,
    "0x447f": 0.5,
    "0x4ef6": 0.7000000000000001,
    "0x4ef7": 0.7000000000000001,
    "0x5784": 0.9,
    "0x5785": 0.9
  },
  "Product_Type.value": {
    "0x2c34": 0.25,
    "0x2c35": 0.75,
    "0x390a": 0.25,
    "0x390b": 0.75,
    "0x4472": 0.25,
    "0x4473": 0.75,
    "0x4eea": 0.25,
    "0x4eeb": 0.75,
    "0x5778": 0.25,
    "0x5779": 0.75,
    "0x2c36": 0.25,
    "0x2c37": 0.75,
    "0x390c": 0.25,
    "0x390d": 0.75,
    "0x4474": 0.25,
    "0x4475": 0.75,
    "0x4eec": 0.25,
    "0x4eed": 0.75,
    "0x577a": 0.25,
    "0x577b": 0.75,
    "0x2c38": 0.25,
    "0x2c39": 0.75,
    "0x390e": 0.25,
    "0x390f": 0.75,
    "0x4476": 0.25,
    "0x4477": 0.75,
    "0x4eee": 0.25,
    "0x4eef": 0.75,
    "0x577c": 0.25,
    "0x577d": 0.75,
    "0x2c3a": 0.25,
    "0x2c3b": 0.75,
    "0x3910": 0.25,
    "0x3911": 0.75,
    "0x4478": 0.25,
    "0x4479": 0.75,
    "0x4ef0": 0.25,
    "0x4ef1": 0.75,
    "0x577e": 0.25,
    "0x577f": 0.75,
    "0x2c3c": 0.25,
    "0x2c3d": 0.75,
    "0x3912": 0.25,
    "0x3913": 0.75,
    "0x447a": 0.25,
    "0x447b": 0.75,
    "0x4ef2": 0.25,
    "0x4ef3": 0.75,
    "0x5780": 0.25,
    "0x5781": 0.75,
    "0x2c3e": 0.25,
    "0x2c3f": 0.75,
    "0x3914": 0.25,
    "0x3915": 0.75,
    "0x447c": 0.25,
    "0x447d": 0.75,
    "0x4ef4": 0.25,
    "0x4ef5": 0.75,
    "0x5782": 0.25,
    "0x5783": 0.75,
    "0x2c40": 0.25,
    "0x2c41": 0.75,
    "0x3916": 0.25,
    "0x3917": 0.75,
    "0x447e": 0.25,
    "0x447f": 0.75,
    "0x4ef6": 0.25,
    "0x4ef7": 0.75,
    "0x5784": 0.25,
    "0x5785": 0.75
  },
  "year.value": {
    "0x2c34": 2019,
    "0x2c35": 2019,
    "0x390a": 2019,
    "0x390b": 2019,
    "0x4472": 2019,
    "0x4473": 2019,
    "0x4eea": 2019,
    "0x4eeb": 2019,
    "0x5778": 2019,
    "0x5779": 2019,
    "0x2c36": 2019,
    "0x2c37": 2019,
    "0x390c": 2019,
    "0x390d": 2019,
    "0x4474": 2019,
    "0x4475": 2019,
    "0x4eec": 2019,
    "0x4eed": 2019,
    "0x577a": 2019,
    "0x577b": 2019,
    "0x2c38": 2019,
    "0x2c39": 2019,
    "0x390e": 2019,
    "0x390f": 2019,
    "0x4476": 2019,
    "0x4477": 2019,
    "0x4eee": 2019,
    "0x4eef": 2019,
    "0x577c": 2019,
    "0x577d": 2019,
    "0x2c3a": 2019,
    "0x2c3b": 2019,
    "0x3910": 2019,
    "0x3911": 2019,
    "0x4478": 2019,
    "0x4479": 2019,
    "0x4ef0": 2019,
    "0x4ef1": 2019,
    "0x577e": 2019,
    "0x577f": 2019,
    "0x2c3c": 2019,
    "0x2c3d": 2019,
    "0x3912": 2019,
    "0x3913": 2019,
    "0x447a": 2019,
    "0x447b": 2019,
    "0x4ef2": 2019,
    "0x4ef3": 2019,
    "0x5780": 2019,
    "0x5781": 2019,
    "0x2c3e": 2019,
    "0x2c3f": 2019,
    "0x3914": 2019,
    "0x3915": 2019,
    "0x447c": 2019,
    "0x447d": 2019,
    "0x4ef4": 2019,
    "0x4ef5": 2019,
    "0x5782": 2019,
    "0x5783": 2019,
    "0x2c40": 2019,
    "0x2c41": 2019,
    "0x3916": 2019,
    "0x3917": 2019,
    "0x447e": 2019,
    "0x447f": 2019,
    "0x4ef6": 2019,
    "0x4ef7": 2019,
    "0x5784": 2019,
    "0x5785": 2019
  },
  "month.value": {
    "0x2c34": 4,
    "0x2c35": 4,
    "0x390a": 4,
    "0x390b": 4,
    "0x4472": 4,
    "0x4473": 4,
    "0x4eea": 4,
    "0x4eeb": 4,
    "0x5778": 4,
    "0x5779": 4,
    "0x2c36": 4,
    "0x2c37": 4,
    "0x390c": 4,
    "0x390d": 4,
    "0x4474": 4,
    "0x4475": 4,
    "0x4eec": 4,
    "0x4eed": 4,
    "0x577a": 4,
    "0x577b": 4,
    "0x2c38": 4,
    "0x2c39": 4,
    "0x390e": 4,
    "0x390f": 4,
    "0x4476": 4,
    "0x4477": 4,
    "0x4eee": 4,
    "0x4eef": 4,
    "0x577c": 4,
    "0x577d": 4,
    "0x2c3a": 4,
    "0x2c3b": 4,
    "0x3910": 4,
    "0x3911": 4,
    "0x4478": 4,
    "0x4479": 4,
    "0x4ef0": 4,
    "0x4ef1": 4,
    "0x577e": 4,
    "0x577f": 4,
    "0x2c3c": 4,
    "0x2c3d": 4,
    "0x3912": 4,
    "0x3913": 4,
    "0x447a": 4,
    "0x447b": 4,
    "0x4ef2": 4,
    "0x4ef3": 4,
    "0x5780": 4,
    "0x5781": 4,
    "0x2c3e": 4,
    "0x2c3f": 4,
    "0x3914": 4,
    "0x3915": 4,
    "0x447c": 4,
    "0x447d": 4,
    "0x4ef4": 4,
    "0x4ef5": 4,
    "0x5782": 4,
    "0x5783": 4,
    "0x2c40": 4,
    "0x2c41": 4,
    "0x3916": 4,
    "0x3917": 4,
    "0x447e": 4,
    "0x447f": 4,
    "0x4ef6": 4,
    "0x4ef7": 4,
    "0x5784": 4,
    "0x5785": 4
  },
  "is_weekend.value": {
    "0x2c34": 0.35714285714285715,
    "0x2c35": 0.35714285714285715,