{
  "0x2c34": 6.400432109832764,
  "0x2c35": 4.29987096786499,
  "0x390a": 10.998451232910156,
  "0x390b": 4.19996452331543,
  "0x4472": 7.498989582061768,
  "0x4473": 3.7014973163604736,
  "0x4eea": 7.6038336753845215,
  "0x4eeb": 3.699995756149292,
  "0x5778": 7.296924591064453,
  "0x5779": 3.8997538089752197,
  "0x2c36": 6.400432109832764,
  "0x2c37": 4.29987096786499,
  "0x390c": 10.998451232910156,
  "0x390d": 4.19996452331543,
  "0x4474": 7.498989582061768,
  "0x4475": 3.7014973163604736,
  "0x4eec": 7.6038336753845215,
  "0x4eed": 3.699995756149292,
  "0x577a": 7.296924591064453,
  "0x577b": 3.8997538089752197,
  "0x2c38": 6.400432109832764,
  "0x2c39": 4.29987096786499,
  "0x390e": 10.998451232910156,
  "0x390f": 4.19996452331543,
  "0x4476": 7.498989582061768,
  "0x4477": 3.7014973163604736,
  "0x4eee": 7.6038336753845215,
  "0x4eef": 3.699995756149292,
  "0x577c": 7.296924591064453,
  "0x577d": 3.8997538089752197,
  "0x2c3a": 6.400432109832764,
  "0x2c3b": 4.29987096786499,
  "0x3910": 10.998451232910156,
  "0x3911": 4.19996452331543,
  "0x4478": 7.498989582061768,
  "0x4479": 3.7014973163604736,
  "0x4ef0": 7.6038336753845215,
  "0x4ef1": 3.699995756149292,
  "0x577e": 7.296924591064453,
  "0x577f": 3.8997538089752197,
  "0x2c3c": 6.400432109832764,
  "0x2c3d": 4.29987096786499,
  "0x3912": 10.998451232910156,
  "0x3913": 4.19996452331543,
  "0x447a": 7.498989582061768,
  "0x447b": 3.7014973163604736,
  "0x4ef2": 7.6038336753845215,
  "0x4ef3": 3.699995756149292,
  "0x5780": 7.296924591064453,
  "0x5781": 3.8997538089752197,
  "0x2c3e": 6.400432109832764,
  "0x2c3f": 4.29987096786499,
  "0x3914": 10.998451232910156,
  "0x3915": 4.19996452331543,
  "0x447c": 7.498989582061768,
  "0x447d": 3.7014973163604736,
  "0x4ef4": 7.6038336753845215,
  "0x4ef5": 3.699995756149292,
  "0x5782": 7.296924591064453,
  "0x5783": 3.8997538089752197,
  "0x2c40": 6.400432109832764,
  "0x2c41": 4.29987096786499,
  "0x3916": 10.998451232910156,
  "0x3917": 4.19996452331543,
  "0x447e": 7.498989582061768,
  "0x447f": 3.7014973163604736,
  "0x4ef6": 7.6038336753845215,
  "0x4ef7": 3.699995756149292,
  "0x5784": 7.296924591064453,
  "0x5785": 3.8997538089752197
}