{
  "0x2f0c": 7.7940592765808105,
  "0x2f0d": 3.1040143966674805,
  "0x3be2": 6.922163963317871,
  "0x3be3": 1.980952501296997,
  "0x474a": 7.286377906799316,
  "0x474b": 2.3167121410369873,
  "0x51c2": 3.5029308795928955,
  "0x51c3": 2.596212148666382,
  "0x5a50": 4.493904113769531,
  "0x5a51": 2.2037386894226074,
  "0x61ee": 4.406991004943848,
  "0x61ef": 2.7962167263031006,
  "0x67a2": 1.8043022155761719,
  "0x67a3": 3.0922718048095703,
  "0x71da": 5.494673252105713,
  "0x71db": 3.005096197128296,
  "0x2f0e": 7.7940592765808105,
  "0x2f0f": 3.1040143966674805,
  "0x3be4": 6.922163963317871,
  "0x3be5": 1.980952501296997,
  "0x474c": 7.286377906799316,
  "0x474d": 2.3167121410369873,
  "0x51c4": 3.5029308795928955,
  "0x51c5": 2.596212148666382,
  "0x5a52": 4.493904113769531,
  "0x5a53": 2.2037386894226074,
  "0x61f0": 4.406991004943848,
  "0x61f1": 2.7962167263031006,
  "0x67a4": 1.8043022155761719,
  "0x67a5": 3.0922718048095703,
  "0x71dc": 5.494673252105713,
  "0x71dd": 3.005096197128296,
  "0x2f10": 7.7940592765808105,
  "0x2f11": 3.1040143966674805,
  "0x3be6": 6.922163963317871,
  "0x3be7": 1.980952501296997,
  "0x474e": 7.286377906799316,
  "0x474f": 2.3167121410369873,
  "0x51c6": 3.5029308795928955,
  "0x51c7": 2.596212148666382,
  "0x5a54": 4.493904113769531,
  "0x5a55": 2.2037386894226074,
  "0x61f2": 4.406991004943848,
  "0x61f3": 2.7962167263031006,
  "0x67a6": 1.8043022155761719,
  "0x67a7": 3.0922718048095703,
  "0x71de": 5.494673252105713,
  "0x71df": 3.005096197128296,
  "0x2f12": 7.7940592765808105,
  "0x2f13": 3.1040143966674805,
  "0x3be8": 6.922163963317871,
  "0x3be9": 1.980952501296997,
  "0x4750": 7.286377906799316,
  "0x4751": 2.3167121410369873,
  "0x51c8": 3.5029308795928955,
  "0x51c9": 2.596212148666382,
  "0x5a56": 4.493904113769531,
  "0x5a57": 2.2037386894226074,
  "0x61f4": 4.406991004943848,
  "0x61f5": 2.7962167263031006,
  "0x67a8": 1.8043022155761719,
  "0x67a9": 3.0922718048095703,
  "0x71e0": 5.494673252105713,
  "0x71e1": 3.005096197128296,
  "0x2f14": 7.7940592765808105,
  "0x2f15": 3.1040143966674805,
  "0x3bea": 6.922163963317871,
  "0x3beb": 1.980952501296997,
  "0x4752": 7.286377906799316,
  "0x4753": 2.3167121410369873,
  "0x51ca": 3.5029308795928955,
  "0x51cb": 2.596212148666382,
  "0x5a58": 4.493904113769531,
  "0x5a59": 2.2037386894226074,
  "0x61f6": 4.406991004943848,
  "0x61f7": 2.7962167263031006,
  "0x67aa": 1.8043022155761719,
  "0x67ab": 3.0922718048095703,
  "0x71e2": 5.494673252105713,
  "0x71e3": 3.005096197128296,
  "0x2f16": 7.7940592765808105,
  "0x2f17": 3.1040143966674805,
  "0x3bec": 6.922163963317871,
  "0x3bed": 1.980952501296997,
  "0x4754": 7.286377906799316,
  "0x4755": 2.3167121410369873,
  "0x51cc": 3.5029308795928955,
  "0x51cd": 2.596212148666382,
  "0x5a5a": 4.493904113769531,
  "0x5a5b": 2.2037386894226074,
  "0x61f8": 4.406991004943848,
  "0x61f9": 2.7962167263031006,
  "0x67ac": 1.8043022155761719,
  "0x67ad": 3.0922718048095703,
  "0x71e4": 5.494673252105713,
  "0x71e5": 3.005096197128296,
  "0x2f18": 7.7940592765808105,
  "0x2f19": 3.1040143966674805,
  "0x3bee": 6.922163963317871,
  "0x3bef": 1.980952501296997,
  "0x4756": 7.286377906799316,
  "0x4757": 2.3167121410369873,
  "0x51ce": 3.5029308795928955,
  "0x51cf": 2.596212148666382,
  "0x5a5c": 4.493904113769531,
  "0x5a5d": 2.2037386894226074,
  "0x61fa": 4.406991004943848,
  "0x61fb": 2.7962167263031006,
  "0x67ae": 1.8043022155761719,
  "0x67af": 3.0922718048095703,
  "0x71e6": 5.494673252105713,
  "0x71e7": 3.005096197128296
}