{
  "0x2ef0": 3.9967520236968994,
  "0x2ef1": 2.8034188747406006,
  "0x3bc6": 7.092472076416016,
  "0x3bc7": 2.88720703125,
  "0x472e": 7.610062122344971,
  "0x472f": 4.181189060211182,
  "0x51a6": 7.230370044708252,
  "0x51a7": 2.6663506031036377,
  "0x5a34": 3.390254020690918,
  "0x5a35": 2.3250224590301514,
  "0x61d2": 6.821054458618164,
  "0x61d3": 2.0401155948638916,
  "0x6786": 6.267421722412109,
  "0x6787": 1.9635981321334839,
  "0x71be": 6.466155529022217,
  "0x71bf": 3.071627616882324,
  "0x2ef2": 3.8761003017425537,
  "0x2ef3": 2.727860689163208,
  "0x3bc8": 7.085535526275635,
  "0x3bc9": 2.876742362976074,
  "0x4730": 7.808069229125977,
  "0x4731": 4.249526500701904,
  "0x51a8": 7.2334136962890625,
  "0x51a9": 2.659745931625366,
  "0x5a36": 3.3835930824279785,
  "0x5a37": 2.3185486793518066,
  "0x61d4": 6.814393997192383,
  "0x61d5": 2.0206875801086426,
  "0x6788": 6.137086391448975,
  "0x6789": 1.9985560178756714,
  "0x71c0": 6.340247631072998,
  "0x71c1": 3.1014599800109863,
  "0x2ef4": 3.8761003017425537,
  "0x2ef5": 2.5430469512939453,
  "0x3bca": 7.095601558685303,
  "0x3bcb": 2.8810982704162598,
  "0x4732": 7.518888473510742,
  "0x4733": 4.1990814208984375,
  "0x51aa": 7.2334136962890625,
  "0x51ab": 2.659745931625366,
  "0x5a38": 3.3835930824279785,
  "0x5a39": 2.3185486793518066,
  "0x61d6": 6.814393997192383,
  "0x61d7": 2.0206875801086426,
  "0x678a": 6.137086391448975,
  "0x678b": 1.9985560178756714,
  "0x71c2": 6.340247631072998,
  "0x71c3": 3.1014599800109863,
  "0x2ef6": 3.8819541931152344,
  "0x2ef7": 2.54548716545105,
  "0x3bcc": 7.089451789855957,
  "0x3bcd": 2.8687667846679688,
  "0x4734": 7.5141496658325195,
  "0x4735": 4.192333221435547,
  "0x51ac": 7.420843124389648,
  "0x51ad": 2.7110579013824463,
  "0x5a3a": 3.3835930824279785,
  "0x5a3b": 2.3185486793518066,
  "0x61d8": 6.814393997192383,
  "0x61d9": 2.0206875801086426,
  "0x678c": 6.137086391448975,
  "0x678d": 1.9985560178756714,
  "0x71c4": 6.238826751708984,
  "0x71c5": 3.1648612022399902,
  "0x2ef8": 3.879906177520752,
  "0x2ef9": 2.54548716545105,
  "0x3bce": 6.5061187744140625,
  "0x3bcf": 2.81132173538208,
  "0x4736": 7.29460334777832,
  "0x4737": 4.1126708984375,
  "0x51ae": 7.420135974884033,
  "0x51af": 2.7104854583740234,
  "0x5a3c": 3.3835930824279785,
  "0x5a3d": 2.3185486793518066,
  "0x61da": 6.814393997192383,
  "0x61db": 2.0206875801086426,
  "0x678e": 6.137086391448975,
  "0x678f": 1.9985560178756714,
  "0x71c6": 6.238826751708984,
  "0x71c7": 3.1648612022399902,
  "0x2efa": 3.85778546333313,
  "0x2efb": 2.07405686378479,
  "0x3bd0": 6.5061187744140625,
  "0x3bd1": 2.808818817138672,
  "0x4738": 7.378547668457031,
  "0x4739": 3.993161678314209,
  "0x51b0": 7.254486560821533,
  "0x51b1": 2.6781692504882812,
  "0x5a3e": 3.3835930824279785,
  "0x5a3f": 2.3185486793518066,
  "0x61dc": 6.814393997192383,
  "0x61dd": 2.0206875801086426,
  "0x6790": 6.137086391448975,
  "0x6791": 1.9985560178756714,
  "0x71c8": 6.238826751708984,
  "0x71c9": 3.1648612022399902,
  "0x2efc": 3.8838179111480713,
  "0x2efd": 2.0697741508483887,
  "0x3bd2": 6.502028465270996,
  "0x3bd3": 2.8095932006835938,
  "0x473a": 7.343038082122803,
  "0x473b": 3.8894550800323486,
  "0x51b2": 7.220700740814209,
  "0x51b3": 2.599492073059082,
  "0x5a40": 3.3835930824279785,
  "0x5a41": 2.3185486793518066,
  "0x61de": 6.814393997192383,
  "0x61df": 2.0206875801086426,
  "0x6792": 6.137086391448975,
  "0x6793": 1.9985560178756714,
  "0x71ca": 6.238826751708984,
  "0x71cb": 3.1648612022399902
}