{
  "0x2c88": 8.558791160583496,
  "0x2c89": 3.4331276416778564,
  "0x395e": 12.59982967376709,
  "0x395f": 5.265313625335693,
  "0x44c6": 9.875273704528809,
  "0x44c7": 4.927245140075684,
  "0x4f3e": 9.596468925476074,
  "0x4f3f": 3.4081785678863525,
  "0x57cc": 7.912473678588867,
  "0x57cd": 3.405564546585083,
  "0x5f6a": 7.675769805908203,
  "0x5f6b": 3.759443521499634,
  "0x2c8a": 9.099535942077637,
  "0x2c8b": 3.3025429248809814,
  "0x3960": 12.59982967376709,
  "0x3961": 5.3990797996521,
  "0x44c8": 9.911734580993652,
  "0x44c9": 5.187934398651123,
  "0x4f40": 9.599235534667969,
  "0x4f41": 3.501002073287964,
  "0x57ce": 8.488362312316895,
  "0x57cf": 3.333984136581421,
  "0x5f6c": 7.994365215301514,
  "0x5f6d": 3.7058207988739014,
  "0x2c8c": 9.099535942077637,
  "0x2c8d": 3.6613051891326904,
  "0x3962": 12.59982967376709,
  "0x3963": 5.507321834564209,
  "0x44ca": 10.30699634552002,
  "0x44cb": 4.843504428863525,
  "0x4f42": 9.874741554260254,
  "0x4f43": 4.13536262512207,
  "0x57d0": 8.251531600952148,
  "0x57d1": 3.70076584815979,
  "0x5f6e": 7.980579376220703,
  "0x5f6f": 3.7672815322875977,
  "0x2c8e": 9.099535942077637,
  "0x2c8f": 4.123173236846924,
  "0x3964": 12.59982967376709,
  "0x3965": 5.48657751083374,
  "0x44cc": 10.794371604919434,
  "0x44cd": 4.514022350311279,
  "0x4f44": 10.664970397949219,
  "0x4f45": 4.538046836853027,
  "0x57d2": 7.957287788391113,
  "0x57d3": 3.8863375186920166,
  "0x5f70": 7.864633560180664,
  "0x5f71": 3.545863151550293,
  "0x2c90": 9.09933090209961,
  "0x2c91": 4.121699810028076,
  "0x3966": 12.597426414489746,
  "0x3967": 5.48417329788208,
  "0x44ce": 10.794167518615723,
  "0x44cf": 4.512548923492432,
  "0x4f46": 10.663707733154297,
  "0x4f47": 4.5367841720581055,
  "0x57d4": 7.957083225250244,
  "0x57d5": 3.88486385345459,
  "0x5f72": 7.861482620239258,
  "0x5f73": 3.4470949172973633,
  "0x2c92": 9.09933090209961,
  "0x2c93": 4.121699810028076,
  "0x3968": 12.597426414489746,
  "0x3969": 5.48417329788208,
  "0x44d0": 10.794167518615723,
  "0x44d1": 4.512548923492432,
  "0x4f48": 10.663707733154297,
  "0x4f49": 4.5367841720581055,
  "0x57d6": 7.957083225250244,
  "0x57d7": 3.88486385345459,
  "0x5f74": 7.861482620239258,
  "0x5f75": 3.4470949172973633,
  "0x2c94": 9.09933090209961,
  "0x2c95": 4.121699810028076,
  "0x396a": 12.597426414489746,
  "0x396b": 5.48417329788208,
  "0x44d2": 10.794167518615723,
  "0x44d3": 4.512548923492432,
  "0x4f4a": 10.663707733154297,
  "0x4f4b": 4.5367841720581055,
  "0x57d8": 7.957083225250244,
  "0x57d9": 3.88486385345459,
  "0x5f76": 7.861482620239258,
  "0x5f77": 3.4470949172973633
}