{
  "0x2f7c": 2.80187726020813,
  "0x2f7d": 0.04719199240207672,
  "0x3c52": 6.297549724578857,
  "0x3c53": 2.7028920650482178,
  "0x47ba": 4.867810249328613,
  "0x47bb": 0.8272697329521179,
  "0x5232": 7.380761623382568,
  "0x5233": 1.5124653577804565,
  "0x5ac0": 1.8093183040618896,
  "0x5ac1": 0.4222055673599243,
  "0x625e": 2.2032241821289062,
  "0x625f": 1.3528765439987183,
  "0x6812": 1.6910816431045532,
  "0x6813": 0.5313445329666138,
  "0x6cd4": 5.224565505981445,
  "0x6cd5": 3.172520160675049,
  "0x724a": 6.202612400054932,
  "0x724b": 0.5973962545394897,
  "0x76ce": 5.943594932556152,
  "0x76cf": 0.5976865887641907,
  "0x2f7e": 2.80187726020813,
  "0x2f7f": 0.29838961362838745,
  "0x3c54": 6.297549724578857,
  "0x3c55": 2.7028920650482178,
  "0x47bc": 4.867810249328613,
  "0x47bd": 0.8272697329521179,
  "0x5234": 7.380761623382568,
  "0x5235": 1.5124653577804565,
  "0x5ac2": 1.8093183040618896,
  "0x5ac3": 1.4950182437896729,
  "0x6260": 2.2032241821289062,
  "0x6261": 1.3528765439987183,
  "0x6814": 1.6910816431045532,
  "0x6815": 0.5313445329666138,
  "0x6cd6": 5.224565505981445,
  "0x6cd7": 3.172520160675049,
  "0x724c": 6.202612400054932,
  "0x724d": 0.5973962545394897,
  "0x76d0": 5.943594932556152,
  "0x76d1": 0.5976865887641907,
  "0x2f80": 2.80187726020813,
  "0x2f81": 0.29838961362838745,
  "0x3c56": 6.284806728363037,
  "0x3c57": 2.7407031059265137,
  "0x47be": 4.867810249328613,
  "0x47bf": 0.8272697329521179,
  "0x5236": 7.380761623382568,
  "0x5237": 1.5124653577804565,
  "0x5ac4": 1.8093183040618896,
  "0x5ac5": 1.4950182437896729,
  "0x6262": 2.2032241821289062,
  "0x6263": 1.3528765439987183,
  "0x6816": 1.6910816431045532,
  "0x6817": 0.5313445329666138,
  "0x6cd8": 5.224565505981445,
  "0x6cd9": 3.172520160675049,
  "0x724e": 6.202612400054932,
  "0x724f": 0.5973962545394897,
  "0x76d2": 5.943594932556152,
  "0x76d3": 0.5976865887641907,
  "0x2f82": 2.80187726020813,
  "0x2f83": 0.29838961362838745,
  "0x3c58": 6.284806728363037,
  "0x3c59": 2.7407031059265137,
  "0x47c0": 4.867810249328613,
  "0x47c1": 0.8272697329521179,
  "0x5238": 7.314609527587891,
  "0x5239": 1.6097968816757202,
  "0x5ac6": 1.8093183040618896,
  "0x5ac7": 1.4950182437896729,
  "0x6264": 2.2032241821289062,
  "0x6265": 1.3528765439987183,
  "0x6818": 1.6910816431045532,
  "0x6819": 0.5313445329666138,
  "0x6cda": 5.224565505981445,
  "0x6cdb": 3.172520160675049,
  "0x7250": 6.202612400054932,
  "0x7251": 0.5973962545394897,
  "0x76d4": 5.943594932556152,
  "0x76d5": 0.5976865887641907,
  "0x2f84": 2.80187726020813,
  "0x2f85": 0.29838961362838745,
  "0x3c5a": 6.284806728363037,
  "0x3c5b": 2.7407031059265137,
  "0x47c2": 4.664388179779053,
  "0x47c3": 0.6392682194709778,
  "0x523a": 7.296036243438721,
  "0x523b": 1.6458512544631958,
  "0x5ac8": 1.8093183040618896,
  "0x5ac9": 1.4950182437896729,
  "0x6266": 2.2032241821289062,
  "0x6267": 1.3528765439987183,
  "0x681a": 1.6910816431045532,
  "0x681b": 0.1588042825460434,
  "0x6cdc": 5.224565505981445,
  "0x6cdd": 3.172520160675049,
  "0x7252": 6.202612400054932,
  "0x7253": 0.5973962545394897,
  "0x76d6": 5.943594932556152,
  "0x76d7": 0.5976865887641907,
  "0x2f86": 2.80187726020813,
  "0x2f87": 0.04719199240207672,
  "0x3c5c": 6.284806728363037,
  "0x3c5d": 0.7265539169311523,
  "0x47c4": 4.664388179779053,
  "0x47c5": 0.6392682194709778,
  "0x523c": 6.599162578582764,
  "0x523d": 1.656844139099121,
  "0x5aca": 1.8093183040618896,
  "0x5acb": 1.4950182437896729,
  "0x6268": 2.2032241821289062,
  "0x6269": 1.3528765439987183,
  "0x681c": 1.6910816431045532,
  "0x681d": 0.5313445329666138,
  "0x6cde": 5.224565505981445,
  "0x6cdf": 3.172520160675049,
  "0x7254": 6.202612400054932,
  "0x7255": 0.5973962545394897,
  "0x76d8": 5.943594932556152,
  "0x76d9": 0.19016675651073456,
  "0x2f88": 2.80187726020813,
  "0x2f89": 0.29838961362838745,
  "0x3c5e": 6.284806728363037,
  "0x3c5f": 2.7407031059265137,
  "0x47c6": 4.664388179779053,
  "0x47c7": 0.6392682194709778,
  "0x523e": 6.599162578582764,
  "0x523f": 0.5292631983757019,
  "0x5acc": 1.8093183040618896,
  "0x5acd": 1.4950182437896729,
  "0x626a": 2.183004379272461,
  "0x626b": 1.340606689453125,
  "0x681e": 1.6910816431045532,
  "0x681f": 0.5313445329666138,
  "0x6ce0": 5.224565505981445,
  "0x6ce1": 3.172520160675049,
  "0x7256": 6.202612400054932,
  "0x7257": 0.5973962545394897,
  "0x76da": 5.943594932556152,
  "0x76db": 0.5976865887641907
}