{
  "0x4391": 3.1689300537109375,
  "0x4e08": 7.741064548492432,
  "0x4e09": 3.1099281311035156
}