{
  "0x2c50": 7.8250532150268555,
  "0x2c51": 4.150637149810791,
  "0x3926": 13.099157333374023,
  "0x3927": 4.35999870300293,
  "0x448e": 9.527617454528809,
  "0x448f": 4.82727575302124,
  "0x4f06": 9.722616195678711,
  "0x4f07": 3.7965924739837646,
  "0x5794": 7.906030178070068,
  "0x5795": 3.355422258377075,
  "0x5f32": 7.749377727508545,
  "0x5f33": 4.055206298828125,
  "0x2c52": 7.899788856506348,
  "0x2c53": 4.298112392425537,
  "0x3928": 13.099465370178223,
  "0x3929": 4.402150630950928,
  "0x4490": 9.605772972106934,
  "0x4491": 4.8971476554870605,
  "0x4f08": 9.797296524047852,
  "0x4f09": 3.805673360824585,
  "0x5796": 7.899826526641846,
  "0x5797": 3.406855344772339,
  "0x5f34": 7.82364559173584,
  "0x5f35": 4.101578712463379,
  "0x2c54": 7.899788856506348,
  "0x2c55": 4.298112392425537,
  "0x392a": 13.099465370178223,
  "0x392b": 4.402150630950928,
  "0x4492": 9.605772972106934,
  "0x4493": 4.8971476554870605,
  "0x4f0a": 9.797296524047852,
  "0x4f0b": 3.805673360824585,
  "0x5798": 7.899826526641846,
  "0x5799": 3.406855344772339,
  "0x5f36": 7.82364559173584,
  "0x5f37": 4.101578712463379,
  "0x2c56": 7.899788856506348,
  "0x2c57": 4.298112392425537,
  "0x392c": 13.099465370178223,
  "0x392d": 4.402150630950928,
  "0x4494": 9.603416442871094,
  "0x4495": 4.8971476554870605,
  "0x4f0c": 9.794939994812012,
  "0x4f0d": 3.805673360824585,
  "0x579a": 7.900975227355957,
  "0x579b": 3.406855344772339,
  "0x5f38": 7.824794292449951,
  "0x5f39": 4.101578712463379,
  "0x2c58": 7.899788856506348,
  "0x2c59": 4.299391269683838,
  "0x392e": 13.099465370178223,
  "0x392f": 4.400925636291504,
  "0x4496": 9.603416442871094,
  "0x4497": 4.8971476554870605,
  "0x4f0e": 9.794939994812012,
  "0x4f0f": 3.803687810897827,
  "0x579c": 7.900975227355957,
  "0x579d": 3.4048702716827393,
  "0x5f3a": 7.824794292449951,
  "0x5f3b": 4.100852012634277,
  "0x2c5a": 7.899788856506348,
  "0x2c5b": 4.299391269683838,
  "0x3930": 13.099465370178223,
  "0x3931": 4.400925636291504,
  "0x4498": 9.603416442871094,
  "0x4499": 4.8971476554870605,
  "0x4f10": 9.794939994812012,
  "0x4f11": 3.803687810897827,
  "0x579e": 7.900975227355957,
  "0x579f": 3.4048702716827393,
  "0x5f3c": 7.824794292449951,
  "0x5f3d": 4.100852012634277,
  "0x2c5c": 7.899788856506348,
  "0x2c5d": 4.299391269683838,
  "0x3932": 13.099465370178223,
  "0x3933": 4.400925636291504,
  "0x449a": 9.603416442871094,
  "0x449b": 4.8971476554870605,
  "0x4f12": 9.794939994812012,
  "0x4f13": 3.803687810897827,
  "0x57a0": 7.900975227355957,
  "0x57a1": 3.4048702716827393,
  "0x5f3e": 7.824794292449951,
  "0x5f3f": 4.100852012634277
}