{
  "0x2eaa": 7.800126075744629,
  "0x2eab": 3.3992297649383545,
  "0x3b80": 10.591471672058105,
  "0x3b81": 4.508651256561279,
  "0x46e8": 9.003220558166504,
  "0x46e9": 3.702918291091919,
  "0x5160": 8.503010749816895,
  "0x5161": 4.7902326583862305,
  "0x59ee": 7.002176284790039,
  "0x59ef": 3.5017755031585693,
  "0x618c": 7.901705265045166,
  "0x618d": 3.496105909347534,
  "0x6740": 6.599749565124512,
  "0x6741": 2.5039145946502686,
  "0x7178": 8.497587203979492,
  "0x7179": 3.8000080585479736,
  "0x2eac": 7.800126075744629,
  "0x2ead": 3.3992297649383545,
  "0x3b82": 10.591471672058105,
  "0x3b83": 4.508651256561279,
  "0x46ea": 9.003220558166504,
  "0x46eb": 3.702918291091919,
  "0x5162": 8.503010749816895,
  "0x5163": 4.7902326583862305,
  "0x59f0": 7.002176284790039,
  "0x59f1": 3.5017755031585693,
  "0x618e": 7.901705265045166,
  "0x618f": 3.496105909347534,
  "0x6742": 6.599749565124512,
  "0x6743": 2.5039145946502686,
  "0x717a": 8.497587203979492,
  "0x717b": 3.8000080585479736,
  "0x2eae": 7.800126075744629,
  "0x2eaf": 3.3992297649383545,
  "0x3b84": 10.591471672058105,
  "0x3b85": 4.508651256561279,
  "0x46ec": 9.003220558166504,
  "0x46ed": 3.702918291091919,
  "0x5164": 8.503010749816895,
  "0x5165": 4.7902326583862305,
  "0x59f2": 7.002176284790039,
  "0x59f3": 3.5017755031585693,
  "0x6190": 7.901705265045166,
  "0x6191": 3.496105909347534,
  "0x6744": 6.599749565124512,
  "0x6745": 2.5039145946502686,
  "0x717c": 8.497587203979492,
  "0x717d": 3.8000080585479736,
  "0x2eb0": 7.800126075744629,
  "0x2eb1": 3.3992297649383545,
  "0x3b86": 10.591471672058105,
  "0x3b87": 4.508651256561279,
  "0x46ee": 9.003220558166504,
  "0x46ef": 3.702918291091919,
  "0x5166": 8.503010749816895,
  "0x5167": 4.7902326583862305,
  "0x59f4": 7.002176284790039,
  "0x59f5": 3.5017755031585693,
  "0x6192": 7.901705265045166,
  "0x6193": 3.496105909347534,
  "0x6746": 6.599749565124512,
  "0x6747": 2.5039145946502686,
  "0x717e": 8.497587203979492,
  "0x717f": 3.8000080585479736,
  "0x2eb2": 7.800126075744629,
  "0x2eb3": 3.3992297649383545,
  "0x3b88": 10.591471672058105,
  "0x3b89": 4.508651256561279,
  "0x46f0": 9.003220558166504,
  "0x46f1": 3.702918291091919,
  "0x5168": 8.503010749816895,
  "0x5169": 4.7902326583862305,
  "0x59f6": 7.002176284790039,
  "0x59f7": 3.5017755031585693,
  "0x6194": 7.901705265045166,
  "0x6195": 3.496105909347534,
  "0x6748": 6.599749565124512,
  "0x6749": 2.5039145946502686,
  "0x7180": 8.497587203979492,
  "0x7181": 3.8000080585479736,
  "0x2eb4": 7.800126075744629,
  "0x2eb5": 3.3992297649383545,
  "0x3b8a": 10.591471672058105,
  "0x3b8b": 4.508651256561279,
  "0x46f2": 9.003220558166504,
  "0x46f3": 3.702918291091919,
  "0x516a": 8.503010749816895,
  "0x516b": 4.7902326583862305,
  "0x59f8": 7.002176284790039,
  "0x59f9": 3.5017755031585693,
  "0x6196": 7.901705265045166,
  "0x6197": 3.496105909347534,
  "0x674a": 6.599749565124512,
  "0x674b": 2.5039145946502686,
  "0x7182": 8.497587203979492,
  "0x7183": 3.8000080585479736,
  "0x2eb6": 7.800126075744629,
  "0x2eb7": 3.3992297649383545,
  "0x3b8c": 10.591471672058105,
  "0x3b8d": 4.508651256561279,
  "0x46f4": 9.003220558166504,
  "0x46f5": 3.702918291091919,
  "0x516c": 8.503010749816895,
  "0x516d": 4.7902326583862305,
  "0x59fa": 7.002176284790039,
  "0x59fb": 3.5017755031585693,
  "0x6198": 7.901705265045166,
  "0x6199": 3.496105909347534,
  "0x674c": 6.599749565124512,
  "0x674d": 2.5039145946502686,
  "0x7184": 8.497587203979492,
  "0x7185": 3.8000080585479736
}