{
  "0x2f44": 6.699999999999998,
  "0x2f45": 3.1,
  "0x3c1a": 9.6,
  "0x3c1b": 3.7,
  "0x4782": 7.4,
  "0x4783": 2.0,
  "0x51fa": 5.5,
  "0x51fb": 2.2,
  "0x5a88": 6.0,
  "0x5a89": 1.6,
  "0x6226": 3.3,
  "0x6227": 1.1,
  "0x67da": 3.3,
  "0x67db": 1.9,
  "0x6c9c": 6.9,
  "0x6c9d": 3.5,
  "0x7212": 7.4,
  "0x7213": 3.2,
  "0x2f46": 7.9,
  "0x2f47": 2.4000000000000004,
  "0x3c1c": 7.199999999999998,
  "0x3c1d": 4.1,
  "0x4784": 6.9,
  "0x4785": 3.0,
  "0x51fc": 10.4,
  "0x51fd": 2.9,
  "0x5a8a": 5.9,
  "0x5a8b": 2.9,
  "0x6228": 4.1,
  "0x6229": 2.9,
  "0x67dc": 7.0,
  "0x67dd": 2.7,
  "0x6c9e": 8.7,
  "0x6c9f": 5.1,
  "0x7214": 5.9,
  "0x7215": 2.0,
  "0x2f48": 4.5,
  "0x2f49": 2.6,
  "0x3c1e": 9.3,
  "0x3c1f": 2.9000000000000004,
  "0x4786": 9.1,
  "0x4787": 3.4000000000000004,
  "0x51fe": 7.1,
  "0x51ff": 3.3,
  "0x5a8c": 3.3000000000000007,
  "0x5a8d": 2.9,
  "0x622a": 3.9,
  "0x622b": 2.6,
  "0x67de": 5.7,
  "0x67df": 1.2999999999999998,
  "0x6ca0": 6.800000000000002,
  "0x6ca1": 3.8,
  "0x7216": 11.1,
  "0x7217": 2.6,
  "0x2f4a": 8.1,
  "0x2f4b": 4.3,
  "0x3c20": 9.4,
  "0x3c21": 5.2,
  "0x4788": 8.1,
  "0x4789": 4.1,
  "0x5200": 8.7,
  "0x5201": 4.2,
  "0x5a8e": 9.1,
  "0x5a8f": 2.2,
  "0x622c": 4.5,
  "0x622d": 3.1,
  "0x67e0": 3.9,
  "0x67e1": 1.2999999999999998,
  "0x6ca2": 9.7,
  "0x6ca3": 3.7,
  "0x7218": 6.6,
  "0x7219": 3.9,
  "0x2f4c": 9.4,
  "0x2f4d": 3.0,
  "0x3c22": 11.3,
  "0x3c23": 3.6,
  "0x478a": 8.1,
  "0x478b": 2.8,
  "0x5202": 12.1,
  "0x5203": 3.6,
  "0x5a90": 6.4,
  "0x5a91": 2.4000000000000004,
  "0x622e": 8.4,
  "0x622f": 3.1,
  "0x67e2": 7.9,
  "0x67e3": 3.2,
  "0x6ca4": 11.5,
  "0x6ca5": 3.2,
  "0x721a": 8.8,
  "0x721b": 4.1,
  "0x2f4e": 3.3,
  "0x2f4f": 3.0,
  "0x3c24": 8.6,
  "0x3c25": 3.3,
  "0x478c": 4.4,
  "0x478d": 3.2,
  "0x5204": 7.4,
  "0x5205": 3.2,
  "0x5a92": 1.5999999999999996,
  "0x5a93": 2.9,
  "0x6230": 6.5,
  "0x6231": 2.0,
  "0x67e4": 2.6,
  "0x67e5": 1.6,
  "0x6ca6": 8.1,
  "0x6ca7": 0.8999999999999999,
  "0x721c": 4.300000000000002,
  "0x721d": 2.2,
  "0x2f50": 4.300000000000002,
  "0x2f51": 3.4000000000000004,
  "0x3c26": 6.5,
  "0x3c27": 3.7,
  "0x478e": 5.800000000000002,
  "0x478f": 4.0,
  "0x5206": 8.5,
  "0x5207": 2.4000000000000004,
  "0x5a94": 5.8,
  "0x5a95": 2.1,
  "0x6232": 6.8,
  "0x6233": 1.6,
  "0x67e6": 4.7,
  "0x67e7": 1.6,
  "0x6ca8": 10.8,
  "0x6ca9": 3.9,
  "0x721e": 6.699999999999998,
  "0x721f": 3.0
}