{
  "0x3016": 1.6056779623031616,
  "0x3017": 2.1998026371002197,
  "0x3cec": 10.800400733947754,
  "0x3ced": 3.396355152130127,
  "0x4854": 9.055815696716309,
  "0x4855": 2.4513254165649414,
  "0x52cc": 8.938081741333008,
  "0x52cd": 3.2429697513580322,
  "0x5b5a": 1.7138254642486572,
  "0x5b5b": 0.5338069796562195,
  "0x62f8": 6.773562908172607,
  "0x62f9": 0.6144589185714722,
  "0x68ac": 1.9247792959213257,
  "0x68ad": 1.9060474634170532,
  "0x6d6e": 10.47110652923584,
  "0x6d6f": 2.8083271980285645,
  "0x72e4": 4.4248857498168945,
  "0x72e5": 3.193347692489624,
  "0x7768": 7.986868381500244,
  "0x7769": 2.4035191535949707,
  "0x3018": 1.6056779623031616,
  "0x3019": 2.1998026371002197,
  "0x3cee": 10.800400733947754,
  "0x3cef": 3.396355152130127,
  "0x4856": 9.055815696716309,
  "0x4857": 2.4513254165649414,
  "0x52ce": 8.938081741333008,
  "0x52cf": 3.2429697513580322,
  "0x5b5c": 1.7138254642486572,
  "0x5b5d": -0.002583596855401993,
  "0x62fa": 6.773562908172607,
  "0x62fb": 0.6144589185714722,
  "0x68ae": 1.649628758430481,
  "0x68af": 0.0002172813401557505,
  "0x6d70": 10.47110652923584,
  "0x6d71": 2.8083271980285645,
  "0x72e6": 4.4248857498168945,
  "0x72e7": 3.193347692489624,
  "0x776a": 7.986868381500244,
  "0x776b": 2.4035191535949707,
  "0x301a": 1.6056779623031616,
  "0x301b": 0.5636393427848816,
  "0x3cf0": 10.800400733947754,
  "0x3cf1": 3.396355152130127,
  "0x4858": 9.055815696716309,
  "0x4859": 2.4513254165649414,
  "0x52d0": 8.938081741333008,
  "0x52d1": 3.2429697513580322,
  "0x5b5e": 1.7138254642486572,
  "0x5b5f": -0.002583596855401993,
  "0x62fc": 6.773562908172607,
  "0x62fd": 0.6144589185714722,
  "0x68b0": 1.9247792959213257,
  "0x68b1": 0.0002172813401557505,
  "0x6d72": 10.47110652923584,
  "0x6d73": 2.8083271980285645,
  "0x72e8": 4.4248857498168945,
  "0x72e9": 3.193347692489624,
  "0x776c": 7.986868381500244,
  "0x776d": 2.4035191535949707,
  "0x301c": 1.6056779623031616,
  "0x301d": 2.1998026371002197,
  "0x3cf2": 10.800400733947754,
  "0x3cf3": 3.396355152130127,
  "0x485a": 9.055815696716309,
  "0x485b": 2.4513254165649414,
  "0x52d2": 8.938081741333008,
  "0x52d3": 3.2429697513580322,
  "0x5b60": 1.7138254642486572,
  "0x5b61": 0.5338069796562195,
  "0x62fe": 6.773562908172607,
  "0x62ff": -0.30883869528770447,
  "0x68b2": 1.9247792959213257,
  "0x68b3": 1.9060474634170532,
  "0x6d74": 10.47110652923584,
  "0x6d75": 2.8083271980285645,
  "0x72ea": 4.4248857498168945,
  "0x72eb": 3.193347692489624,
  "0x776e": 7.986868381500244,
  "0x776f": 2.4035191535949707,
  "0x301e": 1.6056779623031616,
  "0x301f": 2.1998026371002197,
  "0x3cf4": 10.800400733947754,
  "0x3cf5": 3.396355152130127,
  "0x485c": 9.055815696716309,
  "0x485d": 2.4513254165649414,
  "0x52d4": 8.938081741333008,
  "0x52d5": 3.2429697513580322,
  "0x5b62": 1.7138254642486572,
  "0x5b63": 0.5338069796562195,
  "0x6300": 6.773562908172607,
  "0x6301": 0.6144589185714722,
  "0x68b4": 1.9247792959213257,
  "0x68b5": 1.9060474634170532,
  "0x6d76": 10.47110652923584,
  "0x6d77": 2.8083271980285645,
  "0x72ec": 4.4248857498168945,
  "0x72ed": 3.193347692489624,
  "0x7770": 7.986868381500244,
  "0x7771": 2.4035191535949707,
  "0x3020": 1.6056779623031616,
  "0x3021": 2.1998026371002197,
  "0x3cf6": 10.800400733947754,
  "0x3cf7": 0.7248060703277588,
  "0x485e": 9.055815696716309,
  "0x485f": 2.4513254165649414,
  "0x52d6": 8.938081741333008,
  "0x52d7": 3.2429697513580322,
  "0x5b64": 0.4683079719543457,
  "0x5b65": 0.5338069796562195,
  "0x6302": 6.773562908172607,
  "0x6303": 0.6144589185714722,
  "0x68b6": 1.9247792959213257,
  "0x68b7": 1.9060474634170532,
  "0x6d78": 10.47110652923584,
  "0x6d79": 2.8083271980285645,
  "0x72ee": 4.4248857498168945,
  "0x72ef": 3.193347692489624,
  "0x7772": 7.986868381500244,
  "0x7773": 2.4035191535949707,
  "0x3022": 1.6056779623031616,
  "0x3023": 2.1998026371002197,
  "0x3cf8": 10.800400733947754,
  "0x3cf9": 3.396355152130127,
  "0x4860": 9.055815696716309,
  "0x4861": 2.4513254165649414,
  "0x52d8": 8.938081741333008,
  "0x52d9": 3.2429697513580322,
  "0x5b66": 1.7138254642486572,
  "0x5b67": -0.002583596855401993,
  "0x6304": 6.773562908172607,
  "0x6305": 0.6144589185714722,
  "0x68b8": 1.9247792959213257,
  "0x68b9": 1.9060474634170532,
  "0x6d7a": 10.47110652923584,
  "0x6d7b": 2.8083271980285645,
  "0x72f0": 4.4248857498168945,
  "0x72f1": 3.193347692489624,
  "0x7774": 7.986868381500244,
  "0x7775": 2.4035191535949707
}