{
  "0x2fa6": 4.201484203338623,
  "0x2fa7": 2.86790132522583,
  "0x3c7c": 12.499214172363281,
  "0x3c7d": 1.6101897954940796,
  "0x47e4": 10.109017372131348,
  "0x47e5": 2.6843245029449463,
  "0x525c": 3.8089451789855957,
  "0x525d": 2.1795644760131836,
  "0x5aea": 2.7006165981292725,
  "0x5aeb": 0.45665568113327026,
  "0x6288": 7.6971940994262695,
  "0x6289": 3.2696328163146973,
  "0x683c": 2.572340965270996,
  "0x683d": 2.8058440685272217,
  "0x6cfe": 4.989169120788574,
  "0x6cff": 4.347629070281982,
  "0x7274": 7.784804821014404,
  "0x7275": 1.9212920665740967,
  "0x76f8": 5.429111480712891,
  "0x76f9": 3.9436230659484863,
  "0x2fa8": 4.200925350189209,
  "0x2fa9": 2.898679733276367,
  "0x3c7e": 12.499421119689941,
  "0x3c7f": 1.5020750761032104,
  "0x47e6": 10.104324340820312,
  "0x47e7": 2.7946743965148926,
  "0x525e": 3.8314151763916016,
  "0x525f": 2.246245861053467,
  "0x5aec": 2.6990926265716553,
  "0x5aed": 0.6015249490737915,
  "0x628a": 7.700201034545898,
  "0x628b": 3.198683261871338,
  "0x683e": 2.619166374206543,
  "0x683f": 2.7466933727264404,
  "0x6d00": 4.997611999511719,
  "0x6d01": 4.201072692871094,
  "0x7276": 7.786704063415527,
  "0x7277": 1.9111042022705078,
  "0x76fa": 5.308375358581543,
  "0x76fb": 3.8918726444244385,
  "0x2faa": 4.200925350189209,
  "0x2fab": 2.898679733276367,
  "0x3c80": 12.499421119689941,
  "0x3c81": 1.5020750761032104,
  "0x47e8": 10.104324340820312,
  "0x47e9": 2.7946743965148926,
  "0x5260": 3.909841775894165,
  "0x5261": 2.2677931785583496,
  "0x5aee": 2.6990926265716553,
  "0x5aef": 0.6015249490737915,
  "0x628c": 7.700201034545898,
  "0x628d": 3.198683261871338,
  "0x6840": 2.619166374206543,
  "0x6841": 2.7466933727264404,
  "0x6d02": 4.997611999511719,
  "0x6d03": 4.201072692871094,
  "0x7278": 7.786704063415527,
  "0x7279": 1.9111042022705078,
  "0x76fc": 5.308375358581543,
  "0x76fd": 3.8918726444244385,
  "0x2fac": 4.200925350189209,
  "0x2fad": 2.898679733276367,
  "0x3c82": 12.499421119689941,
  "0x3c83": 1.5020750761032104,
  "0x47ea": 10.104324340820312,
  "0x47eb": 2.7946743965148926,
  "0x5262": 3.909841775894165,
  "0x5263": 2.2677931785583496,
  "0x5af0": 2.6990926265716553,
  "0x5af1": 0.6015249490737915,
  "0x628e": 7.700201034545898,
  "0x628f": 3.198683261871338,
  "0x6842": 2.7310492992401123,
  "0x6843": 2.780784845352173,
  "0x6d04": 4.997611999511719,
  "0x6d05": 4.201072692871094,
  "0x727a": 7.786704063415527,
  "0x727b": 1.9111042022705078,
  "0x76fe": 5.308375358581543,
  "0x76ff": 3.8918726444244385,
  "0x2fae": 4.200925350189209,
  "0x2faf": 2.898679733276367,
  "0x3c84": 12.499421119689941,
  "0x3c85": 1.5020750761032104,
  "0x47ec": 10.104324340820312,
  "0x47ed": 2.7946743965148926,
  "0x5264": 3.909841775894165,
  "0x5265": 2.2677931785583496,
  "0x5af2": 2.6990926265716553,
  "0x5af3": 0.6015249490737915,
  "0x6290": 7.700201034545898,
  "0x6291": 3.198683261871338,
  "0x6844": 2.7310492992401123,
  "0x6845": 2.8783838748931885,
  "0x6d06": 4.997611999511719,
  "0x6d07": 4.201072692871094,
  "0x727c": 7.786704063415527,
  "0x727d": 1.9111042022705078,
  "0x7700": 5.308375358581543,
  "0x7701": 3.8918726444244385,
  "0x2fb0": 4.200925350189209,
  "0x2fb1": 2.7173991203308105,
  "0x3c86": 12.499421119689941,
  "0x3c87": 1.5020750761032104,
  "0x47ee": 10.104324340820312,
  "0x47ef": 2.7946743965148926,
  "0x5266": 3.909841775894165,
  "0x5267": 2.2677931785583496,
  "0x5af4": 2.6990926265716553,
  "0x5af5": 0.6015249490737915,
  "0x6292": 7.700201034545898,
  "0x6293": 3.198683261871338,
  "0x6846": 1.4656490087509155,
  "0x6847": 2.8783838748931885,
  "0x6d08": 4.997611999511719,
  "0x6d09": 4.201072692871094,
  "0x727e": 7.786704063415527,
  "0x727f": 1.9111042022705078,
  "0x7702": 5.308375358581543,
  "0x7703": 3.8918726444244385,
  "0x2fb2": 4.200925350189209,
  "0x2fb3": 2.898679733276367,
  "0x3c88": 12.499421119689941,
  "0x3c89": 1.5020750761032104,
  "0x47f0": 10.104324340820312,
  "0x47f1": 2.7946743965148926,
  "0x5268": 3.909841775894165,
  "0x5269": 2.2677931785583496,
  "0x5af6": 2.6990926265716553,
  "0x5af7": 0.6015249490737915,
  "0x6294": 7.700201034545898,
  "0x6295": 3.198683261871338,
  "0x6848": 2.7310492992401123,
  "0x6849": 2.720078229904175,
  "0x6d0a": 4.997611999511719,
  "0x6d0b": 4.201072692871094,
  "0x7280": 7.786704063415527,
  "0x7281": 1.7707926034927368,
  "0x7704": 5.308375358581543,
  "0x7705": 3.8918726444244385
}