{
  "0x2d92": 7.300816059112549,
  "0x2d93": 4.198420524597168,
  "0x3a68": 9.996956825256348,
  "0x3a69": 4.9018425941467285,
  "0x45d0": 8.300013542175293,
  "0x45d1": 4.100944995880127,
  "0x5048": 7.7999467849731445,
  "0x5049": 4.497659206390381,
  "0x58d6": 7.104433536529541,
  "0x58d7": 2.9005680084228516,
  "0x6074": 6.799166679382324,
  "0x6075": 3.4989371299743652,
  "0x2d94": 7.300816059112549,
  "0x2d95": 4.198420524597168,
  "0x3a6a": 9.996956825256348,
  "0x3a6b": 4.9018425941467285,
  "0x45d2": 8.300013542175293,
  "0x45d3": 4.100944995880127,
  "0x504a": 7.7999467849731445,
  "0x504b": 4.497659206390381,
  "0x58d8": 7.104433536529541,
  "0x58d9": 2.9005680084228516,
  "0x6076": 6.799166679382324,
  "0x6077": 3.4989371299743652,
  "0x2d96": 7.300816059112549,
  "0x2d97": 4.198420524597168,
  "0x3a6c": 9.996956825256348,
  "0x3a6d": 4.9018425941467285,
  "0x45d4": 8.300013542175293,
  "0x45d5": 4.100944995880127,
  "0x504c": 7.7999467849731445,
  "0x504d": 4.497659206390381,
  "0x58da": 7.104433536529541,
  "0x58db": 2.9005680084228516,
  "0x6078": 6.799166679382324,
  "0x6079": 3.4989371299743652,
  "0x2d98": 7.300816059112549,
  "0x2d99": 4.198420524597168,
  "0x3a6e": 9.996956825256348,
  "0x3a6f": 4.9018425941467285,
  "0x45d6": 8.300013542175293,
  "0x45d7": 4.100944995880127,
  "0x504e": 7.7999467849731445,
  "0x504f": 4.497659206390381,
  "0x58dc": 7.104433536529541,
  "0x58dd": 2.9005680084228516,
  "0x607a": 6.799166679382324,
  "0x607b": 3.4989371299743652,
  "0x2d9a": 7.300816059112549,
  "0x2d9b": 4.198420524597168,
  "0x3a70": 9.996956825256348,
  "0x3a71": 4.9018425941467285,
  "0x45d8": 8.300013542175293,
  "0x45d9": 4.100944995880127,
  "0x5050": 7.7999467849731445,
  "0x5051": 4.497659206390381,
  "0x58de": 7.104433536529541,
  "0x58df": 2.9005680084228516,
  "0x607c": 6.799166679382324,
  "0x607d": 3.4989371299743652,
  "0x2d9c": 7.300816059112549,
  "0x2d9d": 4.198420524597168,
  "0x3a72": 9.996956825256348,
  "0x3a73": 4.9018425941467285,
  "0x45da": 8.300013542175293,
  "0x45db": 4.100944995880127,
  "0x5052": 7.7999467849731445,
  "0x5053": 4.497659206390381,
  "0x58e0": 7.104433536529541,
  "0x58e1": 2.9005680084228516,
  "0x607e": 6.799166679382324,
  "0x607f": 3.4989371299743652,
  "0x2d9e": 7.300816059112549,
  "0x2d9f": 4.198420524597168,
  "0x3a74": 9.996956825256348,
  "0x3a75": 4.9018425941467285,
  "0x45dc": 8.300013542175293,
  "0x45dd": 4.100944995880127,
  "0x5054": 7.7999467849731445,
  "0x5055": 4.497659206390381,
  "0x58e2": 7.104433536529541,
  "0x58e3": 2.9005680084228516,
  "0x6080": 6.799166679382324,
  "0x6081": 3.4989371299743652
}