{
  "0x2e3a": 6.258077621459961,
  "0x2e3b": 3.0068228244781494,
  "0x3b10": 7.348755836486816,
  "0x3b11": 3.9988455772399902,
  "0x4678": 8.634819984436035,
  "0x4679": 3.1089766025543213,
  "0x50f0": 6.515679836273193,
  "0x50f1": 3.560072422027588,
  "0x597e": 5.25087833404541,
  "0x597f": 2.957127571105957,
  "0x611c": 6.67246150970459,
  "0x611d": 2.961987018585205,
  "0x66d0": 5.164877414703369,
  "0x66d1": 2.9405579566955566,
  "0x2e3c": 6.263254642486572,
  "0x2e3d": 3.0011909008026123,
  "0x3b12": 7.265665054321289,
  "0x3b13": 3.999288320541382,
  "0x467a": 8.893136024475098,
  "0x467b": 3.103344678878784,
  "0x50f2": 6.51093053817749,
  "0x50f3": 3.586184024810791,
  "0x5980": 5.241948127746582,
  "0x5981": 2.98791241645813,
  "0x611e": 6.663531303405762,
  "0x611f": 2.9910709857940674,
  "0x66d2": 5.169443607330322,
  "0x66d3": 2.938885450363159,
  "0x2e3e": 6.263254642486572,
  "0x2e3f": 3.0011909008026123,
  "0x3b14": 7.265665054321289,
  "0x3b15": 3.999288320541382,
  "0x467c": 8.893136024475098,
  "0x467d": 3.103344678878784,
  "0x50f4": 6.51093053817749,
  "0x50f5": 3.586184024810791,
  "0x5982": 5.241948127746582,
  "0x5983": 2.98791241645813,
  "0x6120": 6.663632869720459,
  "0x6121": 2.9911727905273438,
  "0x66d4": 5.169443607330322,
  "0x66d5": 2.938885450363159,
  "0x2e40": 6.263254642486572,
  "0x2e41": 3.0011909008026123,
  "0x3b16": 7.265665054321289,
  "0x3b17": 3.999288320541382,
  "0x467e": 8.893136024475098,
  "0x467f": 3.103344678878784,
  "0x50f6": 6.51093053817749,
  "0x50f7": 3.586184024810791,
  "0x5984": 5.241948127746582,
  "0x5985": 2.98791241645813,
  "0x6122": 6.663632869720459,
  "0x6123": 2.9911727905273438,
  "0x66d6": 5.169443607330322,
  "0x66d7": 2.938885450363159,
  "0x2e42": 6.299005508422852,
  "0x2e43": 3.0011909008026123,
  "0x3b18": 7.301415920257568,
  "0x3b19": 3.999288320541382,
  "0x4680": 9.09433650970459,
  "0x4681": 3.103344678878784,
  "0x50f8": 6.502155303955078,
  "0x50f9": 3.5963335037231445,
  "0x5986": 5.2030863761901855,
  "0x5987": 2.9980618953704834,
  "0x6124": 6.798799991607666,
  "0x6125": 3.0013222694396973,
  "0x66d8": 5.30448579788208,
  "0x66d9": 2.9490349292755127,
  "0x2e44": 6.299005508422852,
  "0x2e45": 3.0011909008026123,
  "0x3b1a": 7.301415920257568,
  "0x3b1b": 3.999288320541382,
  "0x4682": 9.09433650970459,
  "0x4683": 3.103344678878784,
  "0x50fa": 6.502155303955078,
  "0x50fb": 3.5963335037231445,
  "0x5988": 5.2030863761901855,
  "0x5989": 2.9980618953704834,
  "0x6126": 6.798799991607666,
  "0x6127": 3.0013222694396973,
  "0x66da": 5.30448579788208,
  "0x66db": 2.9490349292755127,
  "0x2e46": 6.299005508422852,
  "0x2e47": 3.0011909008026123,
  "0x3b1c": 7.301415920257568,
  "0x3b1d": 3.999288320541382,
  "0x4684": 9.09433650970459,
  "0x4685": 3.103344678878784,
  "0x50fc": 6.502155303955078,
  "0x50fd": 3.5963335037231445,
  "0x598a": 5.2030863761901855,
  "0x598b": 2.9980618953704834,
  "0x6128": 6.798799991607666,
  "0x6129": 3.0013222694396973,
  "0x66dc": 5.30448579788208,
  "0x66dd": 2.9490349292755127
}