{
  "0x2bcc": 5.267781734466553,
  "0x2bcd": 1.1331994533538818,
  "0x38a2": 6.799641132354736,
  "0x38a3": 1.055259108543396,
  "0x440a": 6.675807476043701,
  "0x440b": 1.1570056676864624,
  "0x4e82": 4.330313682556152,
  "0x4e83": 0.5944969058036804,
  "0x5710": 5.100927829742432,
  "0x5711": 0.26261234283447266,
  "0x2bce": 5.267781734466553,
  "0x2bcf": 1.1331994533538818,
  "0x38a4": 6.799641132354736,
  "0x38a5": 1.055259108543396,
  "0x440c": 6.675807476043701,
  "0x440d": 1.1570056676864624,
  "0x4e84": 4.330313682556152,
  "0x4e85": 0.5944969058036804,
  "0x5712": 5.100927829742432,
  "0x5713": 0.26261234283447266,
  "0x2bd0": 5.267781734466553,
  "0x2bd1": 1.1331994533538818,
  "0x38a6": 6.799641132354736,
  "0x38a7": 1.055259108543396,
  "0x440e": 6.675807476043701,
  "0x440f": 1.1570056676864624,
  "0x4e86": 4.330313682556152,
  "0x4e87": 0.5944969058036804,
  "0x5714": 5.100927829742432,
  "0x5715": 0.26261234283447266
}