{
  "0x2f0c": 6.738809585571289,
  "0x2f0d": 3.099273443222046,
  "0x3be2": 6.899775981903076,
  "0x3be3": 2.001706600189209,
  "0x474a": 7.291706562042236,
  "0x474b": 2.3052308559417725,
  "0x51c2": 3.998018264770508,
  "0x51c3": 2.5729470252990723,
  "0x5a50": 4.49916410446167,
  "0x5a51": 2.20181941986084,
  "0x61ee": 4.4059600830078125,
  "0x61ef": 2.795067548751831,
  "0x67a2": 1.79935622215271,
  "0x67a3": 3.0981740951538086,
  "0x71da": 5.507533073425293,
  "0x71db": 2.9932174682617188,
  "0x2f0e": 6.738809585571289,
  "0x2f0f": 3.099273443222046,
  "0x3be4": 6.899775981903076,
  "0x3be5": 2.001706600189209,
  "0x474c": 7.291706562042236,
  "0x474d": 2.3052308559417725,
  "0x51c4": 4.042757987976074,
  "0x51c5": 2.5844969749450684,
  "0x5a52": 4.484195232391357,
  "0x5a53": 2.2460269927978516,
  "0x61f0": 4.45753812789917,
  "0x61f1": 2.858762264251709,
  "0x67a4": 1.79935622215271,
  "0x67a5": 3.0981740951538086,
  "0x71dc": 5.507533073425293,
  "0x71dd": 2.9932174682617188,
  "0x2f10": 6.729177474975586,
  "0x2f11": 3.137098789215088,
  "0x3be6": 6.899775981903076,
  "0x3be7": 2.001706600189209,
  "0x474e": 7.291706562042236,
  "0x474f": 2.3052308559417725,
  "0x51c6": 4.042757987976074,
  "0x51c7": 2.5844969749450684,
  "0x5a54": 4.495706081390381,
  "0x5a55": 2.2085814476013184,
  "0x61f2": 4.4707159996032715,
  "0x61f3": 2.798769474029541,
  "0x67a6": 1.79935622215271,
  "0x67a7": 3.0981740951538086,
  "0x71de": 5.507533073425293,
  "0x71df": 2.9932174682617188,
  "0x2f12": 5.96544885635376,
  "0x2f13": 3.137850046157837,
  "0x3be8": 6.899775981903076,
  "0x3be9": 2.051499128341675,
  "0x4750": 7.291706562042236,
  "0x4751": 2.3052308559417725,
  "0x51c8": 4.042757987976074,
  "0x51c9": 2.5844969749450684,
  "0x5a56": 4.214772701263428,
  "0x5a57": 2.224936008453369,
  "0x61f4": 4.2178955078125,
  "0x61f5": 2.8031935691833496,
  "0x67a8": 1.79935622215271,
  "0x67a9": 3.0981740951538086,
  "0x71e0": 5.507533073425293,
  "0x71e1": 2.9932174682617188,
  "0x2f14": 5.958381175994873,
  "0x2f15": 3.1074202060699463,
  "0x3bea": 6.742061138153076,
  "0x3beb": 2.0990750789642334,
  "0x4752": 7.291706562042236,
  "0x4753": 2.3052308559417725,
  "0x51ca": 4.042757987976074,
  "0x51cb": 2.5844969749450684,
  "0x5a58": 2.4031405448913574,
  "0x5a59": 2.2775774002075195,
  "0x61f6": 2.6620912551879883,
  "0x61f7": 2.8791518211364746,
  "0x67aa": 1.79935622215271,
  "0x67ab": 3.0981740951538086,
  "0x71e2": 5.507533073425293,
  "0x71e3": 2.9932174682617188,
  "0x2f16": 5.962584972381592,
  "0x2f17": 2.936566114425659,
  "0x3bec": 6.742061138153076,
  "0x3bed": 2.0990750789642334,
  "0x4754": 7.291706562042236,
  "0x4755": 2.3052308559417725,
  "0x51cc": 4.042757987976074,
  "0x51cd": 2.5844969749450684,
  "0x5a5a": 3.3586721420288086,
  "0x5a5b": 2.372946262359619,
  "0x61f8": 2.6446609497070312,
  "0x61f9": 2.915285110473633,
  "0x67ac": 1.871545433998108,
  "0x67ad": 3.170363187789917,
  "0x71e4": 5.507533073425293,
  "0x71e5": 2.9932174682617188,
  "0x2f18": 6.165011405944824,
  "0x2f19": 2.9165494441986084,
  "0x3bee": 6.742061138153076,
  "0x3bef": 2.0990750789642334,
  "0x4756": 7.291706562042236,
  "0x4757": 2.3052308559417725,
  "0x51ce": 4.042757987976074,
  "0x51cf": 2.5844969749450684,
  "0x5a5c": 3.3586721420288086,
  "0x5a5d": 2.372946262359619,
  "0x61fa": 2.6620912551879883,
  "0x61fb": 2.8791518211364746,
  "0x67ae": 1.7223715782165527,
  "0x67af": 3.077014684677124,
  "0x71e6": 5.507533073425293,
  "0x71e7": 2.9932174682617188
}