{
  "0x2fb4": 2.7037391662597656,
  "0x2fb5": 2.4986648559570312,
  "0x3c8a": 8.587223052978516,
  "0x3c8b": 1.6056774854660034,
  "0x47f2": 8.419937133789062,
  "0x47f3": 2.58919620513916,
  "0x526a": 5.9940080642700195,
  "0x526b": 0.2045084685087204,
  "0x5af8": 6.7720866203308105,
  "0x5af9": 1.0303055047988892,
  "0x6296": 5.320456027984619,
  "0x6297": 2.1795339584350586,
  "0x684a": 6.492302417755127,
  "0x684b": 1.311073899269104,
  "0x6d0c": 8.509933471679688,
  "0x6d0d": 0.1979072242975235,
  "0x7282": 8.394062042236328,
  "0x7283": 0.7124757170677185,
  "0x7706": 9.201231002807617,
  "0x7707": 2.2001569271087646,
  "0x2fb6": 2.7037391662597656,
  "0x2fb7": 2.4986648559570312,
  "0x3c8c": 8.587223052978516,
  "0x3c8d": 1.6056774854660034,
  "0x47f4": 8.419937133789062,
  "0x47f5": 2.58919620513916,
  "0x526c": 5.9940080642700195,
  "0x526d": 0.2045084685087204,
  "0x5afa": 6.7720866203308105,
  "0x5afb": -0.31261494755744934,
  "0x6298": 5.320456027984619,
  "0x6299": 2.1795339584350586,
  "0x684c": 6.492302417755127,
  "0x684d": 1.311073899269104,
  "0x6d0e": 8.509933471679688,
  "0x6d0f": 0.1979072242975235,
  "0x7284": 8.394062042236328,
  "0x7285": 0.7124757170677185,
  "0x7708": 9.201231002807617,
  "0x7709": 2.2001569271087646,
  "0x2fb8": 2.7037391662597656,
  "0x2fb9": 2.4986648559570312,
  "0x3c8e": 8.587223052978516,
  "0x3c8f": 1.6056774854660034,
  "0x47f6": 8.419937133789062,
  "0x47f7": 2.58919620513916,
  "0x526e": 5.9940080642700195,
  "0x526f": 0.2045084685087204,
  "0x5afc": 6.7720866203308105,
  "0x5afd": 1.0303055047988892,
  "0x629a": 5.320456027984619,
  "0x629b": 2.1795339584350586,
  "0x684e": 6.492302417755127,
  "0x684f": 1.311073899269104,
  "0x6d10": 8.509933471679688,
  "0x6d11": 0.1979072242975235,
  "0x7286": 8.394062042236328,
  "0x7287": 0.7124757170677185,
  "0x770a": 9.201231002807617,
  "0x770b": 2.2001569271087646,
  "0x2fba": 2.7037391662597656,
  "0x2fbb": 2.4986648559570312,
  "0x3c90": 8.587223052978516,
  "0x3c91": 1.6056774854660034,
  "0x47f8": 8.419937133789062,
  "0x47f9": 2.58919620513916,
  "0x5270": 5.9940080642700195,
  "0x5271": 0.2045084685087204,
  "0x5afe": 6.7720866203308105,
  "0x5aff": 1.0303055047988892,
  "0x629c": 5.320456027984619,
  "0x629d": 2.1795339584350586,
  "0x6850": 6.492302417755127,
  "0x6851": 1.311073899269104,
  "0x6d12": 8.509933471679688,
  "0x6d13": 0.1979072242975235,
  "0x7288": 8.394062042236328,
  "0x7289": 0.7124757170677185,
  "0x770c": 9.201231002807617,
  "0x770d": 2.2001569271087646,
  "0x2fbc": 2.7037391662597656,
  "0x2fbd": 2.4986648559570312,
  "0x3c92": 8.587223052978516,
  "0x3c93": 1.6056774854660034,
  "0x47fa": 8.419937133789062,
  "0x47fb": 2.58919620513916,
  "0x5272": 5.9940080642700195,
  "0x5273": 0.2045084685087204,
  "0x5b00": 6.7720866203308105,
  "0x5b01": 1.0303055047988892,
  "0x629e": 5.320456027984619,
  "0x629f": 2.1795339584350586,
  "0x6852": 6.492302417755127,
  "0x6853": -0.001430677599273622,
  "0x6d14": 8.509933471679688,
  "0x6d15": 0.1979072242975235,
  "0x728a": 8.394062042236328,
  "0x728b": 0.7124757170677185,
  "0x770e": 9.201231002807617,
  "0x770f": 2.2001569271087646,
  "0x2fbe": 2.7037391662597656,
  "0x2fbf": 2.4986648559570312,
  "0x3c94": 8.587223052978516,
  "0x3c95": 1.6056774854660034,
  "0x47fc": 8.419937133789062,
  "0x47fd": 2.58919620513916,
  "0x5274": 5.9940080642700195,
  "0x5275": 0.2045084685087204,
  "0x5b02": 6.7720866203308105,
  "0x5b03": 1.0303055047988892,
  "0x62a0": 5.320456027984619,
  "0x62a1": 2.1795339584350586,
  "0x6854": 6.492302417755127,
  "0x6855": -0.001430677599273622,
  "0x6d16": 8.509933471679688,
  "0x6d17": 0.1979072242975235,
  "0x728c": 8.394062042236328,
  "0x728d": 0.7124757170677185,
  "0x7710": 9.201231002807617,
  "0x7711": 2.2001569271087646,
  "0x2fc0": 2.7037391662597656,
  "0x2fc1": 2.4986648559570312,
  "0x3c96": 8.587223052978516,
  "0x3c97": 1.6056774854660034,
  "0x47fe": 8.419937133789062,
  "0x47ff": 2.58919620513916,
  "0x5276": 5.9940080642700195,
  "0x5277": 0.2045084685087204,
  "0x5b04": 6.7720866203308105,
  "0x5b05": 1.0303055047988892,
  "0x62a2": 5.320456027984619,
  "0x62a3": 2.1795339584350586,
  "0x6856": 6.492302417755127,
  "0x6857": 1.311073899269104,
  "0x6d18": 8.509933471679688,
  "0x6d19": 0.1979072242975235,
  "0x728e": 8.394062042236328,
  "0x728f": 0.7124757170677185,
  "0x7712": 9.201231002807617,
  "0x7713": 2.2001569271087646
}