{
  "0x2d68": 6.099299907684326,
  "0x2d69": 3.800100564956665,
  "0x3a3e": 9.701360702514648,
  "0x3a3f": 4.299954414367676,
  "0x45a6": 8.202972412109375,
  "0x45a7": 4.798117637634277,
  "0x501e": 9.599306106567383,
  "0x501f": 3.998566150665283,
  "0x58ac": 6.367382526397705,
  "0x58ad": 3.20188045501709,
  "0x604a": 7.29879903793335,
  "0x604b": 4.000168800354004,
  "0x2d6a": 6.099299907684326,
  "0x2d6b": 3.800100564956665,
  "0x3a40": 9.701360702514648,
  "0x3a41": 4.299954414367676,
  "0x45a8": 8.202972412109375,
  "0x45a9": 4.798117637634277,
  "0x5020": 9.599306106567383,
  "0x5021": 3.998566150665283,
  "0x58ae": 6.367382526397705,
  "0x58af": 3.20188045501709,
  "0x604c": 7.29879903793335,
  "0x604d": 4.000168800354004,
  "0x2d6c": 6.099299907684326,
  "0x2d6d": 3.800100564956665,
  "0x3a42": 9.701360702514648,
  "0x3a43": 4.299954414367676,
  "0x45aa": 8.202972412109375,
  "0x45ab": 4.798117637634277,
  "0x5022": 9.599306106567383,
  "0x5023": 3.998566150665283,
  "0x58b0": 6.367382526397705,
  "0x58b1": 3.20188045501709,
  "0x604e": 7.29879903793335,
  "0x604f": 4.000168800354004,
  "0x2d6e": 6.099299907684326,
  "0x2d6f": 3.800100564956665,
  "0x3a44": 9.701360702514648,
  "0x3a45": 4.299954414367676,
  "0x45ac": 8.202972412109375,
  "0x45ad": 4.798117637634277,
  "0x5024": 9.599306106567383,
  "0x5025": 3.998566150665283,
  "0x58b2": 6.367382526397705,
  "0x58b3": 3.20188045501709,
  "0x6050": 7.29879903793335,
  "0x6051": 4.000168800354004,
  "0x2d70": 6.099299907684326,
  "0x2d71": 3.800100564956665,
  "0x3a46": 9.701360702514648,
  "0x3a47": 4.299954414367676,
  "0x45ae": 8.202972412109375,
  "0x45af": 4.798117637634277,
  "0x5026": 9.599306106567383,
  "0x5027": 3.998566150665283,
  "0x58b4": 6.367382526397705,
  "0x58b5": 3.20188045501709,
  "0x6052": 7.29879903793335,
  "0x6053": 4.000168800354004,
  "0x2d72": 6.099299907684326,
  "0x2d73": 3.800100564956665,
  "0x3a48": 9.701360702514648,
  "0x3a49": 4.299954414367676,
  "0x45b0": 8.202972412109375,
  "0x45b1": 4.798117637634277,
  "0x5028": 9.599306106567383,
  "0x5029": 3.998566150665283,
  "0x58b6": 6.367382526397705,
  "0x58b7": 3.20188045501709,
  "0x6054": 7.29879903793335,
  "0x6055": 4.000168800354004,
  "0x2d74": 6.099299907684326,
  "0x2d75": 3.800100564956665,
  "0x3a4a": 9.701360702514648,
  "0x3a4b": 4.299954414367676,
  "0x45b2": 8.202972412109375,
  "0x45b3": 4.798117637634277,
  "0x502a": 9.599306106567383,
  "0x502b": 3.998566150665283,
  "0x58b8": 6.367382526397705,
  "0x58b9": 3.20188045501709,
  "0x6056": 7.29879903793335,
  "0x6057": 4.000168800354004
}