{
  "0x2f36": 2.9011781215667725,
  "0x2f37": 2.6987075805664062,
  "0x3c0c": 10.399175643920898,
  "0x3c0d": 3.1011602878570557,
  "0x4774": 7.102511405944824,
  "0x4775": 3.2974154949188232,
  "0x51ec": 7.657899856567383,
  "0x51ed": 2.123465061187744,
  "0x5a7a": 4.298742771148682,
  "0x5a7b": 2.4020497798919678,
  "0x6218": 4.297226905822754,
  "0x6219": 2.403048276901245,
  "0x67cc": 2.774366855621338,
  "0x67cd": 3.3756659030914307,
  "0x6c8e": 9.268329620361328,
  "0x6c8f": 3.111931324005127,
  "0x7204": 7.794423580169678,
  "0x7205": 2.406233549118042,
  "0x2f38": 2.9011781215667725,
  "0x2f39": 2.6987075805664062,
  "0x3c0e": 10.399175643920898,
  "0x3c0f": 3.1011602878570557,
  "0x4776": 7.102511405944824,
  "0x4777": 3.2974154949188232,
  "0x51ee": 7.974562168121338,
  "0x51ef": 2.0999093055725098,
  "0x5a7c": 4.298742771148682,
  "0x5a7d": 2.4020497798919678,
  "0x621a": 4.297226905822754,
  "0x621b": 2.403048276901245,
  "0x67ce": 2.774366855621338,
  "0x67cf": 3.3756659030914307,
  "0x6c90": 9.268329620361328,
  "0x6c91": 3.111931324005127,
  "0x7206": 7.794423580169678,
  "0x7207": 2.406233549118042,
  "0x2f3a": 2.9011781215667725,
  "0x2f3b": 2.6987075805664062,
  "0x3c10": 10.399175643920898,
  "0x3c11": 3.1011602878570557,
  "0x4778": 7.102511405944824,
  "0x4779": 3.2974154949188232,
  "0x51f0": 7.974562168121338,
  "0x51f1": 2.0999093055725098,
  "0x5a7e": 4.298742771148682,
  "0x5a7f": 2.4020497798919678,
  "0x621c": 4.297226905822754,
  "0x621d": 2.403048276901245,
  "0x67d0": 2.774366855621338,
  "0x67d1": 3.3756659030914307,
  "0x6c92": 9.268329620361328,
  "0x6c93": 3.111931324005127,
  "0x7208": 7.794423580169678,
  "0x7209": 2.406233549118042,
  "0x2f3c": 2.9011781215667725,
  "0x2f3d": 2.6987075805664062,
  "0x3c12": 10.399175643920898,
  "0x3c13": 3.1011602878570557,
  "0x477a": 7.102511405944824,
  "0x477b": 3.2974154949188232,
  "0x51f2": 8.092629432678223,
  "0x51f3": 2.0792160034179688,
  "0x5a80": 4.298742771148682,
  "0x5a81": 2.4020497798919678,
  "0x621e": 4.297226905822754,
  "0x621f": 2.403048276901245,
  "0x67d2": 2.774366855621338,
  "0x67d3": 3.3756659030914307,
  "0x6c94": 9.268329620361328,
  "0x6c95": 3.111931324005127,
  "0x720a": 7.794423580169678,
  "0x720b": 2.406233549118042,
  "0x2f3e": 2.9011781215667725,
  "0x2f3f": 2.6987075805664062,
  "0x3c14": 10.399175643920898,
  "0x3c15": 3.1011602878570557,
  "0x477c": 7.102511405944824,
  "0x477d": 3.2974154949188232,
  "0x51f4": 8.092629432678223,
  "0x51f5": 2.0792160034179688,
  "0x5a82": 4.298742771148682,
  "0x5a83": 2.4020497798919678,
  "0x6220": 4.297226905822754,
  "0x6221": 2.403048276901245,
  "0x67d4": 2.774366855621338,
  "0x67d5": 3.3756659030914307,
  "0x6c96": 9.268329620361328,
  "0x6c97": 3.111931324005127,
  "0x720c": 7.794423580169678,
  "0x720d": 2.406233549118042,
  "0x2f40": 2.9011781215667725,
  "0x2f41": 2.6987075805664062,
  "0x3c16": 10.399175643920898,
  "0x3c17": 3.1011602878570557,
  "0x477e": 7.102511405944824,
  "0x477f": 3.2974154949188232,
  "0x51f6": 7.920876979827881,
  "0x51f7": 2.08174991607666,
  "0x5a84": 4.298742771148682,
  "0x5a85": 2.4020497798919678,
  "0x6222": 4.297226905822754,
  "0x6223": 2.403048276901245,
  "0x67d6": 2.774366855621338,
  "0x67d7": 3.3756659030914307,
  "0x6c98": 9.268329620361328,
  "0x6c99": 3.111931324005127,
  "0x720e": 7.794423580169678,
  "0x720f": 2.406233549118042,
  "0x2f42": 2.9011781215667725,
  "0x2f43": 2.6947097778320312,
  "0x3c18": 10.399175643920898,
  "0x3c19": 3.1011602878570557,
  "0x4780": 7.102511405944824,
  "0x4781": 3.2974154949188232,
  "0x51f8": 7.920876979827881,
  "0x51f9": 2.08174991607666,
  "0x5a86": 4.298742771148682,
  "0x5a87": 2.4020497798919678,
  "0x6224": 4.297226905822754,
  "0x6225": 2.403048276901245,
  "0x67d8": 2.774366855621338,
  "0x67d9": 3.3756659030914307,
  "0x6c9a": 9.268329620361328,
  "0x6c9b": 3.111931324005127,
  "0x7210": 7.794423580169678,
  "0x7211": 2.406233549118042
}