{
  "date.value": {
    "0x2c42": 1.556496e+18,
    "0x2c43": 1.556496e+18,
    "0x3918": 1.556496e+18,
    "0x3919": 1.556496e+18,
    "0x4480": 1.556496e+18,
    "0x4481": 1.556496e+18,
    "0x4ef8": 1.556496e+18,
    "0x4ef9": 1.556496e+18,
    "0x5786": 1.556496e+18,
    "0x5787": 1.556496e+18,
    "0x2c44": 1.5565824e+18,
    "0x2c45": 1.5565824e+18,
    "0x391a": 1.5565824e+18,
    "0x391b": 1.5565824e+18,
    "0x4482": 1.5565824e+18,
    "0x4483": 1.5565824e+18,
    "0x4efa": 1.5565824e+18,
    "0x4efb": 1.5565824e+18,
    "0x5788": 1.5565824e+18,
    "0x5789": 1.5565824e+18,
    "0x2c46": 1.5566688e+18,
    "0x2c47": 1.5566688e+18,
    "0x391c": 1.5566688e+18,
    "0x391d": 1.5566688e+18,
    "0x4484": 1.5566688e+18,
    "0x4485": 1.5566688e+18,
    "0x4efc": 1.5566688e+18,
    "0x4efd": 1.5566688e+18,
    "0x578a": 1.5566688e+18,
    "0x578b": 1.5566688e+18,
    "0x2c48": 1.5567552e+18,
    "0x2c49": 1.5567552e+18,
    "0x391e": 1.5567552e+18,
    "0x391f": 1.5567552e+18,
    "0x4486": 1.5567552e+18,
    "0x4487": 1.5567552e+18,
    "0x4efe": 1.5567552e+18,
    "0x4eff": 1.5567552e+18,
    "0x578c": 1.5567552e+18,
    "0x578d": 1.5567552e+18,
    "0x5f2a": 1.5567552e+18,
    "0x5f2b": 1.5567552e+18,
    "0x2c4a": 1.5568416e+18,
    "0x2c4b": 1.5568416e+18,
    "0x3920": 1.5568416e+18,
    "0x3921": 1.5568416e+18,
    "0x4488": 1.5568416e+18,
    "0x4489": 1.5568416e+18,
    "0x4f00": 1.5568416e+18,
    "0x4f01": 1.5568416e+18,
    "0x578e": 1.5568416e+18,
    "0x578f": 1.5568416e+18,
    "0x5f2c": 1.5568416e+18,
    "0x5f2d": 1.5568416e+18,
    "0x2c4c": 1.556928e+18,
    "0x2c4d": 1.556928e+18,
    "0x3922": 1.556928e+18,
    "0x3923": 1.556928e+18,
    "0x448a": 1.556928e+18,
    "0x448b": 1.556928e+18,
    "0x4f02": 1.556928e+18,
    "0x4f03": 1.556928e+18,
    "0x5790": 1.556928e+18,
    "0x5791": 1.556928e+18,
    "0x5f2e": 1.556928e+18,
    "0x5f2f": 1.556928e+18,
    "0x2c4e": 1.5570144e+18,
    "0x2c4f": 1.5570144e+18,
    "0x3924": 1.5570144e+18,
    "0x3925": 1.5570144e+18,
    "0x448c": 1.5570144e+18,
    "0x448d": 1.5570144e+18,
    "0x4f04": 1.5570144e+18,
    "0x4f05": 1.5570144e+18,
    "0x5792": 1.5570144e+18,
    "0x5793": 1.5570144e+18,
    "0x5f30": 1.5570144e+18,
    "0x5f31": 1.5570144e+18
  },
  "warehouse_ID.value": {
    "0x2c42": 0.1,
    "0x2c43": 0.1,
    "0x3918": 0.30000000000000004,
    "0x3919": 0.30000000000000004,
    "0x4480": 0.5,
    "0x4481": 0.5,
    "0x4ef8": 0.7000000000000001,
    "0x4ef9": 0.7000000000000001,
    "0x5786": 0.9,
    "0x5787": 0.9,
    "0x2c44": 0.1,
    "0x2c45": 0.1,
    "0x391a": 0.30000000000000004,
    "0x391b": 0.30000000000000004,
    "0x4482": 0.5,
    "0x4483": 0.5,
    "0x4efa": 0.7000000000000001,
    "0x4efb": 0.7000000000000001,
    "0x5788": 0.9,
    "0x5789": 0.9,
    "0x2c46": 0.1,
    "0x2c47": 0.1,
    "0x391c": 0.30000000000000004,
    "0x391d": 0.30000000000000004,
    "0x4484": 0.5,
    "0x4485": 0.5,
    "0x4efc": 0.7000000000000001,
    "0x4efd": 0.7000000000000001,
    "0x578a": 0.9,
    "0x578b": 0.9,
    "0x2c48": 0.1,
    "0x2c49": 0.1,
    "0x391e": 0.30000000000000004,
    "0x391f": 0.30000000000000004,
    "0x4486": 0.5,
    "0x4487": 0.5,
    "0x4efe": 0.7000000000000001,
    "0x4eff": 0.7000000000000001,
    "0x578c": 0.9,
    "0x578d": 0.9,
    "0x5f2a": 0.7000000000000001,
    "0x5f2b": 0.9,
    "0x2c4a": 0.1,
    "0x2c4b": 0.1,
    "0x3920": 0.30000000000000004,
    "0x3921": 0.30000000000000004,
    "0x4488": 0.5,
    "0x4489": 0.5,
    "0x4f00": 0.7000000000000001,
    "0x4f01": 0.7000000000000001,
    "0x578e": 0.9,
    "0x578f": 0.9,
    "0x5f2c": 0.1,
    "0x5f2d": 0.7000000000000001,
    "0x2c4c": 0.1,
    "0x2c4d": 0.1,
    "0x3922": 0.30000000000000004,
    "0x3923": 0.30000000000000004,
    "0x448a": 0.5,
    "0x448b": 0.5,
    "0x4f02": 0.7000000000000001,
    "0x4f03": 0.7000000000000001,
    "0x5790": 0.9,
    "0x5791": 0.9,
    "0x5f2e": 0.7000000000000001,
    "0x5f2f": 0.30000000000000004,
    "0x2c4e": 0.1,
    "0x2c4f": 0.1,
    "0x3924": 0.30000000000000004,
    "0x3925": 0.30000000000000004,
    "0x448c": 0.5,
    "0x448d": 0.5,
    "0x4f04": 0.7000000000000001,
    "0x4f05": 0.7000000000000001,
    "0x5792": 0.9,
    "0x5793": 0.9,
    "0x5f30": 0.30000000000000004,
    "0x5f31": 0.1
  },
  "Product_Type.value": {
    "0x2c42": 0.25,
    "0x2c43": 0.75,
    "0x3918": 0.25,
    "0x3919": 0.75,
    "0x4480": 0.25,
    "0x4481": 0.75,
    "0x4ef8": 0.25,
    "0x4ef9": 0.75,
    "0x5786": 0.25,
    "0x5787": 0.75,
    "0x2c44": 0.25,
    "0x2c45": 0.75,
    "0x391a": 0.25,
    "0x391b": 0.75,
    "0x4482": 0.25,
    "0x4483": 0.75,
    "0x4efa": 0.25,
    "0x4efb": 0.75,
    "0x5788": 0.25,
    "0x5789": 0.75,
    "0x2c46": 0.25,
    "0x2c47": 0.75,
    "0x391c": 0.25,
    "0x391d": 0.75,
    "0x4484": 0.25,
    "0x4485": 0.75,
    "0x4efc": 0.25,
    "0x4efd": 0.75,
    "0x578a": 0.25,
    "0x578b": 0.75,
    "0x2c48": 0.25,
    "0x2c49": 0.75,
    "0x391e": 0.25,
    "0x391f": 0.75,
    "0x4486": 0.25,
    "0x4487": 0.75,
    "0x4efe": 0.25,
    "0x4eff": 0.75,
    "0x578c": 0.25,
    "0x578d": 0.75,
    "0x5f2a": 0.25,
    "0x5f2b": 0.75,
    "0x2c4a": 0.25,
    "0x2c4b": 0.75,
    "0x3920": 0.25,
    "0x3921": 0.75,
    "0x4488": 0.25,
    "0x4489": 0.75,
    "0x4f00": 0.25,
    "0x4f01": 0.75,
    "0x578e": 0.25,
    "0x578f": 0.75,
    "0x5f2c": 0.25,
    "0x5f2d": 0.75,
    "0x2c4c": 0.25,
    "0x2c4d": 0.75,
    "0x3922": 0.25,
    "0x3923": 0.75,
    "0x448a": 0.25,
    "0x448b": 0.75,
    "0x4f02": 0.25,
    "0x4f03": 0.75,
    "0x5790": 0.25,
    "0x5791": 0.75,
    "0x5f2e": 0.25,
    "0x5f2f": 0.75,
    "0x2c4e": 0.25,
    "0x2c4f": 0.75,
    "0x3924": 0.25,
    "0x3925": 0.75,
    "0x448c": 0.25,
    "0x448d": 0.75,
    "0x4f04": 0.25,
    "0x4f05": 0.75,
    "0x5792": 0.25,
    "0x5793": 0.75,
    "0x5f30": 0.25,
    "0x5f31": 0.75
  },
  "year.value": {
    "0x2c42": 2019,
    "0x2c43": 2019,
    "0x3918": 2019,
    "0x3919": 2019,
    "0x4480": 2019,
    "0x4481": 2019,
    "0x4ef8": 2019,
    "0x4ef9": 2019,
    "0x5786": 2019,
    "0x5787": 2019,
    "0x2c44": 2019,
    "0x2c45": 2019,
    "0x391a": 2019,
    "0x391b": 2019,
    "0x4482": 2019,
    "0x4483": 2019,
    "0x4efa": 2019,
    "0x4efb": 2019,
    "0x5788": 2019,
    "0x5789": 2019,
    "0x2c46": 2019,
    "0x2c47": 2019,
    "0x391c": 2019,
    "0x391d": 2019,
    "0x4484": 2019,
    "0x4485": 2019,
    "0x4efc": 2019,
    "0x4efd": 2019,
    "0x578a": 2019,
    "0x578b": 2019,
    "0x2c48": 2019,
    "0x2c49": 2019,
    "0x391e": 2019,
    "0x391f": 2019,
    "0x4486": 2019,
    "0x4487": 2019,
    "0x4efe": 2019,
    "0x4eff": 2019,
    "0x578c": 2019,
    "0x578d": 2019,
    "0x5f2a": 2019,
    "0x5f2b": 2019,
    "0x2c4a": 2019,
    "0x2c4b": 2019,
    "0x3920": 2019,
    "0x3921": 2019,
    "0x4488": 2019,
    "0x4489": 2019,
    "0x4f00": 2019,
    "0x4f01": 2019,
    "0x578e": 2019,
    "0x578f": 2019,
    "0x5f2c": 2019,
    "0x5f2d": 2019,
    "0x2c4c": 2019,
    "0x2c4d": 2019,
    "0x3922": 2019,
    "0x3923": 2019,
    "0x448a": 2019,
    "0x448b": 2019,
    "0x4f02": 2019,
    "0x4f03": 2019,
    "0x5790": 2019,
    "0x5791": 2019,
    "0x5f2e": 2019,
    "0x5f2f": 2019,
    "0x2c4e": 2019,
    "0x2c4f": 2019,
    "0x3924": 2019,
    "0x3925": 2019,
    "0x448c": 2019,
    "0x448d": 2019,
    "0x4f04": 2019,
    "0x4f05": 2019,
    "0x5792": 2019,
    "0x5793": 2019,
    "0x5f30": 2019,
    "0x5f31": 2019
  },
  "month.value": {
    "0x2c42": 4,
    "0x2c43": 4,
    "0x3918": 4,
    "0x3919": 4,
    "0x4480": 4,
    "0x4481": 4,
    "0x4ef8": 4,
    "0x4ef9": 4,
    "0x5786": 4,
    "0x5787": 4,
    "0x2c44": 4,
    "0x2c45": 4,
    "0x391a": 4,
    "0x391b": 4,
    "0x4482": 4,
    "0x4483": 4,
    "0x4efa": 4,
    "0x4efb": 4,
    "0x5788": 4,
    "0x5789": 4,
    "0x2c46": 5,
    "0x2c47": 5,
    "0x391c": 5,
    "0x391d": 5,
    "0x4484": 5,
    "0x4485": 5,
    "0x4efc": 5,
    "0x4efd": 5,
    "0x578a": 5,
    "0x578b": 5,