{
  "0x2c42": 8.700958251953125,
  "0x2c43": 4.499083042144775,
  "0x3918": 10.998985290527344,
  "0x3919": 4.197434902191162,
  "0x4480": 9.001879692077637,
  "0x4481": 3.5022990703582764,
  "0x4ef8": 10.697912216186523,
  "0x4ef9": 3.599168539047241,
  "0x5786": 7.500662803649902,
  "0x5787": 3.2005410194396973,
  "0x2c44": 8.700958251953125,
  "0x2c45": 4.499083042144775,
  "0x391a": 10.998985290527344,
  "0x391b": 4.197434902191162,
  "0x4482": 9.001879692077637,
  "0x4483": 3.5022990703582764,
  "0x4efa": 10.697912216186523,
  "0x4efb": 3.599168539047241,
  "0x5788": 7.500662803649902,
  "0x5789": 3.2005410194396973,
  "0x2c46": 8.700958251953125,
  "0x2c47": 4.499083042144775,
  "0x391c": 10.998985290527344,
  "0x391d": 4.197434902191162,
  "0x4484": 9.001879692077637,
  "0x4485": 3.5022990703582764,
  "0x4efc": 10.697912216186523,
  "0x4efd": 3.599168539047241,
  "0x578a": 7.500662803649902,
  "0x578b": 3.2005410194396973,
  "0x2c48": 8.700958251953125,
  "0x2c49": 4.499083042144775,
  "0x391e": 10.998985290527344,
  "0x391f": 4.197434902191162,
  "0x4486": 9.001879692077637,
  "0x4487": 3.5022990703582764,
  "0x4efe": 10.697912216186523,
  "0x4eff": 3.599168539047241,
  "0x578c": 7.500662803649902,
  "0x578d": 3.2005410194396973,
  "0x5f2a": 10.697912216186523,
  "0x5f2b": 3.2005410194396973,
  "0x2c4a": 8.700958251953125,
  "0x2c4b": 4.499083042144775,
  "0x3920": 10.998985290527344,
  "0x3921": 4.197434902191162,
  "0x4488": 9.001879692077637,
  "0x4489": 3.5022990703582764,
  "0x4f00": 10.697912216186523,
  "0x4f01": 3.599168539047241,
  "0x578e": 7.500662803649902,
  "0x578f": 3.2005410194396973,
  "0x5f2c": 8.700958251953125,
  "0x5f2d": 3.599168539047241,
  "0x2c4c": 8.700958251953125,
  "0x2c4d": 4.499083042144775,
  "0x3922": 10.998985290527344,
  "0x3923": 4.197434902191162,
  "0x448a": 9.001879692077637,
  "0x448b": 3.5022990703582764,
  "0x4f02": 10.697912216186523,
  "0x4f03": 3.599168539047241,
  "0x5790": 7.500662803649902,
  "0x5791": 3.2005410194396973,
  "0x5f2e": 10.697912216186523,
  "0x5f2f": 4.197434902191162,
  "0x2c4e": 8.700958251953125,
  "0x2c4f": 4.499083042144775,
  "0x3924": 10.998985290527344,
  "0x3925": 4.197434902191162,
  "0x448c": 9.001879692077637,
  "0x448d": 3.5022990703582764,
  "0x4f04": 10.697912216186523,
  "0x4f05": 3.599168539047241,
  "0x5792": 7.500662803649902,
  "0x5793": 3.2005410194396973,
  "0x5f30": 10.998985290527344,
  "0x5f31": 4.499083042144775
}