{
  "0x2e02": 6.896625518798828,
  "0x2e03": 3.101210832595825,
  "0x3ad8": 6.402900695800781,
  "0x3ad9": 3.898099422454834,
  "0x4640": 7.200661659240723,
  "0x4641": 3.5992512702941895,
  "0x50b8": 7.3982415199279785,
  "0x50b9": 3.1006667613983154,
  "0x5946": 5.098263740539551,
  "0x5947": 3.303175449371338,
  "0x60e4": 5.899079322814941,
  "0x60e5": 2.900425434112549,
  "0x2e04": 6.896625518798828,
  "0x2e05": 3.101210832595825,
  "0x3ada": 6.402900695800781,
  "0x3adb": 3.898099422454834,
  "0x4642": 7.200661659240723,
  "0x4643": 3.5992512702941895,
  "0x50ba": 7.3982415199279785,
  "0x50bb": 3.1006667613983154,
  "0x5948": 5.098263740539551,
  "0x5949": 3.303175449371338,
  "0x60e6": 5.899079322814941,
  "0x60e7": 2.900425434112549,
  "0x2e06": 6.896625518798828,
  "0x2e07": 3.101210832595825,
  "0x3adc": 6.402900695800781,
  "0x3add": 3.898099422454834,
  "0x4644": 7.200661659240723,
  "0x4645": 3.5992512702941895,
  "0x50bc": 7.3982415199279785,
  "0x50bd": 3.1006667613983154,
  "0x594a": 5.098263740539551,
  "0x594b": 3.303175449371338,
  "0x60e8": 5.899079322814941,
  "0x60e9": 2.900425434112549,
  "0x2e08": 6.896625518798828,
  "0x2e09": 3.101210832595825,
  "0x3ade": 6.402900695800781,
  "0x3adf": 3.898099422454834,
  "0x4646": 7.200661659240723,
  "0x4647": 3.5992512702941895,
  "0x50be": 7.3982415199279785,
  "0x50bf": 3.1006667613983154,
  "0x594c": 5.098263740539551,
  "0x594d": 3.303175449371338,
  "0x60ea": 5.899079322814941,
  "0x60eb": 2.900425434112549,
  "0x2e0a": 6.896625518798828,
  "0x2e0b": 3.101210832595825,
  "0x3ae0": 6.402900695800781,
  "0x3ae1": 3.898099422454834,
  "0x4648": 7.200661659240723,
  "0x4649": 3.5992512702941895,
  "0x50c0": 7.3982415199279785,
  "0x50c1": 3.1006667613983154,
  "0x594e": 5.098263740539551,
  "0x594f": 3.303175449371338,
  "0x60ec": 5.899079322814941,
  "0x60ed": 2.900425434112549,
  "0x2e0c": 6.896625518798828,
  "0x2e0d": 3.101210832595825,
  "0x3ae2": 6.402900695800781,
  "0x3ae3": 3.898099422454834,
  "0x464a": 7.200661659240723,
  "0x464b": 3.5992512702941895,
  "0x50c2": 7.3982415199279785,
  "0x50c3": 3.1006667613983154,
  "0x5950": 5.098263740539551,
  "0x5951": 3.303175449371338,
  "0x60ee": 5.899079322814941,
  "0x60ef": 2.900425434112549,
  "0x2e0e": 6.896625518798828,
  "0x2e0f": 3.101210832595825,
  "0x3ae4": 6.402900695800781,
  "0x3ae5": 3.898099422454834,
  "0x464c": 7.200661659240723,
  "0x464d": 3.5992512702941895,
  "0x50c4": 7.3982415199279785,
  "0x50c5": 3.1006667613983154,
  "0x5952": 5.098263740539551,
  "0x5953": 3.303175449371338,
  "0x60f0": 5.899079322814941,
  "0x60f1": 2.900425434112549
}