{
  "0x2f6e": 3.3996143341064453,
  "0x2f6f": 0.999862551689148,
  "0x3c44": 5.602602481842041,
  "0x3c45": 3.7967305183410645,
  "0x47ac": 10.597848892211914,
  "0x47ad": 3.0051443576812744,
  "0x5224": 8.408523559570312,
  "0x5225": 2.556199312210083,
  "0x5ab2": 4.602088451385498,
  "0x5ab3": 0.9975678324699402,
  "0x6250": 2.991062641143799,
  "0x6251": 0.7073900103569031,
  "0x6804": 0.654163658618927,
  "0x6805": 1.770761489868164,
  "0x6cc6": 8.826345443725586,
  "0x6cc7": 3.167025089263916,
  "0x723c": 10.969987869262695,
  "0x723d": 1.8344184160232544,
  "0x76c0": 8.220502853393555,
  "0x76c1": 0.7882214784622192,
  "0x2f70": 3.3996143341064453,
  "0x2f71": 0.999862551689148,
  "0x3c46": 5.602602481842041,
  "0x3c47": 3.7967305183410645,
  "0x47ae": 10.567434310913086,
  "0x47af": 2.938183307647705,
  "0x5226": 8.408523559570312,
  "0x5227": 2.556199312210083,
  "0x5ab4": 4.602088451385498,
  "0x5ab5": 0.9975678324699402,
  "0x6252": 2.991062641143799,
  "0x6253": 0.7073900103569031,
  "0x6806": 0.1204468235373497,
  "0x6807": 1.7621986865997314,
  "0x6cc8": 8.826345443725586,
  "0x6cc9": 3.167025089263916,
  "0x723e": 10.969987869262695,
  "0x723f": 1.8344184160232544,
  "0x76c2": 8.220502853393555,
  "0x76c3": 0.7882214784622192,
  "0x2f72": 3.3996143341064453,
  "0x2f73": 0.999862551689148,
  "0x3c48": 5.602602481842041,
  "0x3c49": 3.7967305183410645,
  "0x47b0": 10.567434310913086,
  "0x47b1": 2.938183307647705,
  "0x5228": 8.342559814453125,
  "0x5229": 2.55973482131958,
  "0x5ab6": 4.602088451385498,
  "0x5ab7": 0.9975678324699402,
  "0x6254": 2.991062641143799,
  "0x6255": 0.7073900103569031,
  "0x6808": 0.1204468235373497,
  "0x6809": 1.7621986865997314,
  "0x6cca": 8.826345443725586,
  "0x6ccb": 3.167025089263916,
  "0x7240": 10.969987869262695,
  "0x7241": 1.8344184160232544,
  "0x76c4": 8.220502853393555,
  "0x76c5": 0.7882214784622192,
  "0x2f74": 3.3996143341064453,
  "0x2f75": 0.999862551689148,
  "0x3c4a": 5.602602481842041,
  "0x3c4b": 3.7967305183410645,
  "0x47b2": 10.567434310913086,
  "0x47b3": 2.938183307647705,
  "0x522a": 7.722405433654785,
  "0x522b": 2.563392162322998,
  "0x5ab8": 4.602088451385498,
  "0x5ab9": 0.9975678324699402,
  "0x6256": 2.991062641143799,
  "0x6257": 0.7073900103569031,
  "0x680a": 0.1204468235373497,
  "0x680b": 1.7621986865997314,
  "0x6ccc": 8.826345443725586,
  "0x6ccd": 3.167025089263916,
  "0x7242": 10.969987869262695,
  "0x7243": 1.8344184160232544,
  "0x76c6": 8.220502853393555,
  "0x76c7": 0.7882214784622192,
  "0x2f76": 3.3996143341064453,
  "0x2f77": 0.999862551689148,
  "0x3c4c": 5.602602481842041,
  "0x3c4d": 3.7967305183410645,
  "0x47b4": 10.567434310913086,
  "0x47b5": 2.938183307647705,
  "0x522c": 8.154747009277344,
  "0x522d": 2.5848681926727295,
  "0x5aba": 4.602088451385498,
  "0x5abb": 0.9975678324699402,
  "0x6258": 2.991062641143799,
  "0x6259": 0.7073900103569031,
  "0x680c": 0.1204468235373497,
  "0x680d": 1.7621986865997314,
  "0x6cce": 8.826345443725586,
  "0x6ccf": 3.167025089263916,
  "0x7244": 10.969987869262695,
  "0x7245": 1.8344184160232544,
  "0x76c8": 8.220502853393555,
  "0x76c9": 0.7882214784622192,
  "0x2f78": 3.3996143341064453,
  "0x2f79": 0.999862551689148,
  "0x3c4e": 5.602602481842041,
  "0x3c4f": 3.7967305183410645,
  "0x47b6": 10.567434310913086,
  "0x47b7": 2.938183307647705,
  "0x522e": 8.154747009277344,
  "0x522f": 2.5848681926727295,
  "0x5abc": 4.602088451385498,
  "0x5abd": 0.9975678324699402,
  "0x625a": 2.991062641143799,
  "0x625b": 0.7073900103569031,
  "0x680e": 0.1204468235373497,
  "0x680f": 1.7621986865997314,
  "0x6cd0": 8.826345443725586,
  "0x6cd1": 3.167025089263916,
  "0x7246": 10.969987869262695,
  "0x7247": 1.8344184160232544,
  "0x76ca": 8.220502853393555,
  "0x76cb": 0.7882214784622192,
  "0x2f7a": 3.3996143341064453,
  "0x2f7b": 0.999862551689148,
  "0x3c50": 5.602602481842041,
  "0x3c51": 3.7967305183410645,
  "0x47b8": 10.567434310913086,
  "0x47b9": 2.550448417663574,
  "0x5230": 8.154747009277344,
  "0x5231": 2.5848681926727295,
  "0x5abe": 4.602088451385498,
  "0x5abf": 0.9975678324699402,
  "0x625c": 3.011122465133667,
  "0x625d": 0.7073900103569031,
  "0x6810": 0.1204468235373497,
  "0x6811": 1.7621986865997314,
  "0x6cd2": 8.826345443725586,
  "0x6cd3": 3.167025089263916,
  "0x7248": 10.969987869262695,
  "0x7249": 1.8344184160232544,
  "0x76cc": 8.220502853393555,
  "0x76cd": 0.7882214784622192
}