{
  "0x2e72": 6.3154683113098145,
  "0x2e73": 3.3451273441314697,
  "0x3b48": 9.899782180786133,
  "0x3b49": 3.7487409114837646,
  "0x46b0": 8.824999809265137,
  "0x46b1": 4.171403408050537,
  "0x5128": 7.210848331451416,
  "0x5129": 3.395336151123047,
  "0x59b6": 4.307854652404785,
  "0x59b7": 3.175006628036499,
  "0x6154": 5.8164963722229,
  "0x6155": 2.9569153785705566,
  "0x6708": 5.282111644744873,
  "0x6709": 2.824157953262329,
  "0x7140": 7.712836265563965,
  "0x7141": 3.7048678398132324,
  "0x2e74": 6.499798774719238,
  "0x2e75": 3.4003798961639404,
  "0x3b4a": 9.899782180786133,
  "0x3b4b": 3.800701856613159,
  "0x46b2": 8.803881645202637,
  "0x46b3": 4.195663928985596,
  "0x512a": 7.39780330657959,
  "0x512b": 3.503600597381592,
  "0x59b8": 4.201498031616211,
  "0x59b9": 3.2999513149261475,
  "0x6156": 6.0010905265808105,
  "0x6157": 3.098452568054199,
  "0x670a": 5.683086395263672,
  "0x670b": 3.0905981063842773,
  "0x7142": 7.712836265563965,
  "0x7143": 3.7048678398132324,
  "0x2e76": 6.500255584716797,
  "0x2e77": 3.39316987991333,
  "0x3b4c": 9.900186538696289,
  "0x3b4d": 3.8006186485290527,
  "0x46b4": 8.805105209350586,
  "0x46b5": 4.194611072540283,
  "0x512c": 7.4885711669921875,
  "0x512d": 3.4559195041656494,
  "0x59ba": 4.296901702880859,
  "0x59bb": 3.2467715740203857,
  "0x6158": 6.015310764312744,
  "0x6159": 3.125056505203247,
  "0x670c": 5.651454448699951,
  "0x670d": 3.156240463256836,
  "0x7144": 7.689199924468994,
  "0x7145": 3.7102677822113037,
  "0x2e78": 6.6697163581848145,
  "0x2e79": 3.391331434249878,
  "0x3b4e": 9.900186538696289,
  "0x3b4f": 3.8006186485290527,
  "0x46b6": 8.82118034362793,
  "0x46b7": 4.153635501861572,
  "0x512e": 7.6967291831970215,
  "0x512f": 3.3929061889648438,
  "0x59bc": 4.334806442260742,
  "0x59bd": 3.1604340076446533,
  "0x615a": 6.137382507324219,
  "0x615b": 3.037397623062134,
  "0x670e": 5.874426364898682,
  "0x670f": 3.0949182510375977,
  "0x7146": 7.692987442016602,
  "0x7147": 3.7054686546325684,
  "0x2e7a": 6.66964864730835,
  "0x2e7b": 3.3912875652313232,
  "0x3b50": 9.900615692138672,
  "0x3b51": 3.800095796585083,
  "0x46b8": 8.820626258850098,
  "0x46b9": 4.15461540222168,
  "0x5130": 7.737255096435547,
  "0x5131": 3.396177053451538,
  "0x59be": 4.380103588104248,
  "0x59bf": 3.1593148708343506,
  "0x615c": 6.133511543273926,
  "0x615d": 3.036278486251831,
  "0x6710": 5.91441011428833,
  "0x6711": 3.0976665019989014,
  "0x7148": 7.68966817855835,
  "0x7149": 3.7087395191192627,
  "0x2e7c": 6.66964864730835,
  "0x2e7d": 3.3912875652313232,
  "0x3b52": 9.900615692138672,
  "0x3b53": 3.800095796585083,
  "0x46ba": 8.820626258850098,
  "0x46bb": 4.15461540222168,
  "0x5132": 7.737255096435547,
  "0x5133": 3.396177053451538,
  "0x59c0": 4.380103588104248,
  "0x59c1": 3.1593148708343506,
  "0x615e": 6.133511543273926,
  "0x615f": 3.036278486251831,
  "0x6712": 5.91441011428833,
  "0x6713": 3.0976665019989014,
  "0x714a": 7.68966817855835,
  "0x714b": 3.7087395191192627,
  "0x2e7e": 6.66964864730835,
  "0x2e7f": 3.3912875652313232,
  "0x3b54": 9.900615692138672,
  "0x3b55": 3.800095796585083,
  "0x46bc": 8.820626258850098,
  "0x46bd": 4.15461540222168,
  "0x5134": 7.737255096435547,
  "0x5135": 3.396177053451538,
  "0x59c2": 4.380103588104248,
  "0x59c3": 3.1593148708343506,
  "0x6160": 6.133511543273926,
  "0x6161": 3.036278486251831,
  "0x6714": 5.91441011428833,
  "0x6715": 3.0976665019989014,
  "0x714c": 7.68966817855835,
  "0x714d": 3.7087395191192627
}