{
  "0x2e8e": 5.800562381744385,
  "0x2e8f": 3.699249029159546,
  "0x3b64": 10.09885025024414,
  "0x3b65": 3.8011550903320312,
  "0x46cc": 7.9988884925842285,
  "0x46cd": 4.400262355804443,
  "0x5144": 6.200526237487793,
  "0x5145": 3.898796558380127,
  "0x59d2": 5.395097255706787,
  "0x59d3": 3.1065423488616943,
  "0x6170": 6.000728130340576,
  "0x6171": 2.9975714683532715,
  "0x6724": 5.000813961029053,
  "0x6725": 3.19903826713562,
  "0x715c": 7.560990810394287,
  "0x715d": 3.6307148933410645,
  "0x2e90": 5.800562381744385,
  "0x2e91": 3.699249029159546,
  "0x3b66": 10.09885025024414,
  "0x3b67": 3.8011550903320312,
  "0x46ce": 7.9988884925842285,
  "0x46cf": 4.400262355804443,
  "0x5146": 6.200526237487793,
  "0x5147": 3.898796558380127,
  "0x59d4": 5.395097255706787,
  "0x59d5": 3.1065423488616943,
  "0x6172": 6.000728130340576,
  "0x6173": 2.9975714683532715,
  "0x6726": 5.000813961029053,
  "0x6727": 3.19903826713562,
  "0x715e": 7.560990810394287,
  "0x715f": 3.6307148933410645,
  "0x2e92": 5.800562381744385,
  "0x2e93": 3.699249029159546,
  "0x3b68": 10.09885025024414,
  "0x3b69": 3.8011550903320312,
  "0x46d0": 7.9988884925842285,
  "0x46d1": 4.400262355804443,
  "0x5148": 6.200526237487793,
  "0x5149": 3.898796558380127,
  "0x59d6": 5.395097255706787,
  "0x59d7": 3.1065423488616943,
  "0x6174": 6.000728130340576,
  "0x6175": 2.9975714683532715,
  "0x6728": 5.000813961029053,
  "0x6729": 3.19903826713562,
  "0x7160": 7.560990810394287,
  "0x7161": 3.6307148933410645,
  "0x2e94": 5.800562381744385,
  "0x2e95": 3.699249029159546,
  "0x3b6a": 10.09885025024414,
  "0x3b6b": 3.8011550903320312,
  "0x46d2": 7.9988884925842285,
  "0x46d3": 4.400262355804443,
  "0x514a": 6.200526237487793,
  "0x514b": 3.898796558380127,
  "0x59d8": 5.395097255706787,
  "0x59d9": 3.1065423488616943,
  "0x6176": 6.000728130340576,
  "0x6177": 2.9975714683532715,
  "0x672a": 5.000813961029053,
  "0x672b": 3.19903826713562,
  "0x7162": 7.560990810394287,
  "0x7163": 3.6307148933410645,
  "0x2e96": 5.800562381744385,
  "0x2e97": 3.699249029159546,
  "0x3b6c": 10.09885025024414,
  "0x3b6d": 3.8011550903320312,
  "0x46d4": 7.9988884925842285,
  "0x46d5": 4.400262355804443,
  "0x514c": 6.200526237487793,
  "0x514d": 3.898796558380127,
  "0x59da": 5.395097255706787,
  "0x59db": 3.1065423488616943,
  "0x6178": 6.000728130340576,
  "0x6179": 2.9975714683532715,
  "0x672c": 5.000813961029053,
  "0x672d": 3.19903826713562,
  "0x7164": 7.560990810394287,
  "0x7165": 3.6307148933410645,
  "0x2e98": 5.800562381744385,
  "0x2e99": 3.699249029159546,
  "0x3b6e": 10.09885025024414,
  "0x3b6f": 3.8011550903320312,
  "0x46d6": 7.9988884925842285,
  "0x46d7": 4.400262355804443,
  "0x514e": 6.200526237487793,
  "0x514f": 3.898796558380127,
  "0x59dc": 5.395097255706787,
  "0x59dd": 3.1065423488616943,
  "0x617a": 6.000728130340576,
  "0x617b": 2.9975714683532715,
  "0x672e": 5.000813961029053,
  "0x672f": 3.19903826713562,
  "0x7166": 7.560990810394287,
  "0x7167": 3.6307148933410645,
  "0x2e9a": 5.800562381744385,
  "0x2e9b": 3.699249029159546,
  "0x3b70": 10.09885025024414,
  "0x3b71": 3.8011550903320312,
  "0x46d8": 7.9988884925842285,
  "0x46d9": 4.400262355804443,
  "0x5150": 6.200526237487793,
  "0x5151": 3.898796558380127,
  "0x59de": 5.395097255706787,
  "0x59df": 3.1065423488616943,
  "0x617c": 6.000728130340576,
  "0x617d": 2.9975714683532715,
  "0x6730": 5.000813961029053,
  "0x6731": 3.19903826713562,
  "0x7168": 7.560990810394287,
  "0x7169": 3.6307148933410645
}