{
  "0x2fa6": 4.207456588745117,
  "0x2fa7": 2.894338846206665,
  "0x3c7c": 12.45634651184082,
  "0x3c7d": 1.537233591079712,
  "0x47e4": 10.152249336242676,
  "0x47e5": 2.7393860816955566,
  "0x525c": 3.7867181301116943,
  "0x525d": 2.2130136489868164,
  "0x5aea": 2.7182257175445557,
  "0x5aeb": 0.23973782360553741,
  "0x6288": 7.669183254241943,
  "0x6289": 3.2127838134765625,
  "0x683c": 1.3384604454040527,
  "0x683d": 2.3808071613311768,
  "0x6cfe": 4.994795322418213,
  "0x6cff": 4.2023024559021,
  "0x7274": 7.783131122589111,
  "0x7275": 1.9136189222335815,
  "0x76f8": 5.309582710266113,
  "0x76f9": 3.890328884124756,
  "0x2fa8": 4.207456588745117,
  "0x2fa9": 2.894338846206665,
  "0x3c7e": 12.45634651184082,
  "0x3c7f": 1.537233591079712,
  "0x47e6": 10.152249336242676,
  "0x47e7": 2.7393860816955566,
  "0x525e": 3.7867181301116943,
  "0x525f": 2.2130136489868164,
  "0x5aec": 2.7182257175445557,
  "0x5aed": 0.5956665873527527,
  "0x628a": 7.669183254241943,
  "0x628b": 3.2127838134765625,
  "0x683e": 1.3384604454040527,
  "0x683f": 2.3808071613311768,
  "0x6d00": 4.994795322418213,
  "0x6d01": 4.2023024559021,
  "0x7276": 7.783131122589111,
  "0x7277": 1.9136189222335815,
  "0x76fa": 5.309582710266113,
  "0x76fb": 3.890328884124756,
  "0x2faa": 4.207456588745117,
  "0x2fab": 2.894338846206665,
  "0x3c80": 12.45634651184082,
  "0x3c81": 1.537233591079712,
  "0x47e8": 10.152249336242676,
  "0x47e9": 2.7393860816955566,
  "0x5260": 3.7867181301116943,
  "0x5261": 2.2130136489868164,
  "0x5aee": 2.7182257175445557,
  "0x5aef": 0.5956665873527527,
  "0x628c": 7.669183254241943,
  "0x628d": 3.2127838134765625,
  "0x6840": 1.3384604454040527,
  "0x6841": 2.3808071613311768,
  "0x6d02": 4.994795322418213,
  "0x6d03": 4.2023024559021,
  "0x7278": 7.783131122589111,
  "0x7279": 1.9136189222335815,
  "0x76fc": 5.309582710266113,
  "0x76fd": 3.890328884124756,
  "0x2fac": 4.207456588745117,
  "0x2fad": 2.894338846206665,
  "0x3c82": 12.45634651184082,
  "0x3c83": 1.537233591079712,
  "0x47ea": 10.152249336242676,
  "0x47eb": 2.7393860816955566,
  "0x5262": 3.7867181301116943,
  "0x5263": 2.2130136489868164,
  "0x5af0": 2.7182257175445557,
  "0x5af1": 0.5956665873527527,
  "0x628e": 7.669183254241943,
  "0x628f": 3.2127838134765625,
  "0x6842": 1.3384604454040527,
  "0x6843": 2.3808071613311768,
  "0x6d04": 4.994795322418213,
  "0x6d05": 4.2023024559021,
  "0x727a": 7.783131122589111,
  "0x727b": 1.9136189222335815,
  "0x76fe": 5.309582710266113,
  "0x76ff": 3.890328884124756,
  "0x2fae": 4.207456588745117,
  "0x2faf": 2.894338846206665,
  "0x3c84": 12.45634651184082,
  "0x3c85": 1.537233591079712,
  "0x47ec": 10.152249336242676,
  "0x47ed": 2.7393860816955566,
  "0x5264": 3.7867181301116943,
  "0x5265": 2.2130136489868164,
  "0x5af2": 2.7182257175445557,
  "0x5af3": 0.5956665873527527,
  "0x6290": 7.669183254241943,
  "0x6291": 3.2127838134765625,
  "0x6844": 1.3384604454040527,
  "0x6845": 2.3808071613311768,
  "0x6d06": 4.994795322418213,
  "0x6d07": 4.2023024559021,
  "0x727c": 7.783131122589111,
  "0x727d": 1.9136189222335815,
  "0x7700": 5.309582710266113,
  "0x7701": 3.890328884124756,
  "0x2fb0": 4.207456588745117,
  "0x2fb1": 2.301971435546875,
  "0x3c86": 12.45634651184082,
  "0x3c87": 1.537233591079712,
  "0x47ee": 10.152249336242676,
  "0x47ef": 2.7393860816955566,
  "0x5266": 3.7867181301116943,
  "0x5267": 2.2130136489868164,
  "0x5af4": 2.7182257175445557,
  "0x5af5": 0.5956665873527527,
  "0x6292": 7.669183254241943,
  "0x6293": 3.2127838134765625,
  "0x6846": -0.47365912795066833,
  "0x6847": 2.3808071613311768,
  "0x6d08": 4.994795322418213,
  "0x6d09": 4.2023024559021,
  "0x727e": 7.783131122589111,
  "0x727f": 1.9136189222335815,
  "0x7702": 5.309582710266113,
  "0x7703": 3.890328884124756,
  "0x2fb2": 4.207456588745117,
  "0x2fb3": 2.894338846206665,
  "0x3c88": 12.45634651184082,
  "0x3c89": 1.537233591079712,
  "0x47f0": 10.152249336242676,
  "0x47f1": 2.7393860816955566,
  "0x5268": 3.7867181301116943,
  "0x5269": 2.2130136489868164,
  "0x5af6": 2.7182257175445557,
  "0x5af7": 0.5956665873527527,
  "0x6294": 7.669183254241943,
  "0x6295": 3.2127838134765625,
  "0x6848": 1.3384604454040527,
  "0x6849": 2.058868408203125,
  "0x6d0a": 4.994795322418213,
  "0x6d0b": 4.2023024559021,
  "0x7280": 7.783131122589111,
  "0x7281": 1.4173649549484253,
  "0x7704": 5.309582710266113,
  "0x7705": 3.890328884124756
}