{
  "0x2fa6": 9.1,
  "0x2fa7": 3.0,
  "0x3c7c": 9.9,
  "0x3c7d": 5.0,
  "0x47e4": 8.0,
  "0x47e5": 1.7000000000000002,
  "0x525c": 6.0,
  "0x525d": 2.4000000000000004,
  "0x5aea": 4.0,
  "0x5aeb": 0.0,
  "0x6288": 3.5,
  "0x6289": 1.2999999999999998,
  "0x683c": 5.9,
  "0x683d": 1.1,
  "0x6cfe": 10.0,
  "0x6cff": 2.8,
  "0x7274": 8.0,
  "0x7275": 2.3,
  "0x76f8": 6.300000000000002,
  "0x76f9": 2.8,
  "0x2fa8": 4.9,
  "0x2fa9": 3.1,
  "0x3c7e": 10.1,
  "0x3c7f": 3.3,
  "0x47e6": 11.4,
  "0x47e7": 4.0,
  "0x525e": 10.9,
  "0x525f": 2.5,
  "0x5aec": 4.9,
  "0x5aed": 2.7,
  "0x628a": 8.8,
  "0x628b": 2.1,
  "0x683e": 2.2,
  "0x683f": 2.4,
  "0x6d00": 11.4,
  "0x6d01": 2.2,
  "0x7276": 7.199999999999998,
  "0x7277": 3.3,
  "0x76fa": 8.5,
  "0x76fb": 1.2000000000000002,
  "0x2faa": 8.7,
  "0x2fab": 1.2000000000000002,
  "0x3c80": 12.4,
  "0x3c81": 4.3,
  "0x47e8": 9.2,
  "0x47e9": 5.4,
  "0x5260": 10.6,
  "0x5261": 3.8,
  "0x5aee": 1.4000000000000004,
  "0x5aef": 3.6,
  "0x628c": 4.800000000000002,
  "0x628d": 2.3,
  "0x6840": 7.5,
  "0x6841": 3.6,
  "0x6d02": 10.9,
  "0x6d03": 2.2,
  "0x7278": 11.1,
  "0x7279": 1.9000000000000004,
  "0x76fc": 9.7,
  "0x76fd": 4.2,
  "0x2fac": 8.7,
  "0x2fad": 1.2999999999999998,
  "0x3c82": 12.2,
  "0x3c83": 4.1,
  "0x47ea": 9.0,
  "0x47eb": 5.6,
  "0x5262": 7.800000000000002,
  "0x5263": 2.5,
  "0x5af0": 3.2,
  "0x5af1": 3.6,
  "0x628e": 4.199999999999998,
  "0x628f": 3.6,
  "0x6842": 5.0,
  "0x6843": 0.7999999999999998,
  "0x6d04": 9.9,
  "0x6d05": 4.8,
  "0x727a": 10.4,
  "0x727b": 3.7,
  "0x76fe": 9.5,
  "0x76ff": 3.1,
  "0x2fae": 3.4000000000000004,
  "0x2faf": 1.5999999999999996,
  "0x3c84": 13.6,
  "0x3c85": 3.3,
  "0x47ec": 8.1,
  "0x47ed": 3.1,
  "0x5264": 13.5,
  "0x5265": 3.0,
  "0x5af2": 2.4000000000000004,
  "0x5af3": 2.1,
  "0x6290": 4.0,
  "0x6291": 2.1,
  "0x6844": 3.8000000000000007,
  "0x6845": 4.1,
  "0x6d06": 11.8,
  "0x6d07": 5.0,
  "0x727c": 12.2,
  "0x727d": 3.8,
  "0x7700": 10.6,
  "0x7701": 4.0,
  "0x2fb0": 4.199999999999998,
  "0x2fb1": 0.0,
  "0x3c86": 7.699999999999998,
  "0x3c87": 1.0,
  "0x47ee": 9.8,
  "0x47ef": 2.3,
  "0x5266": 4.1,
  "0x5267": 1.7000000000000002,
  "0x5af4": 3.3,
  "0x5af5": 2.6,
  "0x6292": 5.5,
  "0x6293": 0.7999999999999998,
  "0x6846": 0.0,
  "0x6847": 0.6000000000000001,
  "0x6d08": 12.6,
  "0x6d09": 3.6,
  "0x727e": 4.699999999999998,
  "0x727f": 1.2999999999999998,
  "0x7702": 5.699999999999998,
  "0x7703": 2.4000000000000004,
  "0x2fb2": 2.7,
  "0x2fb3": 2.5,
  "0x3c88": 8.6,
  "0x3c89": 1.5999999999999996,
  "0x47f0": 8.4,
  "0x47f1": 2.6,
  "0x5268": 6.0,
  "0x5269": 0.2000000000000001,
  "0x5af6": 6.8,
  "0x5af7": 1.0,
  "0x6294": 5.300000000000002,
  "0x6295": 2.2,
  "0x6848": 6.5,
  "0x6849": 0.0,
  "0x6d0a": 8.5,
  "0x6d0b": 0.2000000000000001,
  "0x7280": 8.4,
  "0x7281": 0.0,
  "0x7704": 9.2,
  "0x7705": 2.2
}