{
  "0x3032": 7.599125862121582,
  "0x3033": 1.0400723218917847,
  "0x3d08": 10.098006248474121,
  "0x3d09": 3.101855754852295,
  "0x4870": 7.393707275390625,
  "0x4871": 1.7792904376983643,
  "0x52e8": 4.899700164794922,
  "0x52e9": 1.2011711597442627,
  "0x5b76": 2.9771828651428223,
  "0x5b77": 3.185377597808838,
  "0x6314": 0.41847917437553406,
  "0x6315": -0.03441240265965462,
  "0x68c8": 0.8811935782432556,
  "0x68c9": 0.7594884037971497,
  "0x6d8a": 9.900132179260254,
  "0x6d8b": 1.1982152462005615,
  "0x7300": 5.797858715057373,
  "0x7301": 2.901254177093506,
  "0x7784": 3.60195255279541,
  "0x7785": 1.09760582447052,
  "0x3034": 7.599125862121582,
  "0x3035": 3.2000393867492676,
  "0x3d0a": 10.098006248474121,
  "0x3d0b": 3.101855754852295,
  "0x4872": 6.615670204162598,
  "0x4873": 0.20655669271945953,
  "0x52ea": 4.899700164794922,
  "0x52eb": 1.2011711597442627,
  "0x5b78": 2.9771828651428223,
  "0x5b79": 1.4670261144638062,
  "0x6316": 0.41847917437553406,
  "0x6317": 1.3878164291381836,
  "0x68ca": 0.8811935782432556,
  "0x68cb": 0.7594884037971497,
  "0x6d8c": 9.900132179260254,
  "0x6d8d": 1.1982152462005615,
  "0x7302": 5.797858715057373,
  "0x7303": 2.901254177093506,
  "0x7786": 3.60195255279541,
  "0x7787": 1.09760582447052,
  "0x3036": 7.599125862121582,
  "0x3037": 3.2000393867492676,
  "0x3d0c": 10.098006248474121,
  "0x3d0d": 3.101855754852295,
  "0x4874": 6.615670204162598,
  "0x4875": 1.9826806783676147,
  "0x52ec": 4.899700164794922,
  "0x52ed": 1.2011711597442627,
  "0x5b7a": 2.9771828651428223,
  "0x5b7b": 3.185377597808838,
  "0x6318": 0.41847917437553406,
  "0x6319": 1.3878164291381836,
  "0x68cc": 0.5193898677825928,
  "0x68cd": 0.7594884037971497,
  "0x6d8e": 9.900132179260254,
  "0x6d8f": 1.1982152462005615,
  "0x7304": 5.797858715057373,
  "0x7305": 2.901254177093506,
  "0x7788": 3.60195255279541,
  "0x7789": 1.09760582447052,
  "0x3038": 7.599125862121582,
  "0x3039": 3.2000393867492676,
  "0x3d0e": 10.098006248474121,
  "0x3d0f": 3.101855754852295,
  "0x4876": 6.615670204162598,
  "0x4877": 1.9826806783676147,
  "0x52ee": 4.899700164794922,
  "0x52ef": 1.2011711597442627,
  "0x5b7c": 2.9771828651428223,
  "0x5b7d": 3.185377597808838,
  "0x631a": 0.41847917437553406,
  "0x631b": -0.03441240265965462,
  "0x68ce": 0.8811935782432556,
  "0x68cf": 0.7594884037971497,
  "0x6d90": 9.900132179260254,
  "0x6d91": 1.1982152462005615,
  "0x7306": 5.797858715057373,
  "0x7307": 2.901254177093506,
  "0x778a": 3.60195255279541,
  "0x778b": 1.09760582447052,
  "0x303a": 7.599125862121582,
  "0x303b": 3.2000393867492676,
  "0x3d10": 10.098006248474121,
  "0x3d11": 3.101855754852295,
  "0x4878": 6.615670204162598,
  "0x4879": 1.9826806783676147,
  "0x52f0": 4.899700164794922,
  "0x52f1": 1.2011711597442627,
  "0x5b7e": 2.9771828651428223,
  "0x5b7f": 3.185377597808838,
  "0x631c": 0.41847917437553406,
  "0x631d": 1.3878164291381836,
  "0x68d0": 0.8811935782432556,
  "0x68d1": 0.7594884037971497,
  "0x6d92": 9.900132179260254,
  "0x6d93": 1.1982152462005615,
  "0x7308": 5.797858715057373,
  "0x7309": 2.901254177093506,
  "0x778c": 3.60195255279541,
  "0x778d": 1.09760582447052,
  "0x303c": 7.599125862121582,
  "0x303d": 3.2000393867492676,
  "0x3d12": 10.098006248474121,
  "0x3d13": 3.101855754852295,
  "0x487a": 6.615670204162598,
  "0x487b": 1.9826806783676147,
  "0x52f2": 4.899700164794922,
  "0x52f3": 1.2011711597442627,
  "0x5b80": 2.9771828651428223,
  "0x5b81": 1.4670261144638062,
  "0x631e": 0.41847917437553406,
  "0x631f": 1.3878164291381836,
  "0x68d2": 0.8811935782432556,
  "0x68d3": 0.7594884037971497,
  "0x6d94": 9.900132179260254,
  "0x6d95": 1.1982152462005615,
  "0x730a": 5.797858715057373,
  "0x730b": 2.901254177093506,
  "0x778e": 3.60195255279541,
  "0x778f": 1.09760582447052,
  "0x303e": 7.599125862121582,
  "0x303f": 3.2000393867492676,
  "0x3d14": 10.098006248474121,
  "0x3d15": 3.101855754852295,
  "0x487c": 6.615670204162598,
  "0x487d": 1.9826806783676147,
  "0x52f4": 4.899700164794922,
  "0x52f5": 1.2011711597442627,
  "0x5b82": 2.9771828651428223,
  "0x5b83": 3.185377597808838,
  "0x6320": 0.41847917437553406,
  "0x6321": 1.3878164291381836,
  "0x68d4": 0.8811935782432556,
  "0x68d5": 0.7594884037971497,
  "0x6d96": 9.900132179260254,
  "0x6d97": 1.1982152462005615,
  "0x730c": 5.797858715057373,
  "0x730d": 0.8802581429481506,
  "0x7790": 3.60195255279541,
  "0x7791": 1.09760582447052
}