{
  "0x2c50": 7.826424598693848,
  "0x2c51": 4.131246566772461,
  "0x3926": 13.098977088928223,
  "0x3927": 4.373837471008301,
  "0x448e": 9.42280387878418,
  "0x448f": 4.776520729064941,
  "0x4f06": 9.714689254760742,
  "0x4f07": 3.8224644660949707,
  "0x5794": 7.906479835510254,
  "0x5795": 3.3584327697753906,
  "0x5f32": 7.781283378601074,
  "0x5f33": 3.813373565673828,
  "0x2c52": 7.900748252868652,
  "0x2c53": 4.298471450805664,
  "0x3928": 13.098977088928223,
  "0x3929": 4.404079437255859,
  "0x4490": 9.602884292602539,
  "0x4491": 4.899842262268066,
  "0x4f08": 9.797003746032715,
  "0x4f09": 3.8015711307525635,
  "0x5796": 7.899625301361084,
  "0x5797": 3.410586357116699,
  "0x5f34": 7.782384395599365,
  "0x5f35": 3.687030792236328,
  "0x2c54": 7.900748252868652,
  "0x2c55": 4.298471450805664,
  "0x392a": 13.098977088928223,
  "0x392b": 4.402118682861328,
  "0x4492": 9.600923538208008,
  "0x4493": 4.897881507873535,
  "0x4f0a": 9.797221183776855,
  "0x4f0b": 3.801788330078125,
  "0x5798": 7.899842262268066,
  "0x5799": 3.4108035564422607,
  "0x5f36": 7.782601356506348,
  "0x5f37": 3.6872479915618896,
  "0x2c56": 7.900748252868652,
  "0x2c57": 4.298471450805664,
  "0x392c": 13.098977088928223,
  "0x392d": 4.402118682861328,
  "0x4494": 9.600923538208008,
  "0x4495": 4.897881507873535,
  "0x4f0c": 9.797221183776855,
  "0x4f0d": 3.801788330078125,
  "0x579a": 7.899842262268066,
  "0x579b": 3.4108035564422607,
  "0x5f38": 7.782601356506348,
  "0x5f39": 3.6872479915618896,
  "0x2c58": 7.900748252868652,
  "0x2c59": 4.298471450805664,
  "0x392e": 13.098977088928223,
  "0x392f": 4.402118682861328,
  "0x4496": 9.600923538208008,
  "0x4497": 4.897881507873535,
  "0x4f0e": 9.797221183776855,
  "0x4f0f": 3.801788330078125,
  "0x579c": 7.899842262268066,
  "0x579d": 3.4108035564422607,
  "0x5f3a": 7.782601356506348,
  "0x5f3b": 3.6872479915618896,
  "0x2c5a": 7.900748252868652,
  "0x2c5b": 4.298471450805664,
  "0x3930": 13.098977088928223,
  "0x3931": 4.402118682861328,
  "0x4498": 9.600923538208008,
  "0x4499": 4.897881507873535,
  "0x4f10": 9.797221183776855,
  "0x4f11": 3.801788330078125,
  "0x579e": 7.899842262268066,
  "0x579f": 3.4108035564422607,
  "0x5f3c": 7.782601356506348,
  "0x5f3d": 3.6872479915618896,
  "0x2c5c": 7.900748252868652,
  "0x2c5d": 4.298471450805664,
  "0x3932": 13.098977088928223,
  "0x3933": 4.402118682861328,
  "0x449a": 9.600923538208008,
  "0x449b": 4.897881507873535,
  "0x4f12": 9.797221183776855,
  "0x4f13": 3.801788330078125,
  "0x57a0": 7.899842262268066,
  "0x57a1": 3.4108035564422607,
  "0x5f3e": 7.782601356506348,
  "0x5f3f": 3.6872479915618896
}