{
  "0x3008": 1.3000000000000007,
  "0x3009": 3.0,
  "0x3cde": 8.2,
  "0x3cdf": 2.0,
  "0x4846": 6.9,
  "0x4847": 2.3,
  "0x52be": 7.1,
  "0x52bf": 2.6,
  "0x5b4c": 4.8,
  "0x5b4d": 3.1,
  "0x62ea": 3.9,
  "0x62eb": 2.5,
  "0x689e": 3.9,
  "0x689f": 1.2000000000000002,
  "0x6d60": 9.9,
  "0x6d61": 4.5,
  "0x72d6": 9.6,
  "0x72d7": 0.5999999999999996,
  "0x775a": 9.3,
  "0x775b": 2.3,
  "0x300a": 3.6999999999999993,
  "0x300b": 0.0,
  "0x3ce0": 5.4,
  "0x3ce1": 2.1,
  "0x4848": 5.0,
  "0x4849": 3.4000000000000004,
  "0x52c0": 3.7,
  "0x52c1": 0.9000000000000004,
  "0x5b4e": 2.9000000000000004,
  "0x5b4f": 3.6,
  "0x62ec": 5.699999999999998,
  "0x62ed": 1.2000000000000002,
  "0x68a0": 0.9000000000000004,
  "0x68a1": 2.2,
  "0x6d62": 9.5,
  "0x6d63": 2.2,
  "0x72d8": 4.9,
  "0x72d9": 2.2,
  "0x775c": 5.199999999999998,
  "0x775d": 2.0,
  "0x300c": 9.5,
  "0x300d": 1.2999999999999998,
  "0x3ce2": 13.6,
  "0x3ce3": 4.4,
  "0x484a": 10.8,
  "0x484b": 2.1,
  "0x52c2": 7.199999999999998,
  "0x52c3": 4.9,
  "0x5b50": 3.9,
  "0x5b51": 0.5,
  "0x62ee": 6.3,
  "0x62ef": 2.0,
  "0x68a2": 6.1,
  "0x68a3": 0.0,
  "0x6d64": 5.4,
  "0x6d65": 2.5,
  "0x72da": 1.9000000000000004,
  "0x72db": 2.3,
  "0x775e": 7.1,
  "0x775f": 1.2999999999999998,
  "0x300e": 3.0,
  "0x300f": 1.2000000000000002,
  "0x3ce4": 7.199999999999998,
  "0x3ce5": 5.6,
  "0x484c": 5.6,
  "0x484d": 2.7,
  "0x52c4": 10.4,
  "0x52c5": 2.4000000000000004,
  "0x5b52": 8.0,
  "0x5b53": 3.0,
  "0x62f0": 2.2,
  "0x62f1": 1.7999999999999998,
  "0x68a4": 1.5,
  "0x68a5": 2.5,
  "0x6d66": 8.6,
  "0x6d67": 5.2,
  "0x72dc": 10.2,
  "0x72dd": 1.7999999999999998,
  "0x7760": 5.6,
  "0x7761": 4.2,
  "0x3010": 6.9,
  "0x3011": 1.2000000000000002,
  "0x3ce6": 11.1,
  "0x3ce7": 4.2,
  "0x484e": 5.5,
  "0x484f": 1.7000000000000002,
  "0x52c6": 8.2,
  "0x52c7": 3.9,
  "0x5b54": 4.800000000000002,
  "0x5b55": 0.0,
  "0x62f2": 4.800000000000002,
  "0x62f3": 1.0,
  "0x68a6": 3.6999999999999993,
  "0x68a7": 2.6,
  "0x6d68": 13.0,
  "0x6d69": 6.5,
  "0x72de": 7.800000000000002,
  "0x72df": 2.6,
  "0x7762": 10.6,
  "0x7763": 3.3,
  "0x3012": 6.800000000000002,
  "0x3013": 0.2000000000000001,
  "0x3ce8": 4.1,
  "0x3ce9": 0.8999999999999999,
  "0x4850": 3.1,
  "0x4851": 3.1,
  "0x52c8": 7.6,
  "0x52c9": 2.7,
  "0x5b56": 3.7,
  "0x5b57": 1.5,
  "0x62f4": 0.7000000000000002,
  "0x62f5": 3.5,
  "0x68a8": 0.0,
  "0x68a9": 2.1,
  "0x6d6a": 3.8000000000000007,
  "0x6d6b": 1.2000000000000002,
  "0x72e0": 3.6999999999999993,
  "0x72e1": 2.4000000000000004,
  "0x7764": 5.300000000000002,
  "0x7765": 1.7000000000000002,
  "0x3014": 1.5999999999999996,
  "0x3015": 2.2,
  "0x3cea": 10.8,
  "0x3ceb": 3.4000000000000004,
  "0x4852": 9.1,
  "0x4853": 2.4000000000000004,
  "0x52ca": 8.9,
  "0x52cb": 3.3,
  "0x5b58": 1.6999999999999993,
  "0x5b59": 0.0,
  "0x62f6": 6.8,
  "0x62f7": 0.6000000000000001,
  "0x68aa": 1.9000000000000004,
  "0x68ab": 0.0,
  "0x6d6c": 10.5,
  "0x6d6d": 2.8,
  "0x72e2": 4.4,
  "0x72e3": 3.2,
  "0x7766": 8.0,
  "0x7767": 2.4000000000000004
}