{
  "0x2f98": 2.3000000000000007,
  "0x2f99": 1.2999999999999998,
  "0x3c6e": 6.9,
  "0x3c6f": 3.2,
  "0x47d6": 8.0,
  "0x47d7": 1.4000000000000004,
  "0x524e": 3.3000000000000007,
  "0x524f": 3.7,
  "0x5adc": 6.300000000000002,
  "0x5add": 1.5999999999999996,
  "0x627a": 2.8000000000000007,
  "0x627b": 3.0,
  "0x682e": 4.8,
  "0x682f": 2.9,
  "0x6cf0": 7.0,
  "0x6cf1": 1.7000000000000002,
  "0x7266": 6.9,
  "0x7267": 1.2999999999999998,
  "0x76ea": 8.9,
  "0x76eb": 3.1,
  "0x2f9a": 5.5,
  "0x2f9b": 2.3,
  "0x3c70": 10.9,
  "0x3c71": 1.9000000000000004,
  "0x47d8": 9.3,
  "0x47d9": 3.5,
  "0x5250": 9.4,
  "0x5251": 2.4000000000000004,
  "0x5ade": 3.5,
  "0x5adf": 0.4000000000000004,
  "0x627c": 5.699999999999998,
  "0x627d": 3.3,
  "0x6830": 0.0,
  "0x6831": 2.5,
  "0x6cf2": 10.8,
  "0x6cf3": 1.2000000000000002,
  "0x7268": 9.0,
  "0x7269": 0.0999999999999996,
  "0x76ec": 8.5,
  "0x76ed": 1.7999999999999998,
  "0x2f9c": 9.3,
  "0x2f9d": 5.0,
  "0x3c72": 14.1,
  "0x3c73": 5.6,
  "0x47da": 9.9,
  "0x47db": 0.5,
  "0x5252": 7.5,
  "0x5253": 1.5999999999999996,
  "0x5ae0": 7.4,
  "0x5ae1": 1.7999999999999998,
  "0x627e": 4.9,
  "0x627f": 3.0,
  "0x6832": 6.1,
  "0x6833": 1.9,
  "0x6cf4": 10.1,
  "0x6cf5": 5.0,
  "0x726a": 9.9,
  "0x726b": 2.2,
  "0x76ee": 9.9,
  "0x76ef": 1.5,
  "0x2f9e": 6.5,
  "0x2f9f": 3.0,
  "0x3c74": 10.3,
  "0x3c75": 2.2,
  "0x47dc": 8.1,
  "0x47dd": 1.5,
  "0x5254": 6.4,
  "0x5255": 1.9000000000000004,
  "0x5ae2": 9.2,
  "0x5ae3": 2.6,
  "0x6280": 4.9,
  "0x6281": 2.4000000000000004,
  "0x6834": 5.800000000000002,
  "0x6835": 2.6,
  "0x6cf6": 9.2,
  "0x6cf7": 2.7,
  "0x726c": 7.1,
  "0x726d": 4.2,
  "0x76f0": 6.800000000000002,
  "0x76f1": 3.1,
  "0x2fa0": 5.800000000000002,
  "0x2fa1": 2.3,
  "0x3c76": 12.7,
  "0x3c77": 6.2,
  "0x47de": 11.9,
  "0x47df": 2.9000000000000004,
  "0x5256": 7.300000000000002,
  "0x5257": 3.1,
  "0x5ae4": 11.9,
  "0x5ae5": 1.5,
  "0x6282": 6.800000000000002,
  "0x6283": 1.2999999999999998,
  "0x6836": 7.5,
  "0x6837": 3.5,
  "0x6cf8": 15.4,
  "0x6cf9": 2.1,
  "0x726e": 10.8,
  "0x726f": 4.8,
  "0x76f2": 13.5,
  "0x76f3": 4.0,
  "0x2fa2": 4.1,
  "0x2fa3": 0.6000000000000001,
  "0x3c78": 5.300000000000002,
  "0x3c79": 3.9,
  "0x47e0": 7.0,
  "0x47e1": 0.4000000000000004,
  "0x5258": 2.0,
  "0x5259": 2.5,
  "0x5ae6": 4.2,
  "0x5ae7": 1.2000000000000002,
  "0x6284": 2.2,
  "0x6285": 0.5,
  "0x6838": 6.9,
  "0x6839": 1.9,
  "0x6cfa": 5.699999999999998,
  "0x6cfb": 3.0,
  "0x7270": 5.1,
  "0x7271": 1.2000000000000002,
  "0x76f4": 11.2,
  "0x76f5": 1.5,
  "0x2fa4": 4.199999999999998,
  "0x2fa5": 2.9000000000000004,
  "0x3c7a": 12.5,
  "0x3c7b": 1.5,
  "0x47e2": 10.1,
  "0x47e3": 2.8,
  "0x525a": 3.8000000000000007,
  "0x525b": 2.2,
  "0x5ae8": 2.7,
  "0x5ae9": 0.5999999999999996,
  "0x6286": 7.699999999999998,
  "0x6287": 3.2,
  "0x683a": 1.2999999999999998,
  "0x683b": 2.4,
  "0x6cfc": 5.0,
  "0x6cfd": 4.2,
  "0x7272": 7.800000000000002,
  "0x7273": 1.9000000000000004,
  "0x76f6": 5.300000000000002,
  "0x76f7": 3.9
}