{
  "0x2c5e": 9.799762725830078,
  "0x2c5f": 3.900418996810913,
  "0x3934": 10.401259422302246,
  "0x3935": 4.798215866088867,
  "0x449c": 11.59754753112793,
  "0x449d": 4.101609230041504,
  "0x4f14": 9.497570037841797,
  "0x4f15": 4.104272842407227,
  "0x57a2": 8.188294410705566,
  "0x57a3": 4.0638747215271,
  "0x5f40": 6.777334213256836,
  "0x5f41": 3.692497491836548,
  "0x2c60": 9.799762725830078,
  "0x2c61": 3.900418996810913,
  "0x3936": 10.401259422302246,
  "0x3937": 4.798215866088867,
  "0x449e": 11.59754753112793,
  "0x449f": 4.101609230041504,
  "0x4f16": 9.497570037841797,
  "0x4f17": 4.104272842407227,
  "0x57a4": 8.188294410705566,
  "0x57a5": 4.0638747215271,
  "0x5f42": 6.777334213256836,
  "0x5f43": 3.692497491836548,
  "0x2c62": 9.799762725830078,
  "0x2c63": 3.900418996810913,
  "0x3938": 10.401259422302246,
  "0x3939": 4.798215866088867,
  "0x44a0": 11.59754753112793,
  "0x44a1": 4.101609230041504,
  "0x4f18": 9.497570037841797,
  "0x4f19": 4.104272842407227,
  "0x57a6": 8.188294410705566,
  "0x57a7": 4.0638747215271,
  "0x5f44": 6.777334213256836,
  "0x5f45": 3.692497491836548,
  "0x2c64": 9.799762725830078,
  "0x2c65": 3.900418996810913,
  "0x393a": 10.401259422302246,
  "0x393b": 4.798215866088867,
  "0x44a2": 11.59754753112793,
  "0x44a3": 4.101609230041504,
  "0x4f1a": 9.497570037841797,
  "0x4f1b": 4.104272842407227,
  "0x57a8": 8.188294410705566,
  "0x57a9": 4.0638747215271,
  "0x5f46": 6.777334213256836,
  "0x5f47": 3.692497491836548,
  "0x2c66": 9.799762725830078,
  "0x2c67": 3.900418996810913,
  "0x393c": 10.401259422302246,
  "0x393d": 4.798215866088867,
  "0x44a4": 11.59754753112793,
  "0x44a5": 4.101609230041504,
  "0x4f1c": 9.497570037841797,
  "0x4f1d": 4.104272842407227,
  "0x57aa": 8.188294410705566,
  "0x57ab": 4.0638747215271,
  "0x5f48": 6.777334213256836,
  "0x5f49": 3.692497491836548,
  "0x2c68": 9.799762725830078,
  "0x2c69": 3.900418996810913,
  "0x393e": 10.401259422302246,
  "0x393f": 4.798215866088867,
  "0x44a6": 11.59754753112793,
  "0x44a7": 4.101609230041504,
  "0x4f1e": 9.497570037841797,
  "0x4f1f": 4.104272842407227,
  "0x57ac": 8.188294410705566,
  "0x57ad": 4.0638747215271,
  "0x5f4a": 6.777334213256836,
  "0x5f4b": 3.692497491836548,
  "0x2c6a": 9.799762725830078,
  "0x2c6b": 3.900418996810913,
  "0x3940": 10.401259422302246,
  "0x3941": 4.798215866088867,
  "0x44a8": 11.59754753112793,
  "0x44a9": 4.101609230041504,
  "0x4f20": 9.497570037841797,
  "0x4f21": 4.104272842407227,
  "0x57ae": 8.188294410705566,
  "0x57af": 4.0638747215271,
  "0x5f4c": 6.777334213256836,
  "0x5f4d": 3.692497491836548
}