{
  "0x2dca": 8.599172592163086,
  "0x2dcb": 3.302077531814575,
  "0x3aa0": 10.104670524597168,
  "0x3aa1": 4.197432041168213,
  "0x4608": 9.995448112487793,
  "0x4609": 3.9020144939422607,
  "0x5080": 8.4017333984375,
  "0x5081": 3.698732614517212,
  "0x590e": 7.298058986663818,
  "0x590f": 3.2990851402282715,
  "0x60ac": 7.200150012969971,
  "0x60ad": 2.9005820751190186,
  "0x2dcc": 8.599172592163086,
  "0x2dcd": 3.302077531814575,
  "0x3aa2": 10.104670524597168,
  "0x3aa3": 4.197432041168213,
  "0x460a": 9.995448112487793,
  "0x460b": 3.9020144939422607,
  "0x5082": 8.4017333984375,
  "0x5083": 3.698732614517212,
  "0x5910": 7.298058986663818,
  "0x5911": 3.2990851402282715,
  "0x60ae": 7.200150012969971,
  "0x60af": 2.9005820751190186,
  "0x2dce": 8.599172592163086,
  "0x2dcf": 3.302077531814575,
  "0x3aa4": 10.104670524597168,
  "0x3aa5": 4.197432041168213,
  "0x460c": 9.995448112487793,
  "0x460d": 3.9020144939422607,
  "0x5084": 8.4017333984375,
  "0x5085": 3.698732614517212,
  "0x5912": 7.298058986663818,
  "0x5913": 3.2990851402282715,
  "0x60b0": 7.200150012969971,
  "0x60b1": 2.9005820751190186,
  "0x2dd0": 8.599172592163086,
  "0x2dd1": 3.302077531814575,
  "0x3aa6": 10.104670524597168,
  "0x3aa7": 4.197432041168213,
  "0x460e": 9.995448112487793,
  "0x460f": 3.9020144939422607,
  "0x5086": 8.4017333984375,
  "0x5087": 3.698732614517212,
  "0x5914": 7.298058986663818,
  "0x5915": 3.2990851402282715,
  "0x60b2": 7.200150012969971,
  "0x60b3": 2.9005820751190186,
  "0x2dd2": 8.599172592163086,
  "0x2dd3": 3.302077531814575,
  "0x3aa8": 10.104670524597168,
  "0x3aa9": 4.197432041168213,
  "0x4610": 9.995448112487793,
  "0x4611": 3.9020144939422607,
  "0x5088": 8.4017333984375,
  "0x5089": 3.698732614517212,
  "0x5916": 7.298058986663818,
  "0x5917": 3.2990851402282715,
  "0x60b4": 7.200150012969971,
  "0x60b5": 2.9005820751190186,
  "0x2dd4": 8.599172592163086,
  "0x2dd5": 3.302077531814575,
  "0x3aaa": 10.104670524597168,
  "0x3aab": 4.197432041168213,
  "0x4612": 9.995448112487793,
  "0x4613": 3.9020144939422607,
  "0x508a": 8.4017333984375,
  "0x508b": 3.698732614517212,
  "0x5918": 7.298058986663818,
  "0x5919": 3.2990851402282715,
  "0x60b6": 7.200150012969971,
  "0x60b7": 2.9005820751190186,
  "0x2dd6": 8.599172592163086,
  "0x2dd7": 3.302077531814575,
  "0x3aac": 10.104670524597168,
  "0x3aad": 4.197432041168213,
  "0x4614": 9.995448112487793,
  "0x4615": 3.9020144939422607,
  "0x508c": 8.4017333984375,
  "0x508d": 3.698732614517212,
  "0x591a": 7.298058986663818,
  "0x591b": 3.2990851402282715,
  "0x60b8": 7.200150012969971,
  "0x60b9": 2.9005820751190186
}