{
  "0x2c88": 9.097290992736816,
  "0x2c89": 3.303440570831299,
  "0x395e": 12.598188400268555,
  "0x395f": 5.4014482498168945,
  "0x44c6": 9.90500545501709,
  "0x44c7": 5.196381568908691,
  "0x4f3e": 9.600278854370117,
  "0x4f3f": 3.502985954284668,
  "0x57cc": 8.489564895629883,
  "0x57cd": 3.60141921043396,
  "0x5f6a": 8.003340721130371,
  "0x5f6b": 3.699437379837036,
  "0x2c8a": 9.097290992736816,
  "0x2c8b": 3.303440570831299,
  "0x3960": 12.598188400268555,
  "0x3961": 5.4014482498168945,
  "0x44c8": 9.90500545501709,
  "0x44c9": 5.196381568908691,
  "0x4f40": 9.600278854370117,
  "0x4f41": 3.502985954284668,
  "0x57ce": 8.489564895629883,
  "0x57cf": 3.60141921043396,
  "0x5f6c": 8.003340721130371,
  "0x5f6d": 3.699437379837036,
  "0x2c8c": 9.097290992736816,
  "0x2c8d": 3.303440570831299,
  "0x3962": 12.598188400268555,
  "0x3963": 5.4014482498168945,
  "0x44ca": 9.90500545501709,
  "0x44cb": 5.196381568908691,
  "0x4f42": 9.600278854370117,
  "0x4f43": 3.502985954284668,
  "0x57d0": 8.489564895629883,
  "0x57d1": 3.60141921043396,
  "0x5f6e": 8.003340721130371,
  "0x5f6f": 3.699437379837036,
  "0x2c8e": 9.097290992736816,
  "0x2c8f": 3.303440570831299,
  "0x3964": 12.598188400268555,
  "0x3965": 5.4014482498168945,
  "0x44cc": 9.90500545501709,
  "0x44cd": 5.196381568908691,
  "0x4f44": 9.600278854370117,
  "0x4f45": 3.502985954284668,
  "0x57d2": 8.489564895629883,
  "0x57d3": 3.60141921043396,
  "0x5f70": 8.003340721130371,
  "0x5f71": 3.699437379837036,
  "0x2c90": 9.097290992736816,
  "0x2c91": 3.303440570831299,
  "0x3966": 12.598188400268555,
  "0x3967": 5.4014482498168945,
  "0x44ce": 9.90500545501709,
  "0x44cf": 5.196381568908691,
  "0x4f46": 9.600278854370117,
  "0x4f47": 3.502985954284668,
  "0x57d4": 8.489564895629883,
  "0x57d5": 3.60141921043396,
  "0x5f72": 8.003340721130371,
  "0x5f73": 3.699437379837036,
  "0x2c92": 9.097290992736816,
  "0x2c93": 3.303440570831299,
  "0x3968": 12.598188400268555,
  "0x3969": 5.4014482498168945,
  "0x44d0": 9.90500545501709,
  "0x44d1": 5.196381568908691,
  "0x4f48": 9.600278854370117,
  "0x4f49": 3.502985954284668,
  "0x57d6": 8.489564895629883,
  "0x57d7": 3.60141921043396,
  "0x5f74": 8.003340721130371,
  "0x5f75": 3.699437379837036,
  "0x2c94": 9.097290992736816,
  "0x2c95": 3.303440570831299,
  "0x396a": 12.598188400268555,
  "0x396b": 5.4014482498168945,
  "0x44d2": 9.90500545501709,
  "0x44d3": 5.196381568908691,
  "0x4f4a": 9.600278854370117,
  "0x4f4b": 3.502985954284668,
  "0x57d8": 8.489564895629883,
  "0x57d9": 3.60141921043396,
  "0x5f76": 8.003340721130371,
  "0x5f77": 3.699437379837036
}