{
  "0x3024": 5.898704528808594,
  "0x3025": 3.605119228363037,
  "0x3cfa": 5.00062894821167,
  "0x3cfb": 3.1942014694213867,
  "0x4862": 7.528563976287842,
  "0x4863": 0.9864113330841064,
  "0x52da": 1.6986863613128662,
  "0x52db": 0.10116591304540634,
  "0x5b68": 0.5843157172203064,
  "0x5b69": 0.8515752553939819,
  "0x6306": 4.716757297515869,
  "0x6307": 0.19820374250411987,
  "0x68ba": 4.816666126251221,
  "0x68bb": 0.7925706505775452,
  "0x6d7c": 7.846195220947266,
  "0x6d7d": 2.4245517253875732,
  "0x72f2": 8.402779579162598,
  "0x72f3": 2.504072666168213,
  "0x7776": 2.9048502445220947,
  "0x7777": 3.493114709854126,
  "0x3026": 5.898704528808594,
  "0x3027": 3.605119228363037,
  "0x3cfc": 5.00062894821167,
  "0x3cfd": 3.1942014694213867,
  "0x4864": 7.528563976287842,
  "0x4865": 0.9864113330841064,
  "0x52dc": 1.6986863613128662,
  "0x52dd": 0.10116591304540634,
  "0x5b6a": 0.5843157172203064,
  "0x5b6b": 0.8515752553939819,
  "0x6308": 4.716757297515869,
  "0x6309": 0.19820374250411987,
  "0x68bc": 4.816666126251221,
  "0x68bd": 0.7925706505775452,
  "0x6d7e": 7.846195220947266,
  "0x6d7f": 2.4245517253875732,
  "0x72f4": 8.402779579162598,
  "0x72f5": 2.504072666168213,
  "0x7778": 2.9048502445220947,
  "0x7779": 3.493114709854126,
  "0x3028": 5.898704528808594,
  "0x3029": 3.605119228363037,
  "0x3cfe": 5.00062894821167,
  "0x3cff": 3.1942014694213867,
  "0x4866": 7.528563976287842,
  "0x4867": 0.9864113330841064,
  "0x52de": 1.6986863613128662,
  "0x52df": 0.10116591304540634,
  "0x5b6c": 0.5843157172203064,
  "0x5b6d": -0.002772213891148567,
  "0x630a": 4.716757297515869,
  "0x630b": 0.19820374250411987,
  "0x68be": 4.816666126251221,
  "0x68bf": 0.7925706505775452,
  "0x6d80": 7.846195220947266,
  "0x6d81": 2.4245517253875732,
  "0x72f6": 8.402779579162598,
  "0x72f7": 2.504072666168213,
  "0x777a": 2.9048502445220947,
  "0x777b": 3.493114709854126,
  "0x302a": 5.898704528808594,
  "0x302b": 3.605119228363037,
  "0x3d00": 5.00062894821167,
  "0x3d01": 3.1942014694213867,
  "0x4868": 7.528563976287842,
  "0x4869": 0.9864113330841064,
  "0x52e0": 1.6986863613128662,
  "0x52e1": 0.10116591304540634,
  "0x5b6e": 0.5843157172203064,
  "0x5b6f": 0.8515752553939819,
  "0x630c": 4.716757297515869,
  "0x630d": 0.19820374250411987,
  "0x68c0": 4.816666126251221,
  "0x68c1": 0.7925706505775452,
  "0x6d82": 7.846195220947266,
  "0x6d83": 2.4245517253875732,
  "0x72f8": 8.402779579162598,
  "0x72f9": 2.504072666168213,
  "0x777c": 2.9048502445220947,
  "0x777d": 3.493114709854126,
  "0x302c": 5.898704528808594,
  "0x302d": 3.605119228363037,
  "0x3d02": 5.00062894821167,
  "0x3d03": 3.1942014694213867,
  "0x486a": 7.528563976287842,
  "0x486b": 0.9864113330841064,
  "0x52e2": 1.6986863613128662,
  "0x52e3": 0.10116591304540634,
  "0x5b70": 0.5843157172203064,
  "0x5b71": 0.8515752553939819,
  "0x630e": 4.716757297515869,
  "0x630f": 0.19820374250411987,
  "0x68c2": 4.816666126251221,
  "0x68c3": 0.7925706505775452,
  "0x6d84": 7.846195220947266,
  "0x6d85": 2.4245517253875732,
  "0x72fa": 8.402779579162598,
  "0x72fb": 2.504072666168213,
  "0x777e": 2.9048502445220947,
  "0x777f": 3.493114709854126,
  "0x302e": 5.898704528808594,
  "0x302f": 3.605119228363037,
  "0x3d04": 5.00062894821167,
  "0x3d05": 3.1942014694213867,
  "0x486c": 7.528563976287842,
  "0x486d": 0.9864113330841064,
  "0x52e4": 1.6986863613128662,
  "0x52e5": 0.10116591304540634,
  "0x5b72": 0.5843157172203064,
  "0x5b73": 0.8515752553939819,
  "0x6310": 4.716757297515869,
  "0x6311": 0.19820374250411987,
  "0x68c4": 1.826971411705017,
  "0x68c5": -0.21063126623630524,
  "0x6d86": 7.846195220947266,
  "0x6d87": 0.052899718284606934,
  "0x72fc": 8.402779579162598,
  "0x72fd": 0.11461921781301498,
  "0x7780": 2.9048502445220947,
  "0x7781": 3.493114709854126,
  "0x3030": 5.898704528808594,
  "0x3031": 3.605119228363037,
  "0x3d06": 5.00062894821167,
  "0x3d07": 3.1942014694213867,
  "0x486e": 7.528563976287842,
  "0x486f": 0.22820062935352325,
  "0x52e6": 1.6986863613128662,
  "0x52e7": 0.10116591304540634,
  "0x5b74": 0.5843157172203064,
  "0x5b75": 0.8515752553939819,
  "0x6312": 4.716757297515869,
  "0x6313": 0.19820374250411987,
  "0x68c6": 4.816666126251221,
  "0x68c7": 0.7925706505775452,
  "0x6d88": 7.846195220947266,
  "0x6d89": 2.4245517253875732,
  "0x72fe": 8.402779579162598,
  "0x72ff": 2.504072666168213,
  "0x7782": 2.9048502445220947,
  "0x7783": 3.493114709854126
}