{
  "0x2d76": 8.199594497680664,
  "0x2d77": 3.6998167037963867,
  "0x3a4c": 11.399434089660645,
  "0x3a4d": 4.001084327697754,
  "0x45b4": 8.30288314819336,
  "0x45b5": 4.8971405029296875,
  "0x502c": 8.001482009887695,
  "0x502d": 4.698759078979492,
  "0x58ba": 7.8557562828063965,
  "0x58bb": 3.665215015411377,
  "0x6058": 7.8984246253967285,
  "0x6059": 3.3019306659698486,
  "0x2d78": 8.199594497680664,
  "0x2d79": 3.6998167037963867,
  "0x3a4e": 11.399434089660645,
  "0x3a4f": 4.001084327697754,
  "0x45b6": 8.30288314819336,
  "0x45b7": 4.8971405029296875,
  "0x502e": 8.001482009887695,
  "0x502f": 4.698759078979492,
  "0x58bc": 7.8557562828063965,
  "0x58bd": 3.665215015411377,
  "0x605a": 7.8984246253967285,
  "0x605b": 3.3019306659698486,
  "0x2d7a": 8.199594497680664,
  "0x2d7b": 3.6998167037963867,
  "0x3a50": 11.399434089660645,
  "0x3a51": 4.001084327697754,
  "0x45b8": 8.30288314819336,
  "0x45b9": 4.8971405029296875,
  "0x5030": 8.001482009887695,
  "0x5031": 4.698759078979492,
  "0x58be": 7.8557562828063965,
  "0x58bf": 3.665215015411377,
  "0x605c": 7.8984246253967285,
  "0x605d": 3.3019306659698486,
  "0x2d7c": 8.199594497680664,
  "0x2d7d": 3.6998167037963867,
  "0x3a52": 11.399434089660645,
  "0x3a53": 4.001084327697754,
  "0x45ba": 8.30288314819336,
  "0x45bb": 4.8971405029296875,
  "0x5032": 8.001482009887695,
  "0x5033": 4.698759078979492,
  "0x58c0": 7.8557562828063965,
  "0x58c1": 3.665215015411377,
  "0x605e": 7.8984246253967285,
  "0x605f": 3.3019306659698486,
  "0x2d7e": 8.199594497680664,
  "0x2d7f": 3.6998167037963867,
  "0x3a54": 11.399434089660645,
  "0x3a55": 4.001084327697754,
  "0x45bc": 8.30288314819336,
  "0x45bd": 4.8971405029296875,
  "0x5034": 8.001482009887695,
  "0x5035": 4.698759078979492,
  "0x58c2": 7.8557562828063965,
  "0x58c3": 3.665215015411377,
  "0x6060": 7.8984246253967285,
  "0x6061": 3.3019306659698486,
  "0x2d80": 8.199594497680664,
  "0x2d81": 3.6998167037963867,
  "0x3a56": 11.399434089660645,
  "0x3a57": 4.001084327697754,
  "0x45be": 8.30288314819336,
  "0x45bf": 4.8971405029296875,
  "0x5036": 8.001482009887695,
  "0x5037": 4.698759078979492,
  "0x58c4": 7.8557562828063965,
  "0x58c5": 3.665215015411377,
  "0x6062": 7.8984246253967285,
  "0x6063": 3.3019306659698486,
  "0x2d82": 8.199594497680664,
  "0x2d83": 3.6998167037963867,
  "0x3a58": 11.399434089660645,
  "0x3a59": 4.001084327697754,
  "0x45c0": 8.30288314819336,
  "0x45c1": 4.8971405029296875,
  "0x5038": 8.001482009887695,
  "0x5039": 4.698759078979492,
  "0x58c6": 7.8557562828063965,
  "0x58c7": 3.665215015411377,
  "0x6064": 7.8984246253967285,
  "0x6065": 3.3019306659698486
}