{
  "date.value": {
    "0x4391": 1.546128e+18,
    "0x4e08": 1.546128e+18,
    "0x4e09": 1.546128e+18
  },
  "warehouse_ID.value": {
    "0x4391": 0.3046744574290484,
    "0x4e08": 0.1018363939899833,
    "0x4e09": 0.1018363939899833
  },
  "Latitude.value": {
    "0x4391": 35.67897,
    "0x4e08": 34.361664000000005,
    "0x4e09": 34.361664000000005
  },
  "Longitude.value": {
    "0x4391": -109.067413,
    "0x4e08": -86.305595,
    "0x4e09": -86.305595
  },
  "Product_Type.value": {
    "0x4391": 0.25041736227045075,
    "0x4e08": 0.7504173622704507,
    "0x4e09": 0.25041736227045075
  },
  "year.value": {
    "0x4391": 2018,
    "0x4e08": 2018,
    "0x4e09": 2018
  },
  "month.value": {
    "0x4391": 12,
    "0x4e08": 12,
    "0x4e09": 12
  },
  "is_weekend.value": {
    "0x4391": 0.8639398998330551,
    "0x4e08": 0.8639398998330551,
    "0x4e09": 0.8639398998330551
  },
  "is_warehouse_closed.value": {
    "0x4391": 0.5,
    "0x4e08": 0.5,
    "0x4e09": 0.5
  },
  "week.value": {
    "0x4391": 52,
    "0x4e08": 52,
    "0x4e09": 52
  },
  "state.value": {
    "0x4391": 0.3046744574290484,
    "0x4e08": 0.1018363939899833,
    "0x4e09": 0.1018363939899833
  },
  "county.value": {
    "0x4391": 0.3046744574290484,
    "0x4e08": 0.1018363939899833,
    "0x4e09": 0.1018363939899833
  },
  "state_cases.value": {
    "0x4391": 0,
    "0x4e08": 0,
    "0x4e09": 0
  },
  "state_deaths.value": {
    "0x4391": 0.0,
    "0x4e08": 0.0,
    "0x4e09": 0.0
  },
  "county_cases.value": {
    "0x4391": 0,
    "0x4e08": 0,
    "0x4e09": 0
  },
  "county_deaths.value": {
    "0x4391": 0.0,
    "0x4e08": 0.0,
    "0x4e09": 0.0
  },
  "day_of_week.value": {
    "0x4391": 6,
    "0x4e08": 6,
    "0x4e09": 6
  },
  "days_since_warehouse_started.value": {
    "0x4391": 362.0,
    "0x4e08": 242.0,
    "0x4e09": 242.0
  },
  "state_abbr.value": {
    "0x4391": 0.3046744574290484,
    "0x4e08": 0.1018363939899833,
    "0x4e09": 0.1018363939899833
  },
  "is_holiday.value": {
    "0x4391": 0,
    "0x4e08": 0,
    "0x4e09": 0
  },
  "statewise_population.value": {
    "0x4391": 7276316,
    "0x4e08": 539877,
    "0x4e09": 539877
  },
  "statewise_land_area_per_sqmile.value": {
    "0x4391": 113594,
    "0x4e08": 50645,
    "0x4e09": 50645
  },
  "statewise_population_per_sqmile.value": {
    "0x4391": 64.05546067573992,
    "0x4e08": 10.660025668871556,
    "0x4e09": 10.660025668871556
  },
  "statewise_geographic_region.value": {
    "0x4391": 0.2011686143572621,
    "0x4e08": 0.5041736227045075,
    "0x4e09": 0.5041736227045075
  },
  "geographic_region_division.value": {
    "0x4391": 0.2011686143572621,
    "0x4e08": 0.8981636060100167,
    "0x4e09": 0.8981636060100167
  },
  "statewise_median_age.value": {
    "0x4391": 38.5,
    "0x4e08": 39.5,
    "0x4e09": 39.5
  },
  "statewise_median_household_income.value": {
    "0x4391": 32173,
    "0x4e08": 28650,
    "0x4e09": 28650
  },
  "total_count.value": {
    "0x4391": 362,
    "0x4e08": 242,
    "0x4e09": 242
  },
  "yearly_count.value": {
    "0x4391": 362,
    "0x4e08": 242,
    "0x4e09": 242
  },
  "monthly_count.value": {
    "0x4391": 29,
    "0x4e08": 29,
    "0x4e09": 29
  },
  "weekly_count.value": {
    "0x4391": 6,
    "0x4e08": 6,
    "0x4e09": 6
  }
}