{
  "0x4391": 2.721372365951538,
  "0x4e08": 5.621544361114502,
  "0x4e09": 2.6055538654327393
}