{
  "0x30a2": 6.713100433349609,
  "0x30a3": 2.688114643096924,
  "0x3d78": 9.694345474243164,
  "0x3d79": 0.9062394499778748,
  "0x48e0": 3.2968697547912598,
  "0x48e1": 0.3033003807067871,
  "0x5358": 4.814757347106934,
  "0x5359": 1.5918389558792114,
  "0x5be6": 2.192880153656006,
  "0x5be7": 0.1096450611948967,
  "0x6384": 1.4099969863891602,
  "0x6385": 0.09237490594387054,
  "0x6938": 5.570235252380371,
  "0x6939": 1.8172082901000977,
  "0x6dfa": 3.5172641277313232,
  "0x6dfb": 4.5903096199035645,
  "0x7370": 6.891880512237549,
  "0x7371": 0.7190032601356506,
  "0x77f4": 6.700989723205566,
  "0x77f5": 0.9002199172973633,
  "0x30a4": 6.713100433349609,
  "0x30a5": 2.688114643096924,
  "0x3d7a": 9.694345474243164,
  "0x3d7b": 0.9062394499778748,
  "0x48e2": 3.2968697547912598,
  "0x48e3": 0.3033003807067871,
  "0x535a": 4.814757347106934,
  "0x535b": 1.5918389558792114,
  "0x5be8": 2.192880153656006,
  "0x5be9": 0.1096450611948967,
  "0x6386": 1.4099969863891602,
  "0x6387": 0.09237490594387054,
  "0x693a": 5.570235252380371,
  "0x693b": 0.022610414773225784,
  "0x6dfc": 3.5172641277313232,
  "0x6dfd": 4.5903096199035645,
  "0x7372": 6.891880512237549,
  "0x7373": 0.7190032601356506,
  "0x77f6": 6.700989723205566,
  "0x77f7": 0.9002199172973633,
  "0x30a6": 6.713100433349609,
  "0x30a7": 2.688114643096924,
  "0x3d7c": 9.694345474243164,
  "0x3d7d": 0.9062394499778748,
  "0x48e4": 3.2968697547912598,
  "0x48e5": 0.3033003807067871,
  "0x535c": 4.814757347106934,
  "0x535d": 1.5918389558792114,
  "0x5bea": 2.192880153656006,
  "0x5beb": -0.21324856579303741,
  "0x6388": 1.4099969863891602,
  "0x6389": 0.09237490594387054,
  "0x693c": 5.570235252380371,
  "0x693d": 0.022610414773225784,
  "0x6dfe": 3.5172641277313232,
  "0x6dff": 4.5903096199035645,
  "0x7374": 6.891880512237549,
  "0x7375": 0.7190032601356506,
  "0x77f8": 6.700989723205566,
  "0x77f9": 0.9002199172973633,
  "0x30a8": 6.713100433349609,
  "0x30a9": 2.688114643096924,
  "0x3d7e": 9.694345474243164,
  "0x3d7f": 0.9062394499778748,
  "0x48e6": 3.2968697547912598,
  "0x48e7": 0.3033003807067871,
  "0x535e": 4.814757347106934,
  "0x535f": 1.5918389558792114,
  "0x5bec": 2.192880153656006,
  "0x5bed": 0.1096450611948967,
  "0x638a": 1.4099969863891602,
  "0x638b": 0.09237490594387054,
  "0x693e": 5.570235252380371,
  "0x693f": 1.8172082901000977,
  "0x6e00": 3.5172641277313232,
  "0x6e01": 4.5903096199035645,
  "0x7376": 6.891880512237549,
  "0x7377": 0.7190032601356506,
  "0x77fa": 6.700989723205566,
  "0x77fb": 0.9002199172973633,
  "0x30aa": 6.713100433349609,
  "0x30ab": 2.688114643096924,
  "0x3d80": 9.694345474243164,
  "0x3d81": 0.9062394499778748,
  "0x48e8": 3.2968697547912598,
  "0x48e9": 0.3033003807067871,
  "0x5360": 4.814757347106934,
  "0x5361": 1.5918389558792114,
  "0x5bee": 2.192880153656006,
  "0x5bef": 0.1096450611948967,
  "0x638c": 1.4099969863891602,
  "0x638d": -0.24701277911663055,
  "0x6940": 5.570235252380371,
  "0x6941": 1.8172082901000977,
  "0x6e02": 3.5172641277313232,
  "0x6e03": 4.5903096199035645,
  "0x7378": 6.891880512237549,
  "0x7379": 0.7190032601356506,
  "0x77fc": 6.700989723205566,
  "0x77fd": 0.9002199172973633,
  "0x30ac": 6.713100433349609,
  "0x30ad": 2.688114643096924,
  "0x3d82": 9.694345474243164,
  "0x3d83": 0.9062394499778748,
  "0x48ea": 3.2968697547912598,
  "0x48eb": 0.3033003807067871,
  "0x5362": 4.814757347106934,
  "0x5363": 1.5918389558792114,
  "0x5bf0": 2.192880153656006,
  "0x5bf1": -0.21324856579303741,
  "0x638e": 1.4099969863891602,
  "0x638f": 0.09237490594387054,
  "0x6942": 4.377604961395264,
  "0x6943": 1.8172082901000977,
  "0x6e04": 3.5172641277313232,
  "0x6e05": 4.5903096199035645,
  "0x737a": 6.891880512237549,
  "0x737b": 0.7190032601356506,
  "0x77fe": 6.700989723205566,
  "0x77ff": 0.9002199172973633,
  "0x30ae": 6.713100433349609,
  "0x30af": 2.688114643096924,
  "0x3d84": 9.694345474243164,
  "0x3d85": -0.06834191828966141,
  "0x48ec": 3.2968697547912598,
  "0x48ed": 0.3033003807067871,
  "0x5364": 4.814757347106934,
  "0x5365": 1.5918389558792114,
  "0x5bf2": 2.192880153656006,
  "0x5bf3": 0.1096450611948967,
  "0x6390": 1.4099969863891602
}