{
  "0x3094": 0.5972010493278503,
  "0x3095": 1.0079853534698486,
  "0x3d6a": 11.10584831237793,
  "0x3d6b": 2.4930622577667236,
  "0x48d2": 4.220187664031982,
  "0x48d3": 3.9773366451263428,
  "0x534a": 3.796276330947876,
  "0x534b": 2.5024125576019287,
  "0x5bd8": 5.697688102722168,
  "0x5bd9": 0.10186036676168442,
  "0x6376": 6.006131649017334,
  "0x6377": 0.45610782504081726,
  "0x692a": 4.983119010925293,
  "0x692b": 0.03637682646512985,
  "0x6dec": 4.716688632965088,
  "0x6ded": 1.286307454109192,
  "0x7362": 7.482209205627441,
  "0x7363": 0.714982807636261,
  "0x77e6": 8.600173950195312,
  "0x77e7": 1.500685214996338,
  "0x3096": 3.892806053161621,
  "0x3097": 1.0079853534698486,
  "0x3d6c": 11.10584831237793,
  "0x3d6d": 2.4930622577667236,
  "0x48d4": 4.220187664031982,
  "0x48d5": 3.9773366451263428,
  "0x534c": 3.796276330947876,
  "0x534d": 0.24927093088626862,
  "0x5bda": 5.697688102722168,
  "0x5bdb": 0.10186036676168442,
  "0x6378": 6.006131649017334,
  "0x6379": 0.45610782504081726,
  "0x692c": 4.983119010925293,
  "0x692d": 1.209750771522522,
  "0x6dee": 4.716688632965088,
  "0x6def": 1.286307454109192,
  "0x7364": 7.482209205627441,
  "0x7365": 0.714982807636261,
  "0x77e8": 8.600173950195312,
  "0x77e9": 0.02712356671690941,
  "0x3098": 3.892806053161621,
  "0x3099": -0.4761287271976471,
  "0x3d6e": 11.10584831237793,
  "0x3d6f": 2.4930622577667236,
  "0x48d6": 4.220187664031982,
  "0x48d7": 3.9773366451263428,
  "0x534e": 3.796276330947876,
  "0x534f": 2.5024125576019287,
  "0x5bdc": 5.697688102722168,
  "0x5bdd": 0.10186036676168442,
  "0x637a": 6.006131649017334,
  "0x637b": 0.45610782504081726,
  "0x692e": 4.983119010925293,
  "0x692f": 1.209750771522522,
  "0x6df0": 4.716688632965088,
  "0x6df1": 1.286307454109192,
  "0x7366": 7.45391845703125,
  "0x7367": 0.7266042828559875,
  "0x77ea": 8.600173950195312,
  "0x77eb": 1.500685214996338,
  "0x309a": 3.892806053161621,
  "0x309b": 1.0079853534698486,
  "0x3d70": 11.10584831237793,
  "0x3d71": 2.4930622577667236,
  "0x48d8": 4.220187664031982,
  "0x48d9": 3.9773366451263428,
  "0x5350": 3.796276330947876,
  "0x5351": 2.5024125576019287,
  "0x5bde": 5.697688102722168,
  "0x5bdf": 0.10186036676168442,
  "0x637c": 6.006131649017334,
  "0x637d": -0.001300452626310289,
  "0x6930": 4.974790573120117,
  "0x6931": 1.201421856880188,
  "0x6df2": 4.716688632965088,
  "0x6df3": 1.286307454109192,
  "0x7368": 7.460872650146484,
  "0x7369": 0.7270093560218811,
  "0x77ec": 8.600173950195312,
  "0x77ed": 1.500685214996338,
  "0x309c": 3.892806053161621,
  "0x309d": -0.4761287271976471,
  "0x3d72": 11.10584831237793,
  "0x3d73": 2.4930622577667236,
  "0x48da": 4.220187664031982,
  "0x48db": 3.9773366451263428,
  "0x5352": 3.796276330947876,
  "0x5353": 2.5024125576019287,
  "0x5be0": 5.697688102722168,
  "0x5be1": 0.10186036676168442,
  "0x637e": 6.006131649017334,
  "0x637f": 0.45610782504081726,
  "0x6932": 5.559122085571289,
  "0x6933": 0.21177908778190613,
  "0x6df4": 4.716688632965088,
  "0x6df5": 1.286307454109192,
  "0x736a": 7.460872650146484,
  "0x736b": 0.7270093560218811,
  "0x77ee": 8.600173950195312,
  "0x77ef": 1.500685214996338,
  "0x309e": 3.892806053161621,
  "0x309f": 1.0079853534698486,
  "0x3d74": 11.10584831237793,
  "0x3d75": 2.4930622577667236,
  "0x48dc": 4.220187664031982,
  "0x48dd": 0.8938977122306824,
  "0x5354": 3.796276330947876,
  "0x5355": 2.5024125576019287,
  "0x5be2": 5.697688102722168,
  "0x5be3": -0.14333344995975494,
  "0x6380": 6.006131649017334,
  "0x6381": -0.001300452626310289,
  "0x6934": 4.6717000007629395,
  "0x6935": 1.172627329826355,
  "0x6df6": 4.716688632965088,
  "0x6df7": 1.286307454109192,
  "0x736c": 7.460872650146484,
  "0x736d": 0.7270093560218811,
  "0x77f0": 8.600173950195312,
  "0x77f1": 1.500685214996338,
  "0x30a0": 3.892806053161621,
  "0x30a1": 1.0079853534698486,
  "0x3d76": 11.10584831237793,
  "0x3d77": 2.4930622577667236,
  "0x48de": 4.220187664031982,
  "0x48df": 3.9773366451263428,
  "0x5356": 3.796276330947876,
  "0x5357": 2.5024125576019287,
  "0x5be4": 5.697688102722168,
  "0x5be5": 0.10186036676168442,
  "0x6382": 6.006131649017334,
  "0x6383": 0.45610782504081726,
  "0x6936": 4.6717000007629395,
  "0x6937": 1.172627329826355,
  "0x6df8": 4.716688632965088,
  "0x6df9": 1.286307454109192,
  "0x736e": 7.460872650146484,
  "0x736f": -0.6291808485984802,
  "0x77f2": 8.600173950195312,
  "0x77f3": 1.500685214996338
}