{
  "date.value": {
    "0x2bee": 1.5528672e+18,
    "0x2bef": 1.5528672e+18,
    "0x38c4": 1.5528672e+18,
    "0x38c5": 1.5528672e+18,
    "0x442c": 1.5528672e+18,
    "0x442d": 1.5528672e+18,
    "0x4ea4": 1.5528672e+18,
    "0x4ea5": 1.5528672e+18,
    "0x5732": 1.5528672e+18,
    "0x5733": 1.5528672e+18,
    "0x2bf0": 1.5529536e+18,
    "0x2bf1": 1.5529536e+18,
    "0x38c6": 1.5529536e+18,
    "0x38c7": 1.5529536e+18,
    "0x442e": 1.5529536e+18,
    "0x442f": 1.5529536e+18,
    "0x4ea6": 1.5529536e+18,
    "0x4ea7": 1.5529536e+18,
    "0x5734": 1.5529536e+18,
    "0x5735": 1.5529536e+18,
    "0x2bf2": 1.55304e+18,
    "0x2bf3": 1.55304e+18,
    "0x38c8": 1.55304e+18,
    "0x38c9": 1.55304e+18,
    "0x4430": 1.55304e+18,
    "0x4431": 1.55304e+18,
    "0x4ea8": 1.55304e+18,
    "0x4ea9": 1.55304e+18,
    "0x5736": 1.55304e+18,
    "0x5737": 1.55304e+18,
    "0x2bf4": 1.5531264e+18,
    "0x2bf5": 1.5531264e+18,
    "0x38ca": 1.5531264e+18,
    "0x38cb": 1.5531264e+18,
    "0x4432": 1.5531264e+18,
    "0x4433": 1.5531264e+18,
    "0x4eaa": 1.5531264e+18,
    "0x4eab": 1.5531264e+18,
    "0x5738": 1.5531264e+18,
    "0x5739": 1.5531264e+18,
    "0x2bf6": 1.5532128e+18,
    "0x2bf7": 1.5532128e+18,
    "0x38cc": 1.5532128e+18,
    "0x38cd": 1.5532128e+18,
    "0x4434": 1.5532128e+18,
    "0x4435": 1.5532128e+18,
    "0x4eac": 1.5532128e+18,
    "0x4ead": 1.5532128e+18,
    "0x573a": 1.5532128e+18,
    "0x573b": 1.5532128e+18,
    "0x2bf8": 1.5532992e+18,
    "0x2bf9": 1.5532992e+18,
    "0x38ce": 1.5532992e+18,
    "0x38cf": 1.5532992e+18,
    "0x4436": 1.5532992e+18,
    "0x4437": 1.5532992e+18,
    "0x4eae": 1.5532992e+18,
    "0x4eaf": 1.5532992e+18,
    "0x573c": 1.5532992e+18,
    "0x573d": 1.5532992e+18,
    "0x2bfa": 1.5533856e+18,
    "0x2bfb": 1.5533856e+18,
    "0x38d0": 1.5533856e+18,
    "0x38d1": 1.5533856e+18,
    "0x4438": 1.5533856e+18,
    "0x4439": 1.5533856e+18,
    "0x4eb0": 1.5533856e+18,
    "0x4eb1": 1.5533856e+18,
    "0x573e": 1.5533856e+18,
    "0x573f": 1.5533856e+18
  },
  "warehouse_ID.value": {
    "0x2bee": 0.1,
    "0x2bef": 0.1,
    "0x38c4": 0.30000000000000004,
    "0x38c5": 0.30000000000000004,
    "0x442c": 0.5,
    "0x442d": 0.5,
    "0x4ea4": 0.7000000000000001,
    "0x4ea5": 0.7000000000000001,
    "0x5732": 0.9,
    "0x5733": 0.9,
    "0x2bf0": 0.1,
    "0x2bf1": 0.1,
    "0x38c6": 0.30000000000000004,
    "0x38c7": 0.30000000000000004,
    "0x442e": 0.5,
    "0x442f": 0.5,
    "0x4ea6": 0.7000000000000001,
    "0x4ea7": 0.7000000000000001,
    "0x5734": 0.9,
    "0x5735": 0.9,
    "0x2bf2": 0.1,
    "0x2bf3": 0.1,
    "0x38c8": 0.30000000000000004,
    "0x38c9": 0.30000000000000004,
    "0x4430": 0.5,
    "0x4431": 0.5,
    "0x4ea8": 0.7000000000000001,
    "0x4ea9": 0.7000000000000001,
    "0x5736": 0.9,
    "0x5737": 0.9,
    "0x2bf4": 0.1,
    "0x2bf5": 0.1,
    "0x38ca": 0.30000000000000004,
    "0x38cb": 0.30000000000000004,
    "0x4432": 0.5,
    "0x4433": 0.5,
    "0x4eaa": 0.7000000000000001,
    "0x4eab": 0.7000000000000001,
    "0x5738": 0.9,
    "0x5739": 0.9,
    "0x2bf6": 0.1,
    "0x2bf7": 0.1,
    "0x38cc": 0.30000000000000004,
    "0x38cd": 0.30000000000000004,
    "0x4434": 0.5,
    "0x4435": 0.5,
    "0x4eac": 0.7000000000000001,
    "0x4ead": 0.7000000000000001,
    "0x573a": 0.9,
    "0x573b": 0.9,
    "0x2bf8": 0.1,
    "0x2bf9": 0.1,
    "0x38ce": 0.30000000000000004,
    "0x38cf": 0.30000000000000004,
    "0x4436": 0.5,
    "0x4437": 0.5,
    "0x4eae": 0.7000000000000001,
    "0x4eaf": 0.7000000000000001,
    "0x573c": 0.9,
    "0x573d": 0.9,
    "0x2bfa": 0.1,
    "0x2bfb": 0.1,
    "0x38d0": 0.30000000000000004,
    "0x38d1": 0.30000000000000004,
    "0x4438": 0.5,
    "0x4439": 0.5,
    "0x4eb0": 0.7000000000000001,
    "0x4eb1": 0.7000000000000001,
    "0x573e": 0.9,
    "0x573f": 0.9
  },
  "Product_Type.value": {
    "0x2bee": 0.25,
    "0x2bef": 0.75,
    "0x38c4": 0.25,
    "0x38c5": 0.75,
    "0x442c": 0.25,
    "0x442d": 0.75,
    "0x4ea4": 0.25,
    "0x4ea5": 0.75,
    "0x5732": 0.25,
    "0x5733": 0.75,
    "0x2bf0": 0.25,
    "0x2bf1": 0.75,
    "0x38c6": 0.25,
    "0x38c7": 0.75,
    "0x442e": 0.25,
    "0x442f": 0.75,
    "0x4ea6": 0.25,
    "0x4ea7": 0.75,
    "0x5734": 0.25,
    "0x5735": 0.75,
    "0x2bf2": 0.25,
    "0x2bf3": 0.75,
    "0x38c8": 0.25,
    "0x38c9": 0.75,
    "0x4430": 0.25,
    "0x4431": 0.75,
    "0x4ea8": 0.25,
    "0x4ea9": 0.75,
    "0x5736": 0.25,
    "0x5737": 0.75,
    "0x2bf4": 0.25,
    "0x2bf5": 0.75,
    "0x38ca": 0.25,
    "0x38cb": 0.75,
    "0x4432": 0.25,
    "0x4433": 0.75,
    "0x4eaa": 0.25,
    "0x4eab": 0.75,
    "0x5738": 0.25,
    "0x5739": 0.75,
    "0x2bf6": 0.25,
    "0x2bf7": 0.75,
    "0x38cc": 0.25,
    "0x38cd": 0.75,
    "0x4434": 0.25,
    "0x4435": 0.75,
    "0x4eac": 0.25,
    "0x4ead": 0.75,
    "0x573a": 0.25,
    "0x573b": 0.75,
    "0x2bf8": 0.25,
    "0x2bf9": 0.75,
    "0x38ce": 0.25,
    "0x38cf": 0.75,
    "0x4436": 0.25,
    "0x4437": 0.75,
    "0x4eae": 0.25,
    "0x4eaf": 0.75,
    "0x573c": 0.25,
    "0x573d": 0.75,
    "0x2bfa": 0.25,
    "0x2bfb": 0.75,
    "0x38d0": 0.25,
    "0x38d1": 0.75,
    "0x4438": 0.25,
    "0x4439": 0.75,
    "0x4eb0": 0.25,
    "0x4eb1": 0.75,
    "0x573e": 0.25,
    "0x573f": 0.75
  },
  "year.value": {
    "0x2bee": 2019,
    "0x2bef": 2019,
    "0x38c4": 2019,
    "0x38c5": 2019,
    "0x442c": 2019,
    "0x442d": 2019,
    "0x4ea4": 2019,
    "0x4ea5": 2019,
    "0x5732": 2019,
    "0x5733": 2019,
    "0x2bf0": 2019,
    "0x2bf1": 2019,
    "0x38c6": 2019,
    "0x38c7": 2019,
    "0x442e": 2019,
    "0x442f": 2019,
    "0x4ea6": 2019,
    "0x4ea7": 2019,
    "0x5734": 2019,
    "0x5735": 2019,
    "0x2bf2": 2019,
    "0x2bf3": 2019,
    "0x38c8": 2019,
    "0x38c9": 2019,
    "0x4430": 2019,
    "0x4431": 2019,
    "0x4ea8": 2019,
    "0x4ea9": 2019,
    "0x5736": 2019,
    "0x5737": 2019,
    "0x2bf4": 2019,
    "0x2bf5": 2019,
    "0x38ca": 2019,
    "0x38cb": 2019,
    "0x4432": 2019,
    "0x4433": 2019,
    "0x4eaa": 2019,
    "0x4eab": 2019,
    "0x5738": 2019,
    "0x5739": 2019,
    "0x2bf6": 2019,
    "0x2bf7": 2019,
    "0x38cc": 2019,
    "0x38cd": 2019,
    "0x4434": 2019,
    "0x4435": 2019,
    "0x4eac": 2019,
    "0x4ead": 2019,
    "0x573a": 2019,
    "0x573b": 2019,
    "0x2bf8": 2019,
    "0x2bf9": 2019,
    "0x38ce": 2019,
    "0x38cf": 2019,
    "0x4436": 2019,
    "0x4437": 2019,
    "0x4eae": 2019,
    "0x4eaf": 2019,
    "0x573c": 2019,
    "0x573d": 2019,
    "0x2bfa": 2019,
    "0x2bfb": 2019,
    "0x38d0": 2019,
    "0x38d1": 2019,
    "0x4438": 2019,
    "0x4439": 2019,
    "0x4eb0": 2019,
    "0x4eb1": 2019,
    "0x573e": 2019,
    "0x573f": 2019
  },
  "month.value": {
    "0x2bee": 3,
    "0x2bef": 3,
    "0x38c4": 3,
    "0x38c5": 3,
    "0x442c": 3,
    "0x442d": 3,
    "0x4ea4": 3,
    "0x4ea5": 3,
    "0x5732": 3,
    "0x5733": 3,
    "0x2bf0": 3,
    "0x2bf1": 3,
    "0x38c6": 3,
    "0x38c7": 3,
    "0x442e": 3,
    "0x442f": 3,
    "0x4ea6": 3,
    "0x4ea7": 3,
    "0x5734": 3,
    "0x5735": 3,
    "0x2bf2": 3,
    "0x2bf3": 3,
    "0x38c8": 3,
    "0x38c9": 3,
    "0x4430": 3,
    "0x4431": 3,
    "0x4ea8": 3,
    "0x4ea9": 3,
    "0x5736": 3,
    "0x5737": 3,
    "0x2bf4": 3,
    "0x2bf5": 3,
    "0x38ca": 3,
    "0x38cb": 3,
    "0x4432": 3,
    "0x4433": 3,
    "0x4eaa": 3,
    "0x4eab": 3,
    "0x5738": 3,
    "0x5739": 3,
    "0x2bf6": 3,
    "0x2bf7": 3,
    "0x38cc": 3,
    "0x38cd": 3,
    "0x4434": 3,
    "0x4435": 3,
    "0x4eac": 3,
    "0x4ead": 3,
    "0x573a": 3,
    "0x573b": 3,
    "0x2bf8": 3,
    "0x2bf9": 3,
    "0x38ce": 3,
    "0x38cf": 3,
    "0x4436": 3,
    "0x4437": 3,
    "0x4eae": 3,
    "0x4eaf": 3,
    "0x573c": 3,
    "0x573d": 3,
    "0x2bfa": 3,
    "0x2bfb": 3,
    "0x38d0": 3,
    "0x38d1": 3,
    "0x4438": 3,
    "0x4439": 3,
    "0x4eb0": 3,
    "0x4eb1": 3,
    "0x573e": 3,
    "0x573f": 3
  },
  "is_weekend.value": {
    "0x2bee": 0.35714285714285715,
    "0x2bef": 0.35714285714285715,