{
  "0x2bee": 6.3007354736328125,
  "0x2bef": 3.29955792427063,
  "0x38c4": 8.804950714111328,
  "0x38c5": 3.899397373199463,
  "0x442c": 9.293987274169922,
  "0x442d": 3.9995687007904053,
  "0x4ea4": 8.49869441986084,
  "0x4ea5": 2.904184103012085,
  "0x5732": 6.000697135925293,
  "0x5733": 2.9987025260925293,
  "0x2bf0": 6.3007354736328125,
  "0x2bf1": 3.29955792427063,
  "0x38c6": 8.804950714111328,
  "0x38c7": 3.899397373199463,
  "0x442e": 9.293987274169922,
  "0x442f": 3.9995687007904053,
  "0x4ea6": 8.49869441986084,
  "0x4ea7": 2.904184103012085,
  "0x5734": 6.000697135925293,
  "0x5735": 2.9987025260925293,
  "0x2bf2": 6.3007354736328125,
  "0x2bf3": 3.29955792427063,
  "0x38c8": 8.804950714111328,
  "0x38c9": 3.899397373199463,
  "0x4430": 9.293987274169922,
  "0x4431": 3.9995687007904053,
  "0x4ea8": 8.49869441986084,
  "0x4ea9": 2.904184103012085,
  "0x5736": 6.000697135925293,
  "0x5737": 2.9987025260925293,
  "0x2bf4": 6.3007354736328125,
  "0x2bf5": 3.29955792427063,
  "0x38ca": 8.804950714111328,
  "0x38cb": 3.899397373199463,
  "0x4432": 9.293987274169922,
  "0x4433": 3.9995687007904053,
  "0x4eaa": 8.49869441986084,
  "0x4eab": 2.904184103012085,
  "0x5738": 6.000697135925293,
  "0x5739": 2.9987025260925293,
  "0x2bf6": 6.3007354736328125,
  "0x2bf7": 3.29955792427063,
  "0x38cc": 8.804950714111328,
  "0x38cd": 3.899397373199463,
  "0x4434": 9.293987274169922,
  "0x4435": 3.9995687007904053,
  "0x4eac": 8.49869441986084,
  "0x4ead": 2.904184103012085,
  "0x573a": 6.000697135925293,
  "0x573b": 2.9987025260925293,
  "0x2bf8": 6.3007354736328125,
  "0x2bf9": 3.29955792427063,
  "0x38ce": 8.804950714111328,
  "0x38cf": 3.899397373199463,
  "0x4436": 9.293987274169922,
  "0x4437": 3.9995687007904053,
  "0x4eae": 8.49869441986084,
  "0x4eaf": 2.904184103012085,
  "0x573c": 6.000697135925293,
  "0x573d": 2.9987025260925293,
  "0x2bfa": 6.3007354736328125,
  "0x2bfb": 3.29955792427063,
  "0x38d0": 8.804950714111328,
  "0x38d1": 3.899397373199463,
  "0x4438": 9.293987274169922,
  "0x4439": 3.9995687007904053,
  "0x4eb0": 8.49869441986084,
  "0x4eb1": 2.904184103012085,
  "0x573e": 6.000697135925293,
  "0x573f": 2.9987025260925293
}