{
  "0x2fde": 5.9,
  "0x2fdf": 2.6,
  "0x3cb4": 6.9,
  "0x3cb5": 2.8,
  "0x481c": 3.9,
  "0x481d": 3.7,
  "0x5294": 9.5,
  "0x5295": 0.0,
  "0x5b22": 2.9000000000000004,
  "0x5b23": 0.0,
  "0x62c0": 2.9000000000000004,
  "0x62c1": 0.0,
  "0x6874": 1.2000000000000002,
  "0x6875": 0.7000000000000002,
  "0x6d36": 4.800000000000002,
  "0x6d37": 0.9000000000000004,
  "0x72ac": 8.4,
  "0x72ad": 1.2000000000000002,
  "0x7730": 3.0,
  "0x7731": 0.0,
  "0x2fe0": 4.699999999999998,
  "0x2fe1": 2.2,
  "0x3cb6": 8.5,
  "0x3cb7": 4.1,
  "0x481e": 9.3,
  "0x481f": 0.6000000000000001,
  "0x5296": 9.7,
  "0x5297": 2.1,
  "0x5b24": 6.9,
  "0x5b25": 0.7999999999999998,
  "0x62c2": 6.7,
  "0x62c3": 0.0999999999999996,
  "0x6876": 3.3,
  "0x6877": 2.0,
  "0x6d38": 7.6,
  "0x6d39": 1.9000000000000004,
  "0x72ae": 5.300000000000002,
  "0x72af": 1.5999999999999996,
  "0x7732": 9.4,
  "0x7733": 1.7999999999999998,
  "0x2fe2": 6.6,
  "0x2fe3": 2.2,
  "0x3cb8": 9.5,
  "0x3cb9": 3.4000000000000004,
  "0x4820": 9.0,
  "0x4821": 2.3,
  "0x5298": 10.7,
  "0x5299": 4.0,
  "0x5b26": 4.5,
  "0x5b27": 0.0,
  "0x62c4": 7.1,
  "0x62c5": 3.0,
  "0x6878": 5.300000000000002,
  "0x6879": 1.0,
  "0x6d3a": 4.5,
  "0x6d3b": 4.0,
  "0x72b0": 3.0,
  "0x72b1": 1.0999999999999996,
  "0x7734": 10.8,
  "0x7735": 1.2000000000000002,
  "0x2fe4": 7.4,
  "0x2fe5": 2.8,
  "0x3cba": 8.8,
  "0x3cbb": 2.1,
  "0x4822": 12.5,
  "0x4823": 2.4000000000000004,
  "0x529a": 4.5,
  "0x529b": 2.3,
  "0x5b28": 5.0,
  "0x5b29": 0.8999999999999999,
  "0x62c6": 6.300000000000002,
  "0x62c7": 0.0,
  "0x687a": 4.699999999999998,
  "0x687b": 2.0,
  "0x6d3c": 11.1,
  "0x6d3d": 3.6,
  "0x72b2": 8.0,
  "0x72b3": 2.4000000000000004,
  "0x7736": 6.9,
  "0x7737": 4.8,
  "0x2fe6": 4.4,
  "0x2fe7": 3.9,
  "0x3cbc": 12.5,
  "0x3cbd": 4.0,
  "0x4824": 6.800000000000002,
  "0x4825": 3.7,
  "0x529c": 5.5,
  "0x529d": 2.5,
  "0x5b2a": 9.9,
  "0x5b2b": 2.1,
  "0x62c8": 1.3000000000000007,
  "0x62c9": 3.3,
  "0x687c": 6.0,
  "0x687d": 0.0,
  "0x6d3e": 13.0,
  "0x6d3f": 0.7999999999999998,
  "0x72b4": 7.9,
  "0x72b5": 0.7999999999999998,
  "0x7738": 5.5,
  "0x7739": 2.4000000000000004,
  "0x2fe8": 0.7999999999999998,
  "0x2fe9": 0.0,
  "0x3cbe": 5.800000000000002,
  "0x3cbf": 1.5,
  "0x4826": 5.6,
  "0x4827": 3.9,
  "0x529e": 3.8000000000000007,
  "0x529f": 3.0,
  "0x5b2c": 4.8,
  "0x5b2d": 0.3999999999999999,
  "0x62ca": 3.7,
  "0x62cb": 3.1,
  "0x687e": 4.8,
  "0x687f": 0.5,
  "0x6d40": 5.0,
  "0x6d41": 3.9,
  "0x72b6": 1.5,
  "0x72b7": 3.2,
  "0x773a": 3.6,
  "0x773b": 2.6,
  "0x2fea": 5.6,
  "0x2feb": 1.4000000000000004,
  "0x3cc0": 8.6,
  "0x3cc1": 1.2999999999999998,
  "0x4828": 6.0,
  "0x4829": 3.8,
  "0x52a0": 6.1,
  "0x52a1": 1.7999999999999998,
  "0x5b2e": 6.5,
  "0x5b2f": 0.0,
  "0x62cc": 8.1,
  "0x62cd": 2.1,
  "0x6880": 5.9,
  "0x6881": 2.5,
  "0x6d42": 9.6,
  "0x6d43": 2.8,
  "0x72b8": 3.2,
  "0x72b9": 3.3,
  "0x773c": 5.4,
  "0x773d": 1.0
}