{
  "0x2fde": 4.799156188964844,
  "0x2fdf": 1.4684185981750488,
  "0x3cb4": 7.103527069091797,
  "0x3cb5": 2.351557493209839,
  "0x481c": 10.69882583618164,
  "0x481d": 1.986511468887329,
  "0x5294": 5.827290058135986,
  "0x5295": -0.10558755695819855,
  "0x5b22": 5.617621898651123,
  "0x5b23": -0.20139651000499725,
  "0x62c0": 7.382177829742432,
  "0x62c1": -0.0031840247102081776,
  "0x6874": 2.835275888442993,
  "0x6875": 1.5655362606048584,
  "0x6d36": 5.245336055755615,
  "0x6d37": 3.1665279865264893,
  "0x72ac": 10.570419311523438,
  "0x72ad": 2.754406452178955,
  "0x7730": 10.288290977478027,
  "0x7731": -0.1166498139500618,
  "0x2fe0": 4.797539234161377,
  "0x2fe1": 1.6497340202331543,
  "0x3cb6": 7.146740913391113,
  "0x3cb7": 2.037405252456665,
  "0x481e": 10.697209358215332,
  "0x481f": 1.818604588508606,
  "0x5296": 5.600799083709717,
  "0x5297": 1.401383399963379,
  "0x5b24": 5.597230911254883,
  "0x5b25": 1.5473353862762451,
  "0x62c2": 7.391205310821533,
  "0x62c3": 2.0695972442626953,
  "0x6876": 2.619428873062134,
  "0x6877": 1.5134978294372559,
  "0x6d38": 5.13639497756958,
  "0x6d39": 4.144426345825195,
  "0x72ae": 10.584834098815918,
  "0x72af": 4.411336421966553,
  "0x7732": 10.297794342041016,
  "0x7733": 2.701881170272827,
  "0x2fe2": 4.797539234161377,
  "0x2fe3": 1.6497340202331543,
  "0x3cb8": 7.143953800201416,
  "0x3cb9": 2.0346181392669678,
  "0x4820": 10.06923770904541,
  "0x4821": 1.818604588508606,
  "0x5298": 5.600799083709717,
  "0x5299": 1.401383399963379,
  "0x5b26": 5.597230911254883,
  "0x5b27": -0.15091514587402344,
  "0x62c4": 7.391205310821533,
  "0x62c5": 2.0695972442626953,
  "0x6878": 2.619428873062134,
  "0x6879": 1.5134978294372559,
  "0x6d3a": 5.13639497756958,
  "0x6d3b": 4.144426345825195,
  "0x72b0": 10.584834098815918,
  "0x72b1": 4.411336421966553,
  "0x7734": 10.297794342041016,
  "0x7735": 2.701881170272827,
  "0x2fe4": 4.797539234161377,
  "0x2fe5": 1.6497340202331543,
  "0x3cba": 7.156149387359619,
  "0x3cbb": 2.034907817840576,
  "0x4822": 8.992636680603027,
  "0x4823": 1.818604588508606,
  "0x529a": 5.600799083709717,
  "0x529b": 1.401383399963379,
  "0x5b28": 4.697546482086182,
  "0x5b29": 1.5338404178619385,
  "0x62c6": 5.869248867034912,
  "0x62c7": 0.046324461698532104,
  "0x687a": 2.619428873062134,
  "0x687b": 1.5134978294372559,
  "0x6d3c": 5.13639497756958,
  "0x6d3d": 4.144426345825195,
  "0x72b2": 10.584834098815918,
  "0x72b3": 4.411336421966553,
  "0x7736": 10.297794342041016,
  "0x7737": 2.701881170272827,
  "0x2fe6": 4.797539234161377,
  "0x2fe7": 1.6497340202331543,
  "0x3cbc": 7.227797985076904,
  "0x3cbd": 2.0074784755706787,
  "0x4824": 8.992636680603027,
  "0x4825": 1.818604588508606,
  "0x529c": 5.600799083709717,
  "0x529d": 1.401383399963379,
  "0x5b2a": 4.697546482086182,
  "0x5b2b": 1.5338404178619385,
  "0x62c8": 5.869248867034912,
  "0x62c9": 1.7740881443023682,
  "0x687c": 2.619428873062134,
  "0x687d": -0.022170603275299072,
  "0x6d3e": 5.13639497756958,
  "0x6d3f": 4.144426345825195,
  "0x72b4": 10.584834098815918,
  "0x72b5": 4.411336421966553,
  "0x7738": 10.297794342041016,
  "0x7739": 2.701881170272827,
  "0x2fe8": 4.797539234161377,
  "0x2fe9": 0.0022907438687980175,
  "0x3cbe": 7.227797985076904,
  "0x3cbf": 2.0074784755706787,
  "0x4826": 8.992636680603027,
  "0x4827": 1.818604588508606,
  "0x529e": 5.600799083709717,
  "0x529f": 1.401383399963379,
  "0x5b2c": 4.697546482086182,
  "0x5b2d": 1.5338404178619385,
  "0x62ca": 5.869248867034912,
  "0x62cb": 2.012572765350342,
  "0x687e": 2.619428873062134,
  "0x687f": 1.5134978294372559,
  "0x6d40": 5.13639497756958,
  "0x6d41": 4.144426345825195,
  "0x72b6": 10.584834098815918,
  "0x72b7": 4.411336421966553,
  "0x773a": 10.297794342041016,
  "0x773b": 2.701881170272827,
  "0x2fea": 4.797539234161377,
  "0x2feb": 1.6497340202331543,
  "0x3cc0": 7.227797985076904,
  "0x3cc1": 2.0074784755706787,
  "0x4828": 8.992636680603027,
  "0x4829": 1.818604588508606,
  "0x52a0": 5.600799083709717,
  "0x52a1": 1.401383399963379,
  "0x5b2e": 4.697546482086182,
  "0x5b2f": -0.16274835169315338,
  "0x62cc": 5.869248867034912,
  "0x62cd": 2.012572765350342,
  "0x6880": 2.619428873062134,
  "0x6881": 1.5134978294372559,
  "0x6d42": 5.13639497756958,
  "0x6d43": 4.144426345825195,
  "0x72b8": 10.584834098815918,
  "0x72b9": 4.411336421966553,
  "0x773c": 10.297794342041016,
  "0x773d": 2.701881170272827
}