{
  "0x2f60": 6.595925807952881,
  "0x2f61": 1.6058615446090698,
  "0x3c36": 8.010406494140625,
  "0x3c37": 2.888597249984741,
  "0x479e": 8.590067863464355,
  "0x479f": 3.108931303024292,
  "0x5216": 5.301863670349121,
  "0x5217": 3.699632406234741,
  "0x5aa4": 4.297025203704834,
  "0x5aa5": 2.1987595558166504,
  "0x6242": 6.598730087280273,
  "0x6243": 1.0069738626480103,
  "0x67f6": 4.905406475067139,
  "0x67f7": 2.0936496257781982,
  "0x6cb8": 9.79716682434082,
  "0x6cb9": 2.5005035400390625,
  "0x722e": 7.799752235412598,
  "0x722f": 2.8012938499450684,
  "0x2f62": 6.595925807952881,
  "0x2f63": 1.6058615446090698,
  "0x3c38": 8.010406494140625,
  "0x3c39": 2.888597249984741,
  "0x47a0": 8.590067863464355,
  "0x47a1": 3.108931303024292,
  "0x5218": 5.301863670349121,
  "0x5219": 3.699632406234741,
  "0x5aa6": 4.297025203704834,
  "0x5aa7": 2.1987595558166504,
  "0x6244": 6.598730087280273,
  "0x6245": 1.0069738626480103,
  "0x67f8": 4.905406475067139,
  "0x67f9": 2.0936496257781982,
  "0x6cba": 9.79716682434082,
  "0x6cbb": 2.5005035400390625,
  "0x7230": 7.799752235412598,
  "0x7231": 2.8012938499450684,
  "0x76b4": 7.342941761016846,
  "0x76b5": 3.6959567070007324,
  "0x2f64": 6.595925807952881,
  "0x2f65": 1.6058615446090698,
  "0x3c3a": 8.010406494140625,
  "0x3c3b": 2.888597249984741,
  "0x47a2": 8.590067863464355,
  "0x47a3": 3.108931303024292,
  "0x521a": 5.301863670349121,
  "0x521b": 3.699632406234741,
  "0x5aa8": 4.297025203704834,
  "0x5aa9": 2.1987595558166504,
  "0x6246": 6.598730087280273,
  "0x6247": 1.0069738626480103,
  "0x67fa": 4.905406475067139,
  "0x67fb": 2.0936496257781982,
  "0x6cbc": 9.79716682434082,
  "0x6cbd": 2.5005035400390625,
  "0x7232": 7.799752235412598,
  "0x7233": 2.8012938499450684,
  "0x76b6": 6.332943439483643,
  "0x76b7": 2.8306527137756348,
  "0x2f66": 6.595925807952881,
  "0x2f67": 1.6058615446090698,
  "0x3c3c": 8.010406494140625,
  "0x3c3d": 2.888597249984741,
  "0x47a4": 8.590067863464355,
  "0x47a5": 3.108931303024292,
  "0x521c": 5.301863670349121,
  "0x521d": 3.699632406234741,
  "0x5aaa": 4.297025203704834,
  "0x5aab": 2.1987595558166504,
  "0x6248": 6.598730087280273,
  "0x6249": 1.0069738626480103,
  "0x67fc": 4.905406475067139,
  "0x67fd": 2.0936496257781982,
  "0x6cbe": 9.79716682434082,
  "0x6cbf": 2.5005035400390625,
  "0x7234": 7.799752235412598,
  "0x7235": 2.8012938499450684,
  "0x76b8": 9.680400848388672,
  "0x76b9": 2.4766108989715576,
  "0x2f68": 6.595925807952881,
  "0x2f69": 1.6058615446090698,
  "0x3c3e": 8.010406494140625,
  "0x3c3f": 2.888597249984741,
  "0x47a6": 8.590067863464355,
  "0x47a7": 3.108931303024292,
  "0x521e": 5.301863670349121,
  "0x521f": 3.699632406234741,
  "0x5aac": 4.297025203704834,
  "0x5aad": 2.1987595558166504,
  "0x624a": 6.598730087280273,
  "0x624b": 1.0069738626480103,
  "0x67fe": 4.905406475067139,
  "0x67ff": 2.0936496257781982,
  "0x6cc0": 9.79716682434082,
  "0x6cc1": 2.5005035400390625,
  "0x7236": 7.799752235412598,
  "0x7237": 2.8012938499450684,
  "0x76ba": 4.905406475067139,
  "0x76bb": 3.0030086040496826,
  "0x2f6a": 6.595925807952881,
  "0x2f6b": 1.6058615446090698,
  "0x3c40": 8.010406494140625,
  "0x3c41": 2.888597249984741,
  "0x47a8": 8.590067863464355,
  "0x47a9": 3.108931303024292,
  "0x5220": 5.301863670349121,
  "0x5221": 3.699632406234741,
  "0x5aae": 4.297025203704834,
  "0x5aaf": 2.1987595558166504,
  "0x624c": 6.598730087280273,
  "0x624d": 1.0069738626480103,
  "0x6800": 4.905406475067139,
  "0x6801": 2.0936496257781982,
  "0x6cc2": 9.79716682434082,
  "0x6cc3": 2.5005035400390625,
  "0x7238": 7.799752235412598,
  "0x7239": 2.8012938499450684,
  "0x76bc": 7.354381561279297,
  "0x76bd": 3.699632406234741,
  "0x2f6c": 6.595925807952881,
  "0x2f6d": 1.6058615446090698,
  "0x3c42": 8.010406494140625,
  "0x3c43": 2.888597249984741,
  "0x47aa": 8.590067863464355,
  "0x47ab": 3.108931303024292,
  "0x5222": 5.301863670349121,
  "0x5223": 3.699632406234741,
  "0x5ab0": 4.297025203704834,
  "0x5ab1": 2.1987595558166504,
  "0x624e": 6.598730087280273,
  "0x624f": 1.0069738626480103,
  "0x6802": 4.905406475067139,
  "0x6803": 2.0936496257781982,
  "0x6cc4": 9.79716682434082,
  "0x6cc5": 2.5005035400390625,
  "0x723a": 7.799752235412598,
  "0x723b": 2.8012938499450684,
  "0x76be": 5.8309478759765625,
  "0x76bf": 1.0069738626480103
}