{
  "0x2fec": 5.601163864135742,
  "0x2fed": 0.10363120585680008,
  "0x3cc2": 8.59149169921875,
  "0x3cc3": 1.300840973854065,
  "0x482a": 6.00731086730957,
  "0x482b": 0.5643209218978882,
  "0x52a2": 6.088186740875244,
  "0x52a3": 1.806771993637085,
  "0x5b30": 6.5076069831848145,
  "0x5b31": 0.29634153842926025,
  "0x62ce": 8.094977378845215,
  "0x62cf": 2.1092255115509033,
  "0x6882": 6.280695915222168,
  "0x6883": 2.472052574157715,
  "0x6d44": 9.57245922088623,
  "0x6d45": 2.8253679275512695,
  "0x72ba": 3.207150459289551,
  "0x72bb": 3.2928988933563232,
  "0x773e": 5.396815299987793,
  "0x773f": 1.0047510862350464,
  "0x2fee": 5.601163864135742,
  "0x2fef": 1.3994216918945312,
  "0x3cc4": 8.59149169921875,
  "0x3cc5": 1.300840973854065,
  "0x482c": 6.00731086730957,
  "0x482d": 3.798548460006714,
  "0x52a4": 6.088186740875244,
  "0x52a5": 1.806771993637085,
  "0x5b32": 6.5076069831848145,
  "0x5b33": 0.29634153842926025,
  "0x62d0": 8.094977378845215,
  "0x62d1": 2.1092255115509033,
  "0x6884": 5.9362030029296875,
  "0x6885": 2.472052574157715,
  "0x6d46": 9.57245922088623,
  "0x6d47": 2.8253679275512695,
  "0x72bc": 3.207150459289551,
  "0x72bd": 3.2928988933563232,
  "0x7740": 5.396815299987793,
  "0x7741": 1.0047510862350464,
  "0x2ff0": 5.601163864135742,
  "0x2ff1": 1.3994216918945312,
  "0x3cc6": 8.59149169921875,
  "0x3cc7": 1.300840973854065,
  "0x482e": 6.00731086730957,
  "0x482f": 3.798548460006714,
  "0x52a6": 6.088186740875244,
  "0x52a7": 1.806771993637085,
  "0x5b34": 6.5076069831848145,
  "0x5b35": 0.29634153842926025,
  "0x62d2": 8.094977378845215,
  "0x62d3": -0.08720289170742035,
  "0x6886": 5.9362030029296875,
  "0x6887": 2.472052574157715,
  "0x6d48": 9.57245922088623,
  "0x6d49": 2.8253679275512695,
  "0x72be": 3.207150459289551,
  "0x72bf": 3.2928988933563232,
  "0x7742": 5.396815299987793,
  "0x7743": 1.0047510862350464,
  "0x2ff2": 5.601163864135742,
  "0x2ff3": 1.3994216918945312,
  "0x3cc8": 8.59149169921875,
  "0x3cc9": 1.300840973854065,
  "0x4830": 6.00731086730957,
  "0x4831": 3.798548460006714,
  "0x52a8": 6.088186740875244,
  "0x52a9": 1.806771993637085,
  "0x5b36": 6.5076069831848145,
  "0x5b37": -0.0007561520906165242,
  "0x62d4": 8.094977378845215,
  "0x62d5": 2.1092255115509033,
  "0x6888": 5.9362030029296875,
  "0x6889": 2.472052574157715,
  "0x6d4a": 9.57245922088623,
  "0x6d4b": 2.8253679275512695,
  "0x72c0": 3.207150459289551,
  "0x72c1": 3.2928988933563232,
  "0x7744": 5.396815299987793,
  "0x7745": 1.0047510862350464,
  "0x2ff4": 5.601163864135742,
  "0x2ff5": 1.3994216918945312,
  "0x3cca": 8.59149169921875,
  "0x3ccb": 1.300840973854065,
  "0x4832": 6.00731086730957,
  "0x4833": 3.798548460006714,
  "0x52aa": 6.088186740875244,
  "0x52ab": 1.806771993637085,
  "0x5b38": 6.5076069831848145,
  "0x5b39": -0.0007561520906165242,
  "0x62d6": 8.094977378845215,
  "0x62d7": 2.1092255115509033,
  "0x688a": 5.9362030029296875,
  "0x688b": 0.6672503352165222,
  "0x6d4c": 9.57245922088623,
  "0x6d4d": 2.8253679275512695,
  "0x72c2": 3.207150459289551,
  "0x72c3": 3.2928988933563232,
  "0x7746": 5.396815299987793,
  "0x7747": 1.0047510862350464,
  "0x2ff6": 5.601163864135742,
  "0x2ff7": 1.3994216918945312,
  "0x3ccc": 8.59149169921875,
  "0x3ccd": 1.300840973854065,
  "0x4834": 6.00731086730957,
  "0x4835": 3.798548460006714,
  "0x52ac": 6.088186740875244,
  "0x52ad": 1.806771993637085,
  "0x5b3a": 6.8510212898254395,
  "0x5b3b": 0.29634153842926025,
  "0x62d8": 8.094977378845215,
  "0x62d9": 2.1092255115509033,
  "0x688c": 6.280695915222168,
  "0x688d": 2.472052574157715,
  "0x6d4e": 9.57245922088623,
  "0x6d4f": 2.8253679275512695,
  "0x72c4": 3.207150459289551,
  "0x72c5": 3.2928988933563232,
  "0x7748": 5.396815299987793,
  "0x7749": 1.0047510862350464,
  "0x2ff8": 5.601163864135742,
  "0x2ff9": 1.3994216918945312,
  "0x3cce": 8.59149169921875,
  "0x3ccf": 1.300840973854065,
  "0x4836": 6.00731086730957,
  "0x4837": 3.798548460006714,
  "0x52ae": 6.088186740875244,
  "0x52af": 1.806771993637085,
  "0x5b3c": 6.5076069831848145,
  "0x5b3d": 0.29634153842926025,
  "0x62da": 8.094977378845215,
  "0x62db": 2.1092255115509033,
  "0x688e": 5.9362030029296875,
  "0x688f": 2.472052574157715,
  "0x6d50": 9.57245922088623,
  "0x6d51": 2.8253679275512695,
  "0x72c6": 3.207150459289551,
  "0x72c7": 3.2928988933563232,
  "0x774a": 5.396815299987793,
  "0x774b": 1.0047510862350464
}