{
  "0x3040": 3.6846508979797363,
  "0x3041": 2.1114115715026855,
  "0x3d16": 7.63557767868042,
  "0x3d17": 3.8724803924560547,
  "0x487e": 8.379081726074219,
  "0x487f": 0.7041470408439636,
  "0x52f6": 8.393518447875977,
  "0x52f7": 0.4203683137893677,
  "0x5b84": 4.8850789070129395,
  "0x5b85": 0.12929032742977142,
  "0x6322": 4.534668445587158,
  "0x6323": 2.870206117630005,
  "0x68d6": 2.44547963142395,
  "0x68d7": 0.25196373462677,
  "0x6d98": 4.121466159820557,
  "0x6d99": 3.862877130508423,
  "0x730e": 8.01809310913086,
  "0x730f": 2.1715734004974365,
  "0x7792": 3.5969252586364746,
  "0x7793": 0.6963828802108765,
  "0x3042": 3.6846508979797363,
  "0x3043": 2.1114115715026855,
  "0x3d18": 7.63557767868042,
  "0x3d19": 3.8724803924560547,
  "0x4880": 8.379081726074219,
  "0x4881": 0.7041470408439636,
  "0x52f8": 8.393518447875977,
  "0x52f9": 0.4203683137893677,
  "0x5b86": 4.8850789070129395,
  "0x5b87": 0.12929032742977142,
  "0x6324": 4.534668445587158,
  "0x6325": 2.870206117630005,
  "0x68d8": 2.44547963142395,
  "0x68d9": 0.25196373462677,
  "0x6d9a": 4.121466159820557,
  "0x6d9b": 3.862877130508423,
  "0x7310": 8.01809310913086,
  "0x7311": 2.1715734004974365,
  "0x7794": 3.5969252586364746,
  "0x7795": 0.6963828802108765,
  "0x3044": 3.6846508979797363,
  "0x3045": 2.1114115715026855,
  "0x3d1a": 7.63557767868042,
  "0x3d1b": 3.8724803924560547,
  "0x4882": 8.379081726074219,
  "0x4883": 0.7041470408439636,
  "0x52fa": 8.393518447875977,
  "0x52fb": 0.4203683137893677,
  "0x5b88": 4.8850789070129395,
  "0x5b89": 0.7096613049507141,
  "0x6326": 4.534668445587158,
  "0x6327": 2.870206117630005,
  "0x68da": 2.44547963142395,
  "0x68db": 0.25196373462677,
  "0x6d9c": 4.121466159820557,
  "0x6d9d": 3.862877130508423,
  "0x7312": 8.01809310913086,
  "0x7313": 2.1715734004974365,
  "0x7796": 3.5969252586364746,
  "0x7797": 0.6963828802108765,
  "0x3046": 3.6846508979797363,
  "0x3047": 2.1114115715026855,
  "0x3d1c": 7.63557767868042,
  "0x3d1d": 3.8724803924560547,
  "0x4884": 8.379081726074219,
  "0x4885": 0.7041470408439636,
  "0x52fc": 8.393518447875977,
  "0x52fd": 0.4203683137893677,
  "0x5b8a": 4.8850789070129395,
  "0x5b8b": 0.7096613049507141,
  "0x6328": 4.534668445587158,
  "0x6329": 2.870206117630005,
  "0x68dc": 2.44547963142395,
  "0x68dd": 0.25196373462677,
  "0x6d9e": 4.121466159820557,
  "0x6d9f": 3.862877130508423,
  "0x7314": 8.01809310913086,
  "0x7315": 2.1715734004974365,
  "0x7798": 3.5969252586364746,
  "0x7799": 0.6963828802108765,
  "0x3048": 3.6846508979797363,
  "0x3049": 2.1114115715026855,
  "0x3d1e": 7.63557767868042,
  "0x3d1f": 3.8724803924560547,
  "0x4886": 8.379081726074219,
  "0x4887": 0.7041470408439636,
  "0x52fe": 8.393518447875977,
  "0x52ff": 0.4203683137893677,
  "0x5b8c": 4.8850789070129395,
  "0x5b8d": 0.7096613049507141,
  "0x632a": 4.534668445587158,
  "0x632b": 0.9089052677154541,
  "0x68de": 2.44547963142395,
  "0x68df": 0.25196373462677,
  "0x6da0": 4.121466159820557,
  "0x6da1": 3.862877130508423,
  "0x7316": 8.01809310913086,
  "0x7317": 2.1715734004974365,
  "0x779a": 3.5969252586364746,
  "0x779b": 0.6963828802108765,
  "0x304a": 3.6846508979797363,
  "0x304b": 2.1114115715026855,
  "0x3d20": 7.63557767868042,
  "0x3d21": 3.8724803924560547,
  "0x4888": 8.379081726074219,
  "0x4889": 0.7041470408439636,
  "0x5300": 8.393518447875977,
  "0x5301": 0.4203683137893677,
  "0x5b8e": 4.8850789070129395,
  "0x5b8f": 0.7096613049507141,
  "0x632c": 4.534668445587158,
  "0x632d": 2.870206117630005,
  "0x68e0": 2.44547963142395,
  "0x68e1": -0.792864978313446,
  "0x6da2": 4.121466159820557,
  "0x6da3": 0.5225105285644531,
  "0x7318": 8.01809310913086,
  "0x7319": 2.1715734004974365,
  "0x779c": 3.5969252586364746,
  "0x779d": 0.6963828802108765,
  "0x304c": 3.6846508979797363,
  "0x304d": 0.10947766900062561,
  "0x3d22": 7.63557767868042,
  "0x3d23": 3.8724803924560547,
  "0x488a": 8.379081726074219,
  "0x488b": 0.7041470408439636,
  "0x5302": 8.393518447875977,
  "0x5303": 0.4203683137893677,
  "0x5b90": 4.8850789070129395,
  "0x5b91": 0.7096613049507141,
  "0x632e": 4.673916816711426,
  "0x632f": 2.870206117630005,
  "0x68e2": 2.44547963142395,
  "0x68e3": -0.792864978313446,
  "0x6da4": 4.121466159820557,
  "0x6da5": 3.862877130508423,
  "0x731a": 8.01809310913086,
  "0x731b": 2.1715734004974365,
  "0x779e": 3.5969252586364746,
  "0x779f": 0.6963828802108765
}