{
  "0x2fc2": 5.49203634262085,
  "0x2fc3": 1.3038930892944336,
  "0x3c98": 6.599628925323486,
  "0x3c99": 4.395510673522949,
  "0x4800": 7.706534385681152,
  "0x4801": 1.1893316507339478,
  "0x5278": 5.525805950164795,
  "0x5279": 2.2859363555908203,
  "0x5b06": 4.390483856201172,
  "0x5b07": 2.801532745361328,
  "0x62a4": 6.917597770690918,
  "0x62a5": 1.4916189908981323,
  "0x6858": 0.14556895196437836,
  "0x6859": 0.790776789188385,
  "0x6d1a": 6.719593048095703,
  "0x6d1b": 3.573131799697876,
  "0x7290": 8.69417953491211,
  "0x7291": 2.301530122756958,
  "0x7714": 7.6935319900512695,
  "0x7715": 3.7021563053131104,
  "0x2fc4": 5.49203634262085,
  "0x2fc5": 1.3038930892944336,
  "0x3c9a": 6.599628925323486,
  "0x3c9b": 4.395510673522949,
  "0x4802": 7.706534385681152,
  "0x4803": 1.1893316507339478,
  "0x527a": 5.525805950164795,
  "0x527b": 2.2859363555908203,
  "0x5b08": 4.390483856201172,
  "0x5b09": 2.801532745361328,
  "0x62a6": 6.914926528930664,
  "0x62a7": 1.4916189908981323,
  "0x685a": 0.14556895196437836,
  "0x685b": 0.790776789188385,
  "0x6d1c": 6.719593048095703,
  "0x6d1d": 3.573131799697876,
  "0x7292": 8.69417953491211,
  "0x7293": 2.301530122756958,
  "0x7716": 7.6935319900512695,
  "0x7717": 3.7021563053131104,
  "0x2fc6": 5.49203634262085,
  "0x2fc7": 1.3038930892944336,
  "0x3c9c": 6.599628925323486,
  "0x3c9d": 4.395510673522949,
  "0x4804": 7.706534385681152,
  "0x4805": 1.1893316507339478,
  "0x527c": 5.525805950164795,
  "0x527d": 2.2859363555908203,
  "0x5b0a": 4.390483856201172,
  "0x5b0b": 2.801532745361328,
  "0x62a8": 6.914926528930664,
  "0x62a9": 0.7871963381767273,
  "0x685c": 0.14556895196437836,
  "0x685d": 0.40851208567619324,
  "0x6d1e": 6.719593048095703,
  "0x6d1f": 3.573131799697876,
  "0x7294": 8.69417953491211,
  "0x7295": 2.301530122756958,
  "0x7718": 7.6935319900512695,
  "0x7719": 3.7021563053131104,
  "0x2fc8": 5.49203634262085,
  "0x2fc9": 1.3038930892944336,
  "0x3c9e": 6.599628925323486,
  "0x3c9f": 4.395510673522949,
  "0x4806": 7.706534385681152,
  "0x4807": 1.1893316507339478,
  "0x527e": 5.588263988494873,
  "0x527f": 2.3274919986724854,
  "0x5b0c": 4.390483856201172,
  "0x5b0d": 2.801532745361328,
  "0x62aa": 6.914926528930664,
  "0x62ab": 1.4916189908981323,
  "0x685e": 0.15831105411052704,
  "0x685f": 1.560097336769104,
  "0x6d20": 6.719593048095703,
  "0x6d21": 3.573131799697876,
  "0x7296": 8.69417953491211,
  "0x7297": 2.301530122756958,
  "0x771a": 7.6935319900512695,
  "0x771b": 3.7021563053131104,
  "0x2fca": 5.49203634262085,
  "0x2fcb": 1.3038930892944336,
  "0x3ca0": 6.599628925323486,
  "0x3ca1": 4.395510673522949,
  "0x4808": 7.706534385681152,
  "0x4809": 1.1893316507339478,
  "0x5280": 5.588263988494873,
  "0x5281": 2.3274919986724854,
  "0x5b0e": 4.390483856201172,
  "0x5b0f": 2.801532745361328,
  "0x62ac": 6.914926528930664,
  "0x62ad": 1.4916189908981323,
  "0x6860": 0.14613521099090576,
  "0x6861": 1.7222137451171875,
  "0x6d22": 6.719593048095703,
  "0x6d23": 3.573131799697876,
  "0x7298": 8.69417953491211,
  "0x7299": 2.301530122756958,
  "0x771c": 7.6935319900512695,
  "0x771d": 3.7021563053131104,
  "0x2fcc": 5.49203634262085,
  "0x2fcd": 1.3038930892944336,
  "0x3ca2": 6.599628925323486,
  "0x3ca3": 4.395510673522949,
  "0x480a": 7.699437141418457,
  "0x480b": 1.6005568504333496,
  "0x5282": 5.550189018249512,
  "0x5283": 2.358510732650757,
  "0x5b10": 4.390483856201172,
  "0x5b11": 2.801532745361328,
  "0x62ae": 6.914926528930664,
  "0x62af": 0.7871963381767273,
  "0x6862": 0.14613521099090576,
  "0x6863": 1.7222137451171875,
  "0x6d24": 6.719593048095703,
  "0x6d25": 3.573131799697876,
  "0x729a": 8.69417953491211,
  "0x729b": 2.2995612621307373,
  "0x771e": 7.6935319900512695,
  "0x771f": 3.7021563053131104,
  "0x2fce": 5.49203634262085,
  "0x2fcf": 1.3038930892944336,
  "0x3ca4": 6.599628925323486,
  "0x3ca5": 4.374175548553467,
  "0x480c": 7.673732280731201,
  "0x480d": 1.5748519897460938,
  "0x5284": 5.594508647918701,
  "0x5285": 2.1132805347442627,
  "0x5b12": 4.390483856201172,
  "0x5b13": 1.650664210319519,
  "0x62b0": 6.914926528930664,
  "0x62b1": 1.4916189908981323,
  "0x6864": 0.14613521099090576,
  "0x6865": 1.7222137451171875,
  "0x6d26": 6.719593048095703,
  "0x6d27": 3.573131799697876,
  "0x729c": 8.69417953491211,
  "0x729d": 2.301530122756958,
  "0x7720": 7.6935319900512695,
  "0x7721": 3.7021563053131104
}