{
  "0x2e10": 6.199605464935303,
  "0x2e11": 3.0003933906555176,
  "0x3ae6": 8.899799346923828,
  "0x3ae7": 3.5998294353485107,
  "0x464e": 7.797833442687988,
  "0x464f": 3.6012284755706787,
  "0x50c6": 6.707123279571533,
  "0x50c7": 3.6934077739715576,
  "0x5954": 5.526226997375488,
  "0x5955": 2.6210122108459473,
  "0x60f2": 5.798744201660156,
  "0x60f3": 2.6001667976379395,
  "0x2e12": 6.199605464935303,
  "0x2e13": 3.0003933906555176,
  "0x3ae8": 8.899799346923828,
  "0x3ae9": 3.5998294353485107,
  "0x4650": 7.797833442687988,
  "0x4651": 3.6012284755706787,
  "0x50c8": 6.707123279571533,
  "0x50c9": 3.6934077739715576,
  "0x5956": 5.526226997375488,
  "0x5957": 2.6210122108459473,
  "0x60f4": 5.798744201660156,
  "0x60f5": 2.6001667976379395,
  "0x2e14": 6.199605464935303,
  "0x2e15": 3.0003933906555176,
  "0x3aea": 8.899799346923828,
  "0x3aeb": 3.5998294353485107,
  "0x4652": 7.797833442687988,
  "0x4653": 3.6012284755706787,
  "0x50ca": 6.707123279571533,
  "0x50cb": 3.6934077739715576,
  "0x5958": 5.526226997375488,
  "0x5959": 2.6210122108459473,
  "0x60f6": 5.798744201660156,
  "0x60f7": 2.6001667976379395,
  "0x2e16": 6.199605464935303,
  "0x2e17": 3.0003933906555176,
  "0x3aec": 8.899799346923828,
  "0x3aed": 3.5998294353485107,
  "0x4654": 7.797833442687988,
  "0x4655": 3.6012284755706787,
  "0x50cc": 6.707123279571533,
  "0x50cd": 3.6934077739715576,
  "0x595a": 5.526226997375488,
  "0x595b": 2.6210122108459473,
  "0x60f8": 5.798744201660156,
  "0x60f9": 2.6001667976379395,
  "0x2e18": 6.199605464935303,
  "0x2e19": 3.0003933906555176,
  "0x3aee": 8.899799346923828,
  "0x3aef": 3.5998294353485107,
  "0x4656": 7.797833442687988,
  "0x4657": 3.6012284755706787,
  "0x50ce": 6.707123279571533,
  "0x50cf": 3.6934077739715576,
  "0x595c": 5.526226997375488,
  "0x595d": 2.6210122108459473,
  "0x60fa": 5.798744201660156,
  "0x60fb": 2.6001667976379395,
  "0x2e1a": 6.199605464935303,
  "0x2e1b": 3.0003933906555176,
  "0x3af0": 8.899799346923828,
  "0x3af1": 3.5998294353485107,
  "0x4658": 7.797833442687988,
  "0x4659": 3.6012284755706787,
  "0x50d0": 6.707123279571533,
  "0x50d1": 3.6934077739715576,
  "0x595e": 5.526226997375488,
  "0x595f": 2.6210122108459473,
  "0x60fc": 5.798744201660156,
  "0x60fd": 2.6001667976379395,
  "0x2e1c": 6.199605464935303,
  "0x2e1d": 3.0003933906555176,
  "0x3af2": 8.899799346923828,
  "0x3af3": 3.5998294353485107,
  "0x465a": 7.797833442687988,
  "0x465b": 3.6012284755706787,
  "0x50d2": 6.707123279571533,
  "0x50d3": 3.6934077739715576,
  "0x5960": 5.526226997375488,
  "0x5961": 2.6210122108459473,
  "0x60fe": 5.798744201660156,
  "0x60ff": 2.6001667976379395
}