{
  "0x3032": 6.5,
  "0x3033": 0.0,
  "0x3d08": 6.5,
  "0x3d09": 2.9000000000000004,
  "0x4870": 10.4,
  "0x4871": 0.2999999999999998,
  "0x52e8": 6.800000000000002,
  "0x52e9": 1.6,
  "0x5b76": 4.6,
  "0x5b77": 0.6000000000000001,
  "0x6314": 5.300000000000002,
  "0x6315": 0.0,
  "0x68c8": 0.0999999999999996,
  "0x68c9": 1.2000000000000002,
  "0x6d8a": 7.699999999999998,
  "0x6d8b": 1.5,
  "0x7300": 1.0999999999999996,
  "0x7301": 2.0,
  "0x7784": 3.5,
  "0x7785": 3.7,
  "0x3034": 4.8,
  "0x3035": 2.8,
  "0x3d0a": 10.1,
  "0x3d0b": 0.2000000000000001,
  "0x4872": 3.2,
  "0x4873": 0.0,
  "0x52ea": 5.6,
  "0x52eb": 0.7999999999999998,
  "0x5b78": 1.9000000000000004,
  "0x5b79": 0.0,
  "0x6316": 6.8,
  "0x6317": 1.4,
  "0x68ca": 1.0,
  "0x68cb": 2.3,
  "0x6d8c": 7.9,
  "0x6d8d": 3.3,
  "0x7302": 9.5,
  "0x7303": 2.1,
  "0x7786": 4.4,
  "0x7787": 1.9,
  "0x3036": 7.699999999999998,
  "0x3037": 0.7000000000000002,
  "0x3d0c": 9.3,
  "0x3d0d": 4.1,
  "0x4874": 6.5,
  "0x4875": 4.3,
  "0x52ec": 8.2,
  "0x52ed": 2.5,
  "0x5b7a": 6.2,
  "0x5b7b": 1.4,
  "0x6318": 0.7999999999999998,
  "0x6319": 2.7,
  "0x68cc": 0.0,
  "0x68cd": 0.5,
  "0x6d8e": 10.7,
  "0x6d8f": 3.7,
  "0x7304": 11.0,
  "0x7305": 0.2999999999999998,
  "0x7788": 7.6,
  "0x7789": 3.0,
  "0x3038": 8.7,
  "0x3039": 0.7000000000000002,
  "0x3d0e": 6.199999999999998,
  "0x3d0f": 3.5,
  "0x4876": 5.6,
  "0x4877": 3.8,
  "0x52ee": 8.4,
  "0x52ef": 2.8,
  "0x5b7c": 8.1,
  "0x5b7d": 1.5,
  "0x631a": 5.6,
  "0x631b": 0.0,
  "0x68ce": 3.0,
  "0x68cf": 0.8999999999999999,
  "0x6d90": 5.800000000000002,
  "0x6d91": 3.4000000000000004,
  "0x7306": 9.2,
  "0x7307": 2.0,
  "0x778a": 7.300000000000002,
  "0x778b": 3.2,
  "0x303a": 5.5,
  "0x303b": 1.5,
  "0x3d10": 10.4,
  "0x3d11": 3.2,
  "0x4878": 7.4,
  "0x4879": 3.8,
  "0x52f0": 6.4,
  "0x52f1": 4.2,
  "0x5b7e": 3.8000000000000007,
  "0x5b7f": 2.2,
  "0x631c": 2.1,
  "0x631d": 2.2,
  "0x68d0": 3.5,
  "0x68d1": 1.5,
  "0x6d92": 6.5,
  "0x6d93": 3.2,
  "0x7308": 5.4,
  "0x7309": 2.6,
  "0x778c": 9.9,
  "0x778d": 1.7999999999999998,
  "0x303c": 2.0,
  "0x303d": 1.7000000000000002,
  "0x3d12": 4.1,
  "0x3d13": 2.1,
  "0x487a": 1.4000000000000004,
  "0x487b": 1.2999999999999998,
  "0x52f2": 1.6999999999999993,
  "0x52f3": 1.9,
  "0x5b80": 1.5999999999999996,
  "0x5b81": 0.0,
  "0x631e": 2.5,
  "0x631f": 0.2000000000000001,
  "0x68d2": 2.0,
  "0x68d3": 1.5,
  "0x6d94": 1.3000000000000007,
  "0x6d95": 1.2000000000000002,
  "0x730a": 7.0,
  "0x730b": 1.5,
  "0x778e": 7.4,
  "0x778f": 0.6000000000000001,
  "0x303e": 3.6999999999999993,
  "0x303f": 2.1,
  "0x3d14": 7.6,
  "0x3d15": 3.9,
  "0x487c": 8.4,
  "0x487d": 0.7000000000000002,
  "0x52f4": 8.4,
  "0x52f5": 0.4000000000000004,
  "0x5b82": 4.9,
  "0x5b83": 0.7000000000000002,
  "0x6320": 4.5,
  "0x6321": 2.9000000000000004,
  "0x68d4": 2.5,
  "0x68d5": 0.2000000000000001,
  "0x6d96": 4.1,
  "0x6d97": 3.9,
  "0x730c": 8.0,
  "0x730d": 0.0,
  "0x7790": 3.6,
  "0x7791": 0.7000000000000002
}