{
  "0x3032": 7.606915473937988,
  "0x3033": 1.4108269214630127,
  "0x3d08": 10.092205047607422,
  "0x3d09": 3.100405216217041,
  "0x4870": 7.40150785446167,
  "0x4871": 1.4168442487716675,
  "0x52e8": 4.90609884262085,
  "0x52e9": 1.1932690143585205,
  "0x5b76": 3.692574977874756,
  "0x5b77": 3.2074241638183594,
  "0x6314": 0.41130632162094116,
  "0x6315": 0.019267156720161438,
  "0x68c8": 0.8734157681465149,
  "0x68c9": 0.6158819794654846,
  "0x6d8a": 9.903748512268066,
  "0x6d8b": 1.1879725456237793,
  "0x7300": 5.8006591796875,
  "0x7301": 2.900345802307129,
  "0x7784": 3.5963141918182373,
  "0x7785": 1.1036757230758667,
  "0x3034": 7.606915473937988,
  "0x3035": 3.1958556175231934,
  "0x3d0a": 10.092205047607422,
  "0x3d0b": 3.100405216217041,
  "0x4872": 7.40150785446167,
  "0x4873": -0.00018807942979037762,
  "0x52ea": 4.90609884262085,
  "0x52eb": 1.1932690143585205,
  "0x5b78": 3.692574977874756,
  "0x5b79": 1.5060348510742188,
  "0x6316": 0.41130632162094116,
  "0x6317": 1.3940439224243164,
  "0x68ca": 0.8734157681465149,
  "0x68cb": 0.6158819794654846,
  "0x6d8c": 9.903748512268066,
  "0x6d8d": 1.1879725456237793,
  "0x7302": 5.8006591796875,
  "0x7303": 2.900345802307129,
  "0x7786": 3.5963141918182373,
  "0x7787": 1.1036757230758667,
  "0x3036": 7.606915473937988,
  "0x3037": 3.1958556175231934,
  "0x3d0c": 10.092205047607422,
  "0x3d0d": 3.100405216217041,
  "0x4874": 7.40150785446167,
  "0x4875": 1.4168442487716675,
  "0x52ec": 4.90609884262085,
  "0x52ed": 1.1932690143585205,
  "0x5b7a": 3.692574977874756,
  "0x5b7b": 3.2074241638183594,
  "0x6318": 0.41130632162094116,
  "0x6319": 1.3940439224243164,
  "0x68cc": -0.6316004395484924,
  "0x68cd": 0.6158819794654846,
  "0x6d8e": 9.903748512268066,
  "0x6d8f": 1.1879725456237793,
  "0x7304": 5.8006591796875,
  "0x7305": 2.900345802307129,
  "0x7788": 3.5963141918182373,
  "0x7789": 1.1036757230758667,
  "0x3038": 7.606915473937988,
  "0x3039": 3.1958556175231934,
  "0x3d0e": 10.092205047607422,
  "0x3d0f": 3.100405216217041,
  "0x4876": 7.40150785446167,
  "0x4877": 1.4168442487716675,
  "0x52ee": 4.90609884262085,
  "0x52ef": 1.1932690143585205,
  "0x5b7c": 3.692574977874756,
  "0x5b7d": 3.2074241638183594,
  "0x631a": 0.41130632162094116,
  "0x631b": 0.019267156720161438,
  "0x68ce": 0.8734157681465149,
  "0x68cf": 0.6158819794654846,
  "0x6d90": 9.903748512268066,
  "0x6d91": 1.1879725456237793,
  "0x7306": 5.8006591796875,
  "0x7307": 2.900345802307129,
  "0x778a": 3.5963141918182373,
  "0x778b": 1.1036757230758667,
  "0x303a": 7.606915473937988,
  "0x303b": 3.1958556175231934,
  "0x3d10": 10.092205047607422,
  "0x3d11": 3.100405216217041,
  "0x4878": 7.40150785446167,
  "0x4879": 1.4168442487716675,
  "0x52f0": 4.90609884262085,
  "0x52f1": 1.1932690143585205,
  "0x5b7e": 3.692574977874756,
  "0x5b7f": 3.2074241638183594,
  "0x631c": 0.41130632162094116,
  "0x631d": 1.3940439224243164,
  "0x68d0": 0.8734157681465149,
  "0x68d1": 0.6158819794654846,
  "0x6d92": 9.903748512268066,
  "0x6d93": 1.1879725456237793,
  "0x7308": 5.8006591796875,
  "0x7309": 2.900345802307129,
  "0x778c": 3.5963141918182373,
  "0x778d": 1.1036757230758667,
  "0x303c": 7.606915473937988,
  "0x303d": 3.1958556175231934,
  "0x3d12": 10.092205047607422,
  "0x3d13": 3.100405216217041,
  "0x487a": 7.40150785446167,
  "0x487b": 1.4168442487716675,
  "0x52f2": 4.90609884262085,
  "0x52f3": 1.1932690143585205,
  "0x5b80": 3.692574977874756,
  "0x5b81": 1.5060348510742188,
  "0x631e": 0.41130632162094116,
  "0x631f": 1.3940439224243164,
  "0x68d2": 0.8734157681465149,
  "0x68d3": 0.6158819794654846,
  "0x6d94": 9.903748512268066,
  "0x6d95": 1.1879725456237793,
  "0x730a": 5.8006591796875,
  "0x730b": 2.900345802307129,
  "0x778e": 3.5963141918182373,
  "0x778f": 1.1036757230758667,
  "0x303e": 7.606915473937988,
  "0x303f": 3.1958556175231934,
  "0x3d14": 10.092205047607422,
  "0x3d15": 3.100405216217041,
  "0x487c": 7.40150785446167,
  "0x487d": 1.4168442487716675,
  "0x52f4": 4.90609884262085,
  "0x52f5": 1.1932690143585205,
  "0x5b82": 3.692574977874756,
  "0x5b83": 3.2074241638183594,
  "0x6320": 0.41130632162094116,
  "0x6321": 1.3940439224243164,
  "0x68d4": 0.8734157681465149,
  "0x68d5": 0.6158819794654846,
  "0x6d96": 9.903748512268066,
  "0x6d97": 1.1879725456237793,
  "0x730c": 5.8006591796875,
  "0x730d": 0.9768454432487488,
  "0x7790": 3.5963141918182373,
  "0x7791": 1.1036757230758667
}