{
  "0x2e3a": 6.0864386558532715,
  "0x2e3b": 2.9976937770843506,
  "0x3b10": 7.310837268829346,
  "0x3b11": 3.9961955547332764,
  "0x4678": 8.225974082946777,
  "0x4679": 3.215578079223633,
  "0x50f0": 6.659637928009033,
  "0x50f1": 3.4664676189422607,
  "0x597e": 5.419533729553223,
  "0x597f": 2.8128767013549805,
  "0x611c": 6.2544426918029785,
  "0x611d": 3.0006237030029297,
  "0x66d0": 4.85490083694458,
  "0x66d1": 3.3803043365478516,
  "0x2e3c": 6.104351043701172,
  "0x2e3d": 2.987476110458374,
  "0x3b12": 7.321695327758789,
  "0x3b13": 3.9841151237487793,
  "0x467a": 8.454882621765137,
  "0x467b": 3.1943633556365967,
  "0x50f2": 6.570628643035889,
  "0x50f3": 3.493457555770874,
  "0x5980": 5.402712345123291,
  "0x5981": 2.8356995582580566,
  "0x611e": 6.302719593048096,
  "0x611f": 3.0156078338623047,
  "0x66d2": 4.85129451751709,
  "0x66d3": 3.389009714126587,
  "0x2e3e": 6.104351043701172,
  "0x2e3f": 2.987476110458374,
  "0x3b14": 7.321695327758789,
  "0x3b15": 3.9841151237487793,
  "0x467c": 8.474007606506348,
  "0x467d": 3.1943633556365967,
  "0x50f4": 6.590301990509033,
  "0x50f5": 3.493457555770874,
  "0x5982": 5.366067886352539,
  "0x5983": 2.837521553039551,
  "0x6120": 6.302143096923828,
  "0x6121": 3.0156078338623047,
  "0x66d4": 4.850718021392822,
  "0x66d5": 3.389009714126587,
  "0x2e40": 6.072815895080566,
  "0x2e41": 2.9971306324005127,
  "0x3b16": 7.330929279327393,
  "0x3b17": 3.889284133911133,
  "0x467e": 8.363409042358398,
  "0x467f": 3.217346668243408,
  "0x50f6": 6.530322074890137,
  "0x50f7": 3.4208309650421143,
  "0x5984": 5.317821502685547,
  "0x5985": 2.8232290744781494,
  "0x6122": 6.194933891296387,
  "0x6123": 3.003192901611328,
  "0x66d6": 4.852749347686768,
  "0x66d7": 3.3592140674591064,
  "0x2e42": 6.2986040115356445,
  "0x2e43": 3.001289129257202,
  "0x3b18": 7.301054000854492,
  "0x3b19": 4.000420093536377,
  "0x4680": 9.096823692321777,
  "0x4681": 3.1019957065582275,
  "0x50f8": 6.50261116027832,
  "0x50f9": 3.596666097640991,
  "0x5986": 5.204598903656006,
  "0x5987": 2.996211051940918,
  "0x6124": 6.79655647277832,
  "0x6125": 3.0026183128356934,
  "0x66d8": 5.283303737640381,
  "0x66d9": 3.390225410461426,
  "0x2e44": 6.2986040115356445,
  "0x2e45": 3.001289129257202,
  "0x3b1a": 7.301054000854492,
  "0x3b1b": 4.000420093536377,
  "0x4682": 9.096823692321777,
  "0x4683": 3.1019957065582275,
  "0x50fa": 6.50261116027832,
  "0x50fb": 3.596666097640991,
  "0x5988": 5.204598903656006,
  "0x5989": 2.996211051940918,
  "0x6126": 6.79655647277832,
  "0x6127": 3.0026183128356934,
  "0x66da": 5.283303737640381,
  "0x66db": 3.390225410461426,
  "0x2e46": 6.2986040115356445,
  "0x2e47": 3.001289129257202,
  "0x3b1c": 7.301054000854492,
  "0x3b1d": 4.000420093536377,
  "0x4684": 9.096823692321777,
  "0x4685": 3.1019957065582275,
  "0x50fc": 6.50261116027832,
  "0x50fd": 3.596666097640991,
  "0x598a": 5.204598903656006,
  "0x598b": 2.996211051940918,
  "0x6128": 6.79655647277832,
  "0x6129": 3.0026183128356934,
  "0x66dc": 5.283303737640381,
  "0x66dd": 3.390225410461426
}