{
  "0x2fb4": 4.699999999999998,
  "0x2fb5": 2.8,
  "0x3c8a": 14.6,
  "0x3c8b": 5.0,
  "0x47f2": 6.300000000000002,
  "0x47f3": 3.5,
  "0x526a": 5.6,
  "0x526b": 2.9000000000000004,
  "0x5af8": 7.199999999999998,
  "0x5af9": 0.6000000000000001,
  "0x6296": 2.7,
  "0x6297": 0.5,
  "0x684a": 3.2,
  "0x684b": 2.9,
  "0x6d0c": 9.5,
  "0x6d0d": 2.1,
  "0x7282": 5.4,
  "0x7283": 4.5,
  "0x7706": 8.5,
  "0x7707": 3.4000000000000004,
  "0x2fb6": 8.6,
  "0x2fb7": 3.0,
  "0x3c8c": 12.9,
  "0x3c8d": 4.2,
  "0x47f4": 7.4,
  "0x47f5": 3.9,
  "0x526c": 5.9,
  "0x526d": 3.0,
  "0x5afa": 4.0,
  "0x5afb": 0.0,
  "0x6298": 6.1,
  "0x6299": 0.2000000000000001,
  "0x684c": 1.5999999999999996,
  "0x684d": 1.5,
  "0x6d0e": 11.9,
  "0x6d0f": 1.4000000000000004,
  "0x7284": 6.5,
  "0x7285": 2.5,
  "0x7708": 4.699999999999998,
  "0x7709": 3.7,
  "0x2fb8": 9.0,
  "0x2fb9": 3.1,
  "0x3c8e": 14.4,
  "0x3c8f": 1.0,
  "0x47f6": 9.4,
  "0x47f7": 3.5,
  "0x526e": 9.7,
  "0x526f": 3.1,
  "0x5afc": 7.300000000000002,
  "0x5afd": 0.5999999999999996,
  "0x629a": 7.199999999999998,
  "0x629b": 3.4000000000000004,
  "0x684e": 5.3,
  "0x684f": 0.7000000000000002,
  "0x6d10": 10.6,
  "0x6d11": 2.4000000000000004,
  "0x7286": 12.4,
  "0x7287": 1.5,
  "0x770a": 9.7,
  "0x770b": 4.2,
  "0x2fba": 6.1,
  "0x2fbb": 2.2,
  "0x3c90": 15.0,
  "0x3c91": 2.2,
  "0x47f8": 7.9,
  "0x47f9": 4.0,
  "0x5270": 7.5,
  "0x5271": 0.7999999999999998,
  "0x5afe": 6.9,
  "0x5aff": 1.2999999999999998,
  "0x629c": 8.7,
  "0x629d": 0.2000000000000001,
  "0x6850": 7.800000000000002,
  "0x6851": 0.2999999999999998,
  "0x6d12": 11.3,
  "0x6d13": 1.9000000000000004,
  "0x7288": 11.2,
  "0x7289": 2.5,
  "0x770c": 14.6,
  "0x770d": 4.7,
  "0x2fbc": 8.5,
  "0x2fbd": 1.5,
  "0x3c92": 12.7,
  "0x3c93": 1.5,
  "0x47fa": 11.4,
  "0x47fb": 1.4000000000000004,
  "0x5272": 7.199999999999998,
  "0x5273": 2.9000000000000004,
  "0x5b00": 8.3,
  "0x5b01": 3.3,
  "0x629e": 6.6,
  "0x629f": 0.2999999999999998,
  "0x6852": 9.5,
  "0x6853": 0.0,
  "0x6d14": 11.9,
  "0x6d15": 1.5999999999999996,
  "0x728a": 6.6,
  "0x728b": 2.9000000000000004,
  "0x770e": 10.1,
  "0x770f": 4.0,
  "0x2fbe": 0.9000000000000004,
  "0x2fbf": 2.2,
  "0x3c94": 5.800000000000002,
  "0x3c95": 2.0,
  "0x47fc": 9.2,
  "0x47fd": 0.4000000000000004,
  "0x5274": 9.6,
  "0x5275": 3.1,
  "0x5b02": 2.7,
  "0x5b03": 0.7999999999999998,
  "0x62a0": 7.5,
  "0x62a1": 1.9,
  "0x6854": 1.1999999999999993,
  "0x6855": 0.0,
  "0x6d16": 10.3,
  "0x6d17": 0.4000000000000004,
  "0x728c": 2.6,
  "0x728d": 0.7999999999999998,
  "0x7710": 2.8000000000000007,
  "0x7711": 3.0,
  "0x2fc0": 5.5,
  "0x2fc1": 1.2999999999999998,
  "0x3c96": 6.6,
  "0x3c97": 4.4,
  "0x47fe": 7.699999999999998,
  "0x47ff": 1.2000000000000002,
  "0x5276": 5.5,
  "0x5277": 2.3,
  "0x5b04": 4.4,
  "0x5b05": 2.8,
  "0x62a2": 6.9,
  "0x62a3": 1.5,
  "0x6856": 0.2000000000000001,
  "0x6857": 0.8999999999999999,
  "0x6d18": 6.699999999999998,
  "0x6d19": 3.6,
  "0x728e": 8.7,
  "0x728f": 2.3,
  "0x7712": 7.699999999999998,
  "0x7713": 3.7
}