{
  "0x2d22": 7.803584575653076,
  "0x2d23": 3.5962345600128174,
  "0x39f8": 10.598326683044434,
  "0x39f9": 4.000754356384277,
  "0x4560": 10.590689659118652,
  "0x4561": 5.206727981567383,
  "0x4fd8": 9.102380752563477,
  "0x4fd9": 5.293962001800537,
  "0x5866": 6.199400424957275,
  "0x5867": 3.411773920059204,
  "0x6004": 6.596763610839844,
  "0x6005": 3.199477195739746,
  "0x2d24": 7.803584575653076,
  "0x2d25": 3.5962345600128174,
  "0x39fa": 10.598326683044434,
  "0x39fb": 4.000754356384277,
  "0x4562": 10.590689659118652,
  "0x4563": 5.206727981567383,
  "0x4fda": 9.102380752563477,
  "0x4fdb": 5.293962001800537,
  "0x5868": 6.199400424957275,
  "0x5869": 3.411773920059204,
  "0x6006": 6.596763610839844,
  "0x6007": 3.199477195739746,
  "0x2d26": 7.803584575653076,
  "0x2d27": 3.5962345600128174,
  "0x39fc": 10.598326683044434,
  "0x39fd": 4.000754356384277,
  "0x4564": 10.590689659118652,
  "0x4565": 5.206727981567383,
  "0x4fdc": 9.102380752563477,
  "0x4fdd": 5.293962001800537,
  "0x586a": 6.199400424957275,
  "0x586b": 3.411773920059204,
  "0x6008": 6.596763610839844,
  "0x6009": 3.199477195739746,
  "0x2d28": 7.803584575653076,
  "0x2d29": 3.5962345600128174,
  "0x39fe": 10.598326683044434,
  "0x39ff": 4.000754356384277,
  "0x4566": 10.590689659118652,
  "0x4567": 5.206727981567383,
  "0x4fde": 9.102380752563477,
  "0x4fdf": 5.293962001800537,
  "0x586c": 6.199400424957275,
  "0x586d": 3.411773920059204,
  "0x600a": 6.596763610839844,
  "0x600b": 3.199477195739746,
  "0x2d2a": 7.803584575653076,
  "0x2d2b": 3.5962345600128174,
  "0x3a00": 10.598326683044434,
  "0x3a01": 4.000754356384277,
  "0x4568": 10.590689659118652,
  "0x4569": 5.206727981567383,
  "0x4fe0": 9.102380752563477,
  "0x4fe1": 5.293962001800537,
  "0x586e": 6.199400424957275,
  "0x586f": 3.411773920059204,
  "0x600c": 6.596763610839844,
  "0x600d": 3.199477195739746,
  "0x2d2c": 7.803584575653076,
  "0x2d2d": 3.5962345600128174,
  "0x3a02": 10.598326683044434,
  "0x3a03": 4.000754356384277,
  "0x456a": 10.590689659118652,
  "0x456b": 5.206727981567383,
  "0x4fe2": 9.102380752563477,
  "0x4fe3": 5.293962001800537,
  "0x5870": 6.199400424957275,
  "0x5871": 3.411773920059204,
  "0x600e": 6.596763610839844,
  "0x600f": 3.199477195739746,
  "0x2d2e": 7.803584575653076,
  "0x2d2f": 3.5962345600128174,
  "0x3a04": 10.598326683044434,
  "0x3a05": 4.000754356384277,
  "0x456c": 10.590689659118652,
  "0x456d": 5.206727981567383,
  "0x4fe4": 9.102380752563477,
  "0x4fe5": 5.293962001800537,
  "0x5872": 6.199400424957275,
  "0x5873": 3.411773920059204,
  "0x6010": 6.596763610839844,
  "0x6011": 3.199477195739746
}