{
  "0x2e3a": 5.927119255065918,
  "0x2e3b": 3.0161941051483154,
  "0x3b10": 7.214628219604492,
  "0x3b11": 3.9636809825897217,
  "0x4678": 8.414471626281738,
  "0x4679": 3.1506121158599854,
  "0x50f0": 6.578140735626221,
  "0x50f1": 3.5467071533203125,
  "0x597e": 5.39956521987915,
  "0x597f": 2.9516701698303223,
  "0x611c": 5.964623928070068,
  "0x611d": 3.029202461242676,
  "0x66d0": 4.865798473358154,
  "0x66d1": 3.4142024517059326,
  "0x2e3c": 5.984938621520996,
  "0x2e3d": 3.015549421310425,
  "0x3b12": 7.328969955444336,
  "0x3b13": 3.9633781909942627,
  "0x467a": 8.5744047164917,
  "0x467b": 3.1408722400665283,
  "0x50f2": 6.520215034484863,
  "0x50f3": 3.549823522567749,
  "0x5980": 5.3267621994018555,
  "0x5981": 2.954786539077759,
  "0x611e": 6.118119239807129,
  "0x611f": 3.034174680709839,
  "0x66d2": 4.896571636199951,
  "0x66d3": 3.4142024517059326,
  "0x2e3e": 5.984938621520996,
  "0x2e3f": 3.015549421310425,
  "0x3b14": 7.325944900512695,
  "0x3b15": 3.9665579795837402,
  "0x467c": 8.57474422454834,
  "0x467d": 3.140275001525879,
  "0x50f4": 6.52577018737793,
  "0x50f5": 3.5513906478881836,
  "0x5982": 5.32841157913208,
  "0x5983": 2.9554991722106934,
  "0x6120": 6.121030807495117,
  "0x6121": 3.036149501800537,
  "0x66d4": 4.8994832038879395,
  "0x66d5": 3.416177272796631,
  "0x2e40": 5.984133720397949,
  "0x2e41": 3.0168075561523438,
  "0x3b16": 7.326602935791016,
  "0x3b17": 3.9668774604797363,
  "0x467e": 8.577656745910645,
  "0x467f": 3.137035846710205,
  "0x50f6": 6.5194878578186035,
  "0x50f7": 3.5496890544891357,
  "0x5984": 5.329532623291016,
  "0x5985": 2.9525201320648193,
  "0x6122": 6.12314510345459,
  "0x6123": 3.0275890827178955,
  "0x66d6": 4.898051738739014,
  "0x66d7": 3.411200523376465,
  "0x2e42": 6.298498153686523,
  "0x2e43": 3.0012717247009277,
  "0x3b18": 7.3012189865112305,
  "0x3b19": 3.9981236457824707,
  "0x4680": 9.096585273742676,
  "0x4681": 3.1029276847839355,
  "0x50f8": 6.50255012512207,
  "0x50f9": 3.5985164642333984,
  "0x5986": 5.201755046844482,
  "0x5987": 2.9981987476348877,
  "0x6124": 6.797072887420654,
  "0x6125": 3.0025904178619385,
  "0x66d8": 5.429159641265869,
  "0x66d9": 3.371568202972412,
  "0x2e44": 6.298498153686523,
  "0x2e45": 3.0012717247009277,
  "0x3b1a": 7.3012189865112305,
  "0x3b1b": 3.9981236457824707,
  "0x4682": 9.096585273742676,
  "0x4683": 3.1029276847839355,
  "0x50fa": 6.50255012512207,
  "0x50fb": 3.5985164642333984,
  "0x5988": 5.201755046844482,
  "0x5989": 2.9981987476348877,
  "0x6126": 6.797072887420654,
  "0x6127": 3.0025904178619385,
  "0x66da": 5.429159641265869,
  "0x66db": 3.371568202972412,
  "0x2e46": 6.298498153686523,
  "0x2e47": 3.0012717247009277,
  "0x3b1c": 7.3012189865112305,
  "0x3b1d": 3.9981236457824707,
  "0x4684": 9.096585273742676,
  "0x4685": 3.1029276847839355,
  "0x50fc": 6.50255012512207,
  "0x50fd": 3.5985164642333984,
  "0x598a": 5.201755046844482,
  "0x598b": 2.9981987476348877,
  "0x6128": 6.797072887420654,
  "0x6129": 3.0025904178619385,
  "0x66dc": 5.429159641265869,
  "0x66dd": 3.371568202972412
}