{
  "0x2ed4": 5.299703121185303,
  "0x2ed5": 1.500774621963501,
  "0x3baa": 8.00589656829834,
  "0x3bab": 3.695833683013916,
  "0x4712": 5.50640344619751,
  "0x4713": 1.697121262550354,
  "0x518a": 4.602583408355713,
  "0x518b": 2.494372606277466,
  "0x5a18": 4.177833080291748,
  "0x5a19": 1.721177577972412,
  "0x61b6": 2.011401891708374,
  "0x61b7": 2.2862987518310547,
  "0x676a": 0.502330482006073,
  "0x676b": 0.9044616222381592,
  "0x71a2": 5.996575355529785,
  "0x71a3": 2.9005374908447266,
  "0x2ed6": 5.299703121185303,
  "0x2ed7": 1.500774621963501,
  "0x3bac": 8.00589656829834,
  "0x3bad": 3.695833683013916,
  "0x4714": 5.50640344619751,
  "0x4715": 1.697121262550354,
  "0x518c": 4.602583408355713,
  "0x518d": 2.494372606277466,
  "0x5a1a": 4.177833080291748,
  "0x5a1b": 1.721177577972412,
  "0x61b8": 2.011401891708374,
  "0x61b9": 2.2862987518310547,
  "0x676c": 0.502330482006073,
  "0x676d": 0.9044616222381592,
  "0x71a4": 5.996575355529785,
  "0x71a5": 2.9005374908447266,
  "0x2ed8": 5.299703121185303,
  "0x2ed9": 1.500774621963501,
  "0x3bae": 8.00589656829834,
  "0x3baf": 3.695833683013916,
  "0x4716": 5.50640344619751,
  "0x4717": 1.697121262550354,
  "0x518e": 4.602583408355713,
  "0x518f": 2.494372606277466,
  "0x5a1c": 4.177833080291748,
  "0x5a1d": 1.721177577972412,
  "0x61ba": 2.011401891708374,
  "0x61bb": 2.2862987518310547,
  "0x676e": 0.502330482006073,
  "0x676f": 0.9044616222381592,
  "0x71a6": 5.996575355529785,
  "0x71a7": 2.9005374908447266,
  "0x2eda": 5.299703121185303,
  "0x2edb": 1.500774621963501,
  "0x3bb0": 8.00589656829834,
  "0x3bb1": 3.695833683013916,
  "0x4718": 5.50640344619751,
  "0x4719": 1.697121262550354,
  "0x5190": 4.602583408355713,
  "0x5191": 2.494372606277466,
  "0x5a1e": 4.177833080291748,
  "0x5a1f": 1.721177577972412,
  "0x61bc": 2.011401891708374,
  "0x61bd": 2.2862987518310547,
  "0x6770": 0.502330482006073,
  "0x6771": 0.9044616222381592,
  "0x71a8": 5.996575355529785,
  "0x71a9": 2.9005374908447266,
  "0x2edc": 5.299703121185303,
  "0x2edd": 1.500774621963501,
  "0x3bb2": 8.00589656829834,
  "0x3bb3": 3.695833683013916,
  "0x471a": 5.50640344619751,
  "0x471b": 1.697121262550354,
  "0x5192": 4.602583408355713,
  "0x5193": 2.494372606277466,
  "0x5a20": 4.177833080291748,
  "0x5a21": 1.721177577972412,
  "0x61be": 2.011401891708374,
  "0x61bf": 2.2862987518310547,
  "0x6772": 0.502330482006073,
  "0x6773": 0.9044616222381592,
  "0x71aa": 5.996575355529785,
  "0x71ab": 2.9005374908447266,
  "0x2ede": 5.299703121185303,
  "0x2edf": 1.500774621963501,
  "0x3bb4": 8.00589656829834,
  "0x3bb5": 3.695833683013916,
  "0x471c": 5.50640344619751,
  "0x471d": 1.697121262550354,
  "0x5194": 4.602583408355713,
  "0x5195": 2.494372606277466,
  "0x5a22": 4.177833080291748,
  "0x5a23": 1.721177577972412,
  "0x61c0": 2.011401891708374,
  "0x61c1": 2.2862987518310547,
  "0x6774": 0.502330482006073,
  "0x6775": 0.9044616222381592,
  "0x71ac": 5.996575355529785,
  "0x71ad": 2.9005374908447266,
  "0x2ee0": 5.299703121185303,
  "0x2ee1": 1.500774621963501,
  "0x3bb6": 8.00589656829834,
  "0x3bb7": 3.695833683013916,
  "0x471e": 5.50640344619751,
  "0x471f": 1.697121262550354,
  "0x5196": 4.602583408355713,
  "0x5197": 2.494372606277466,
  "0x5a24": 4.177833080291748,
  "0x5a25": 1.721177577972412,
  "0x61c2": 2.011401891708374,
  "0x61c3": 2.2862987518310547,
  "0x6776": 0.502330482006073,
  "0x6777": 0.9044616222381592,
  "0x71ae": 5.996575355529785,
  "0x71af": 2.9005374908447266
}