{
  "0x2c7a": 7.304354667663574,
  "0x2c7b": 3.6996841430664062,
  "0x3950": 10.496283531188965,
  "0x3951": 5.09978723526001,
  "0x44b8": 9.704296112060547,
  "0x44b9": 4.5967583656311035,
  "0x4f30": 9.297968864440918,
  "0x4f31": 4.401786804199219,
  "0x57be": 8.498031616210938,
  "0x57bf": 3.5013206005096436,
  "0x5f5c": 6.200144290924072,
  "0x5f5d": 4.196773052215576,
  "0x2c7c": 7.304354667663574,
  "0x2c7d": 3.6996841430664062,
  "0x3952": 10.496283531188965,
  "0x3953": 5.09978723526001,
  "0x44ba": 9.704296112060547,
  "0x44bb": 4.5967583656311035,
  "0x4f32": 9.297968864440918,
  "0x4f33": 4.401786804199219,
  "0x57c0": 8.498031616210938,
  "0x57c1": 3.5013206005096436,
  "0x5f5e": 6.200144290924072,
  "0x5f5f": 4.196773052215576,
  "0x2c7e": 7.304354667663574,
  "0x2c7f": 3.6996841430664062,
  "0x3954": 10.496283531188965,
  "0x3955": 5.09978723526001,
  "0x44bc": 9.704296112060547,
  "0x44bd": 4.5967583656311035,
  "0x4f34": 9.297968864440918,
  "0x4f35": 4.401786804199219,
  "0x57c2": 8.498031616210938,
  "0x57c3": 3.5013206005096436,
  "0x5f60": 6.200144290924072,
  "0x5f61": 4.196773052215576,
  "0x2c80": 7.304354667663574,
  "0x2c81": 3.6996841430664062,
  "0x3956": 10.496283531188965,
  "0x3957": 5.09978723526001,
  "0x44be": 9.704296112060547,
  "0x44bf": 4.5967583656311035,
  "0x4f36": 9.297968864440918,
  "0x4f37": 4.401786804199219,
  "0x57c4": 8.498031616210938,
  "0x57c5": 3.5013206005096436,
  "0x5f62": 6.200144290924072,
  "0x5f63": 4.196773052215576,
  "0x2c82": 7.304354667663574,
  "0x2c83": 3.6996841430664062,
  "0x3958": 10.496283531188965,
  "0x3959": 5.09978723526001,
  "0x44c0": 9.704296112060547,
  "0x44c1": 4.5967583656311035,
  "0x4f38": 9.297968864440918,
  "0x4f39": 4.401786804199219,
  "0x57c6": 8.498031616210938,
  "0x57c7": 3.5013206005096436,
  "0x5f64": 6.200144290924072,
  "0x5f65": 4.196773052215576,
  "0x2c84": 7.3062520027160645,
  "0x2c85": 3.6977972984313965,
  "0x395a": 10.498180389404297,
  "0x395b": 5.1093573570251465,
  "0x44c2": 9.706192970275879,
  "0x44c3": 4.60632848739624,
  "0x4f3a": 9.304666519165039,
  "0x4f3b": 4.3887038230896,
  "0x57c8": 8.504729270935059,
  "0x57c9": 3.4767801761627197,
  "0x5f66": 6.285282611846924,
  "0x5f67": 4.16980504989624,
  "0x2c86": 7.3062520027160645,
  "0x2c87": 3.6977972984313965,
  "0x395c": 10.498180389404297,
  "0x395d": 5.1093573570251465,
  "0x44c4": 9.706192970275879,
  "0x44c5": 4.60632848739624,
  "0x4f3c": 9.304666519165039,
  "0x4f3d": 4.3887038230896,
  "0x57ca": 8.504729270935059,
  "0x57cb": 3.4767801761627197,
  "0x5f68": 6.285282611846924,
  "0x5f69": 4.16980504989624
}