{
  "0x2f6e": 3.401655912399292,
  "0x2f6f": 0.9993913173675537,
  "0x3c44": 5.601498603820801,
  "0x3c45": 3.7994744777679443,
  "0x47ac": 10.570294380187988,
  "0x47ad": 2.8907558917999268,
  "0x5224": 8.177947044372559,
  "0x5225": 2.237091302871704,
  "0x5ab2": 4.6059489250183105,
  "0x5ab3": 0.9960517883300781,
  "0x6250": 2.994704008102417,
  "0x6251": 0.7033411860466003,
  "0x6804": 0.881840705871582,
  "0x6805": 1.539625644683838,
  "0x6cc6": 8.736967086791992,
  "0x6cc7": 3.13907790184021,
  "0x723c": 10.954582214355469,
  "0x723d": 1.8580843210220337,
  "0x76c0": 10.045056343078613,
  "0x76c1": 1.7424490451812744,
  "0x2f70": 3.401655912399292,
  "0x2f71": 0.9993913173675537,
  "0x3c46": 5.601498603820801,
  "0x3c47": 3.7994744777679443,
  "0x47ae": 10.558080673217773,
  "0x47af": 2.878542184829712,
  "0x5226": 8.177947044372559,
  "0x5227": 2.237091302871704,
  "0x5ab4": 4.6059489250183105,
  "0x5ab5": 0.9960517883300781,
  "0x6252": 2.994704008102417,
  "0x6253": 0.7033411860466003,
  "0x6806": 0.34934091567993164,
  "0x6807": 1.8803982734680176,
  "0x6cc8": 8.736967086791992,
  "0x6cc9": 3.13907790184021,
  "0x723e": 10.954582214355469,
  "0x723f": 1.8580843210220337,
  "0x76c2": 10.045056343078613,
  "0x76c3": 1.7424490451812744,
  "0x2f72": 3.401655912399292,
  "0x2f73": 0.9993913173675537,
  "0x3c48": 5.601498603820801,
  "0x3c49": 3.7994744777679443,
  "0x47b0": 10.558080673217773,
  "0x47b1": 2.878542184829712,
  "0x5228": 8.177947044372559,
  "0x5229": 2.237091302871704,
  "0x5ab6": 4.6059489250183105,
  "0x5ab7": 0.9960517883300781,
  "0x6254": 2.994704008102417,
  "0x6255": 0.7033411860466003,
  "0x6808": 0.34934091567993164,
  "0x6809": 1.8803982734680176,
  "0x6cca": 8.736967086791992,
  "0x6ccb": 3.13907790184021,
  "0x7240": 10.954582214355469,
  "0x7241": 1.8580843210220337,
  "0x76c4": 10.045056343078613,
  "0x76c5": 1.7424490451812744,
  "0x2f74": 3.401655912399292,
  "0x2f75": 0.9993913173675537,
  "0x3c4a": 5.601498603820801,
  "0x3c4b": 3.7994744777679443,
  "0x47b2": 10.558080673217773,
  "0x47b3": 2.878542184829712,
  "0x522a": 8.15074634552002,
  "0x522b": 2.2098913192749023,
  "0x5ab8": 4.6059489250183105,
  "0x5ab9": 0.9960517883300781,
  "0x6256": 2.994704008102417,
  "0x6257": 0.7033411860466003,
  "0x680a": 0.34934091567993164,
  "0x680b": 1.8803982734680176,
  "0x6ccc": 8.736967086791992,
  "0x6ccd": 3.13907790184021,
  "0x7242": 10.954582214355469,
  "0x7243": 1.8580843210220337,
  "0x76c6": 10.045056343078613,
  "0x76c7": 1.7424490451812744,
  "0x2f76": 3.401655912399292,
  "0x2f77": 0.9993913173675537,
  "0x3c4c": 5.601498603820801,
  "0x3c4d": 3.7994744777679443,
  "0x47b4": 10.558080673217773,
  "0x47b5": 2.878542184829712,
  "0x522c": 8.15074634552002,
  "0x522d": 2.2098913192749023,
  "0x5aba": 4.6059489250183105,
  "0x5abb": 0.9960517883300781,
  "0x6258": 2.994704008102417,
  "0x6259": 0.7033411860466003,
  "0x680c": 0.34934091567993164,
  "0x680d": 1.8803982734680176,
  "0x6cce": 8.736967086791992,
  "0x6ccf": 3.13907790184021,
  "0x7244": 10.954582214355469,
  "0x7245": 1.8580843210220337,
  "0x76c8": 10.045056343078613,
  "0x76c9": 1.7424490451812744,
  "0x2f78": 3.401655912399292,
  "0x2f79": 0.9993913173675537,
  "0x3c4e": 5.601498603820801,
  "0x3c4f": 3.7994744777679443,
  "0x47b6": 10.558080673217773,
  "0x47b7": 2.878542184829712,
  "0x522e": 8.15074634552002,
  "0x522f": 2.2098913192749023,
  "0x5abc": 4.6059489250183105,
  "0x5abd": 0.9960517883300781,
  "0x625a": 2.994704008102417,
  "0x625b": 0.7033411860466003,
  "0x680e": 0.34934091567993164,
  "0x680f": 1.8803982734680176,
  "0x6cd0": 8.736967086791992,
  "0x6cd1": 3.13907790184021,
  "0x7246": 10.954582214355469,
  "0x7247": 1.8580843210220337,
  "0x76ca": 10.045056343078613,
  "0x76cb": 1.7424490451812744,
  "0x2f7a": 3.401655912399292,
  "0x2f7b": 0.9993913173675537,
  "0x3c50": 5.601498603820801,
  "0x3c51": 3.7994744777679443,
  "0x47b8": 10.558080673217773,
  "0x47b9": 2.878542184829712,
  "0x5230": 8.15074634552002,
  "0x5231": 2.2098913192749023,
  "0x5abe": 4.6059489250183105,
  "0x5abf": 0.9960517883300781,
  "0x625c": 3.017488718032837,
  "0x625d": 0.7032135128974915,
  "0x6810": 0.34934091567993164,
  "0x6811": 1.8803982734680176,
  "0x6cd2": 8.736967086791992,
  "0x6cd3": 3.13907790184021,
  "0x7248": 10.954582214355469,
  "0x7249": 1.8580843210220337,
  "0x76cc": 10.045056343078613,
  "0x76cd": 1.7424490451812744
}