{
  "0x2e1e": 7.501155376434326,
  "0x2e1f": 3.0991604328155518,
  "0x3af4": 8.698421478271484,
  "0x3af5": 3.900939464569092,
  "0x465c": 7.3057169914245605,
  "0x465d": 3.3917653560638428,
  "0x50d4": 7.289122104644775,
  "0x50d5": 3.211562395095825,
  "0x5962": 5.698907852172852,
  "0x5963": 2.7011542320251465,
  "0x6100": 4.902426719665527,
  "0x6101": 2.4987752437591553,
  "0x2e20": 7.501155376434326,
  "0x2e21": 3.0991604328155518,
  "0x3af6": 8.698421478271484,
  "0x3af7": 3.900939464569092,
  "0x465e": 7.3057169914245605,
  "0x465f": 3.3917653560638428,
  "0x50d6": 7.289122104644775,
  "0x50d7": 3.211562395095825,
  "0x5964": 5.698907852172852,
  "0x5965": 2.7011542320251465,
  "0x6102": 4.902426719665527,
  "0x6103": 2.4987752437591553,
  "0x2e22": 7.501155376434326,
  "0x2e23": 3.0991604328155518,
  "0x3af8": 8.698421478271484,
  "0x3af9": 3.900939464569092,
  "0x4660": 7.3057169914245605,
  "0x4661": 3.3917653560638428,
  "0x50d8": 7.289122104644775,
  "0x50d9": 3.211562395095825,
  "0x5966": 5.698907852172852,
  "0x5967": 2.7011542320251465,
  "0x6104": 4.902426719665527,
  "0x6105": 2.4987752437591553,
  "0x2e24": 7.501155376434326,
  "0x2e25": 3.0991604328155518,
  "0x3afa": 8.698421478271484,
  "0x3afb": 3.900939464569092,
  "0x4662": 7.3057169914245605,
  "0x4663": 3.3917653560638428,
  "0x50da": 7.289122104644775,
  "0x50db": 3.211562395095825,
  "0x5968": 5.698907852172852,
  "0x5969": 2.7011542320251465,
  "0x6106": 4.902426719665527,
  "0x6107": 2.4987752437591553,
  "0x2e26": 7.501155376434326,
  "0x2e27": 3.0991604328155518,
  "0x3afc": 8.698421478271484,
  "0x3afd": 3.900939464569092,
  "0x4664": 7.3057169914245605,
  "0x4665": 3.3917653560638428,
  "0x50dc": 7.289122104644775,
  "0x50dd": 3.211562395095825,
  "0x596a": 5.698907852172852,
  "0x596b": 2.7011542320251465,
  "0x6108": 4.902426719665527,
  "0x6109": 2.4987752437591553,
  "0x2e28": 7.501155376434326,
  "0x2e29": 3.0991604328155518,
  "0x3afe": 8.698421478271484,
  "0x3aff": 3.900939464569092,
  "0x4666": 7.3057169914245605,
  "0x4667": 3.3917653560638428,
  "0x50de": 7.289122104644775,
  "0x50df": 3.211562395095825,
  "0x596c": 5.698907852172852,
  "0x596d": 2.7011542320251465,
  "0x610a": 4.902426719665527,
  "0x610b": 2.4987752437591553,
  "0x2e2a": 7.501155376434326,
  "0x2e2b": 3.0991604328155518,
  "0x3b00": 8.698421478271484,
  "0x3b01": 3.900939464569092,
  "0x4668": 7.3057169914245605,
  "0x4669": 3.3917653560638428,
  "0x50e0": 7.289122104644775,
  "0x50e1": 3.211562395095825,
  "0x596e": 5.698907852172852,
  "0x596f": 2.7011542320251465,
  "0x610c": 4.902426719665527,
  "0x610d": 2.4987752437591553
}