{
  "0x2f98": 6.704183101654053,
  "0x2f99": 3.594040632247925,
  "0x3c6e": 11.397318840026855,
  "0x3c6f": 2.701383113861084,
  "0x47d6": 5.720537185668945,
  "0x47d7": 2.290149450302124,
  "0x524e": 8.864991188049316,
  "0x524f": 1.2315237522125244,
  "0x5adc": 0.4890284240245819,
  "0x5add": 0.5248252153396606,
  "0x627a": 3.662275552749634,
  "0x627b": 1.1877915859222412,
  "0x682e": 0.11761580407619476,
  "0x682f": 1.3779175281524658,
  "0x6cf0": 9.581799507141113,
  "0x6cf1": 2.515871047973633,
  "0x7266": 8.387417793273926,
  "0x7267": 2.8083574771881104,
  "0x76ea": 9.623295783996582,
  "0x76eb": 1.8318649530410767,
  "0x2f9a": 6.704183101654053,
  "0x2f9b": 3.594040632247925,
  "0x3c70": 11.397318840026855,
  "0x3c71": 2.701383113861084,
  "0x47d8": 5.720537185668945,
  "0x47d9": 2.290149450302124,
  "0x5250": 8.864991188049316,
  "0x5251": 1.2315237522125244,
  "0x5ade": 0.4890284240245819,
  "0x5adf": 0.5248252153396606,
  "0x627c": 3.662275552749634,
  "0x627d": 1.1877915859222412,
  "0x6830": 0.46253377199172974,
  "0x6831": 1.3779175281524658,
  "0x6cf2": 9.581799507141113,
  "0x6cf3": 2.515871047973633,
  "0x7268": 7.056947708129883,
  "0x7269": 2.8083574771881104,
  "0x76ec": 9.623295783996582,
  "0x76ed": 1.8318649530410767,
  "0x2f9c": 6.725473403930664,
  "0x2f9d": 3.259000062942505,
  "0x3c72": 9.982404708862305,
  "0x3c73": 2.3729212284088135,
  "0x47da": 4.964190483093262,
  "0x47db": 2.1517398357391357,
  "0x5252": 7.243246078491211,
  "0x5253": 1.183696985244751,
  "0x5ae0": 0.4939222037792206,
  "0x5ae1": 0.39018750190734863,
  "0x627e": 3.720886468887329,
  "0x627f": 0.8808611035346985,
  "0x6832": 0.48632824420928955,
  "0x6833": 1.1694982051849365,
  "0x6cf4": 9.130780220031738,
  "0x6cf5": 2.0239109992980957,
  "0x726a": 5.781839847564697,
  "0x726b": 2.8467562198638916,
  "0x76ee": 8.448653221130371,
  "0x76ef": 1.4223852157592773,
  "0x2f9e": 6.725473403930664,
  "0x2f9f": 3.259000062942505,
  "0x3c74": 9.982404708862305,
  "0x3c75": 2.3729212284088135,
  "0x47dc": 4.964190483093262,
  "0x47dd": 2.1517398357391357,
  "0x5254": 7.243246078491211,
  "0x5255": 1.183696985244751,
  "0x5ae2": 0.4939222037792206,
  "0x5ae3": 0.39018750190734863,
  "0x6280": 3.720886468887329,
  "0x6281": 0.8808611035346985,
  "0x6834": 1.0265599489212036,
  "0x6835": 1.1694982051849365,
  "0x6cf6": 9.130780220031738,
  "0x6cf7": 2.0239109992980957,
  "0x726c": 5.781839847564697,
  "0x726d": 2.8467562198638916,
  "0x76f0": 8.448653221130371,
  "0x76f1": 1.4223852157592773,
  "0x2fa0": 6.725473403930664,
  "0x2fa1": 3.259000062942505,
  "0x3c76": 9.982404708862305,
  "0x3c77": 2.3729212284088135,
  "0x47de": 4.964190483093262,
  "0x47df": 2.1517398357391357,
  "0x5256": 7.243246078491211,
  "0x5257": 1.183696985244751,
  "0x5ae4": 0.4939222037792206,
  "0x5ae5": 0.39018750190734863,
  "0x6282": 3.720886468887329,
  "0x6283": 0.8808611035346985,
  "0x6836": 1.5241734981536865,
  "0x6837": 1.1612496376037598,
  "0x6cf8": 9.130780220031738,
  "0x6cf9": 2.0239109992980957,
  "0x726e": 5.781839847564697,
  "0x726f": 2.8467562198638916,
  "0x76f2": 8.448653221130371,
  "0x76f3": 1.4223852157592773,
  "0x2fa2": 6.725473403930664,
  "0x2fa3": 3.259000062942505,
  "0x3c78": 9.982404708862305,
  "0x3c79": 2.3729212284088135,
  "0x47e0": 4.964190483093262,
  "0x47e1": 2.1517398357391357,
  "0x5258": 7.243246078491211,
  "0x5259": 1.183696985244751,
  "0x5ae6": 0.4939222037792206,
  "0x5ae7": 0.39018750190734863,
  "0x6284": 3.720886468887329,
  "0x6285": 0.8808611035346985,
  "0x6838": 1.5241734981536865,
  "0x6839": 1.1612496376037598,
  "0x6cfa": 9.130780220031738,
  "0x6cfb": 2.0239109992980957,
  "0x7270": 5.781839847564697,
  "0x7271": 2.8467562198638916,
  "0x76f4": 8.448653221130371,
  "0x76f5": 1.4223852157592773,
  "0x2fa4": 6.725473403930664,
  "0x2fa5": 3.259000062942505,
  "0x3c7a": 9.982404708862305,
  "0x3c7b": 2.3729212284088135,
  "0x47e2": 4.964190483093262,
  "0x47e3": 2.1517398357391357,
  "0x525a": 7.243246078491211,
  "0x525b": 1.183696985244751,
  "0x5ae8": 0.4939222037792206,
  "0x5ae9": 0.39018750190734863,
  "0x6286": 3.720886468887329,
  "0x6287": 0.8808611035346985,
  "0x683a": 1.5241734981536865,
  "0x683b": 1.1612496376037598,
  "0x6cfc": 9.130780220031738,
  "0x6cfd": 2.0239109992980957,
  "0x7272": 5.781839847564697,
  "0x7273": 2.8467562198638916,
  "0x76f6": 8.448653221130371,
  "0x76f7": 1.4223852157592773
}