{
  "0x2e48": 6.7988691329956055,
  "0x2e49": 3.1006476879119873,
  "0x3b1e": 7.301645278930664,
  "0x3b1f": 3.99950909614563,
  "0x4686": 8.596075057983398,
  "0x4687": 3.600080966949463,
  "0x50fe": 6.601855754852295,
  "0x50ff": 3.8985190391540527,
  "0x598c": 4.999607563018799,
  "0x598d": 2.600675344467163,
  "0x612a": 4.599610328674316,
  "0x612b": 2.7000951766967773,
  "0x66de": 5.796590328216553,
  "0x66df": 2.3027234077453613,
  "0x2e4a": 6.7988691329956055,
  "0x2e4b": 3.1006476879119873,
  "0x3b20": 7.301645278930664,
  "0x3b21": 3.99950909614563,
  "0x4688": 8.596075057983398,
  "0x4689": 3.600080966949463,
  "0x5100": 6.601855754852295,
  "0x5101": 3.8985190391540527,
  "0x598e": 4.999607563018799,
  "0x598f": 2.600675344467163,
  "0x612c": 4.599610328674316,
  "0x612d": 2.7000951766967773,
  "0x66e0": 5.796590328216553,
  "0x66e1": 2.3027234077453613,
  "0x2e4c": 6.7988691329956055,
  "0x2e4d": 3.1006476879119873,
  "0x3b22": 7.301645278930664,
  "0x3b23": 3.99950909614563,
  "0x468a": 8.596075057983398,
  "0x468b": 3.600080966949463,
  "0x5102": 6.601855754852295,
  "0x5103": 3.8985190391540527,
  "0x5990": 4.999607563018799,
  "0x5991": 2.600675344467163,
  "0x612e": 4.599610328674316,
  "0x612f": 2.7000951766967773,
  "0x66e2": 5.796590328216553,
  "0x66e3": 2.3027234077453613,
  "0x2e4e": 6.7988691329956055,
  "0x2e4f": 3.1006476879119873,
  "0x3b24": 7.301645278930664,
  "0x3b25": 3.99950909614563,
  "0x468c": 8.596075057983398,
  "0x468d": 3.600080966949463,
  "0x5104": 6.601855754852295,
  "0x5105": 3.8985190391540527,
  "0x5992": 4.999607563018799,
  "0x5993": 2.600675344467163,
  "0x6130": 4.599610328674316,
  "0x6131": 2.7000951766967773,
  "0x66e4": 5.796590328216553,
  "0x66e5": 2.3027234077453613,
  "0x2e50": 6.7988691329956055,
  "0x2e51": 3.1006476879119873,
  "0x3b26": 7.301645278930664,
  "0x3b27": 3.99950909614563,
  "0x468e": 8.596075057983398,
  "0x468f": 3.600080966949463,
  "0x5106": 6.601855754852295,
  "0x5107": 3.8985190391540527,
  "0x5994": 4.999607563018799,
  "0x5995": 2.600675344467163,
  "0x6132": 4.599610328674316,
  "0x6133": 2.7000951766967773,
  "0x66e6": 5.796590328216553,
  "0x66e7": 2.3027234077453613,
  "0x2e52": 6.7988691329956055,
  "0x2e53": 3.1006476879119873,
  "0x3b28": 7.301645278930664,
  "0x3b29": 3.99950909614563,
  "0x4690": 8.596075057983398,
  "0x4691": 3.600080966949463,
  "0x5108": 6.601855754852295,
  "0x5109": 3.8985190391540527,
  "0x5996": 4.999607563018799,
  "0x5997": 2.600675344467163,
  "0x6134": 4.599610328674316,
  "0x6135": 2.7000951766967773,
  "0x66e8": 5.796590328216553,
  "0x66e9": 2.3027234077453613,
  "0x2e54": 6.7988691329956055,
  "0x2e55": 3.1006476879119873,
  "0x3b2a": 7.301645278930664,
  "0x3b2b": 3.99950909614563,
  "0x4692": 8.596075057983398,
  "0x4693": 3.600080966949463,
  "0x510a": 6.601855754852295,
  "0x510b": 3.8985190391540527,
  "0x5998": 4.999607563018799,
  "0x5999": 2.600675344467163,
  "0x6136": 4.599610328674316,
  "0x6137": 2.7000951766967773,
  "0x66ea": 5.796590328216553,
  "0x66eb": 2.3027234077453613
}