{
  "0x2ef0": 3.9958858489990234,
  "0x2ef1": 2.800835132598877,
  "0x3bc6": 9.10944652557373,
  "0x3bc7": 3.6938419342041016,
  "0x472e": 8.794279098510742,
  "0x472f": 4.2046966552734375,
  "0x51a6": 7.302673816680908,
  "0x51a7": 2.695148468017578,
  "0x5a34": 3.5042097568511963,
  "0x5a35": 2.3996200561523438,
  "0x61d2": 7.395272731781006,
  "0x61d3": 2.100972890853882,
  "0x6786": 3.8977317810058594,
  "0x6787": 2.006787061691284,
  "0x71be": 5.600757122039795,
  "0x71bf": 3.397239923477173,
  "0x2ef2": 3.9958858489990234,
  "0x2ef3": 2.800835132598877,
  "0x3bc8": 9.10944652557373,
  "0x3bc9": 3.6938419342041016,
  "0x4730": 8.794279098510742,
  "0x4731": 4.2046966552734375,
  "0x51a8": 7.302673816680908,
  "0x51a9": 2.695148468017578,
  "0x5a36": 3.5042097568511963,
  "0x5a37": 2.3996200561523438,
  "0x61d4": 7.395272731781006,
  "0x61d5": 2.100972890853882,
  "0x6788": 3.8977317810058594,
  "0x6789": 2.006787061691284,
  "0x71c0": 5.600757122039795,
  "0x71c1": 3.397239923477173,
  "0x2ef4": 3.9958858489990234,
  "0x2ef5": 2.800835132598877,
  "0x3bca": 9.10944652557373,
  "0x3bcb": 3.6938419342041016,
  "0x4732": 8.794279098510742,
  "0x4733": 4.2046966552734375,
  "0x51aa": 7.302673816680908,
  "0x51ab": 2.695148468017578,
  "0x5a38": 3.5042097568511963,
  "0x5a39": 2.3996200561523438,
  "0x61d6": 7.395272731781006,
  "0x61d7": 2.100972890853882,
  "0x678a": 3.8977317810058594,
  "0x678b": 2.006787061691284,
  "0x71c2": 5.600757122039795,
  "0x71c3": 3.397239923477173,
  "0x2ef6": 3.9958858489990234,
  "0x2ef7": 2.800835132598877,
  "0x3bcc": 9.10944652557373,
  "0x3bcd": 3.6938419342041016,
  "0x4734": 8.794279098510742,
  "0x4735": 4.2046966552734375,
  "0x51ac": 7.302673816680908,
  "0x51ad": 2.695148468017578,
  "0x5a3a": 3.5042097568511963,
  "0x5a3b": 2.3996200561523438,
  "0x61d8": 7.395272731781006,
  "0x61d9": 2.100972890853882,
  "0x678c": 3.8977317810058594,
  "0x678d": 2.006787061691284,
  "0x71c4": 5.600757122039795,
  "0x71c5": 3.397239923477173,
  "0x2ef8": 3.9958858489990234,
  "0x2ef9": 2.800835132598877,
  "0x3bce": 9.10944652557373,
  "0x3bcf": 3.6938419342041016,
  "0x4736": 8.794279098510742,
  "0x4737": 4.2046966552734375,
  "0x51ae": 7.302673816680908,
  "0x51af": 2.695148468017578,
  "0x5a3c": 3.5042097568511963,
  "0x5a3d": 2.3996200561523438,
  "0x61da": 7.395272731781006,
  "0x61db": 2.100972890853882,
  "0x678e": 3.8977317810058594,
  "0x678f": 2.006787061691284,
  "0x71c6": 5.600757122039795,
  "0x71c7": 3.397239923477173,
  "0x2efa": 3.9958858489990234,
  "0x2efb": 2.800835132598877,
  "0x3bd0": 9.10944652557373,
  "0x3bd1": 3.6938419342041016,
  "0x4738": 8.794279098510742,
  "0x4739": 4.2046966552734375,
  "0x51b0": 7.302673816680908,
  "0x51b1": 2.695148468017578,
  "0x5a3e": 3.5042097568511963,
  "0x5a3f": 2.3996200561523438,
  "0x61dc": 7.395272731781006,
  "0x61dd": 2.100972890853882,
  "0x6790": 3.8977317810058594,
  "0x6791": 2.006787061691284,
  "0x71c8": 5.600757122039795,
  "0x71c9": 3.397239923477173,
  "0x2efc": 3.9958858489990234,
  "0x2efd": 2.800835132598877,
  "0x3bd2": 9.10944652557373,
  "0x3bd3": 3.6938419342041016,
  "0x473a": 8.794279098510742,
  "0x473b": 4.2046966552734375,
  "0x51b2": 7.302673816680908,
  "0x51b3": 2.695148468017578,
  "0x5a40": 3.5042097568511963,
  "0x5a41": 2.3996200561523438,
  "0x61de": 7.395272731781006,
  "0x61df": 2.100972890853882,
  "0x6792": 3.8977317810058594,
  "0x6793": 2.006787061691284,
  "0x71ca": 5.600757122039795,
  "0x71cb": 3.397239923477173
}