{
  "0x2f52": 4.298947334289551,
  "0x2f53": 3.4002087116241455,
  "0x3c28": 6.50145149230957,
  "0x3c29": 3.699197292327881,
  "0x4790": 5.809880256652832,
  "0x4791": 3.992497444152832,
  "0x5208": 8.533971786499023,
  "0x5209": 2.561046600341797,
  "0x5a96": 5.798305988311768,
  "0x5a97": 2.1014404296875,
  "0x6234": 6.802820205688477,
  "0x6235": 1.5985755920410156,
  "0x67e8": 4.697470188140869,
  "0x67e9": 1.5639047622680664,
  "0x6caa": 10.78660774230957,
  "0x6cab": 3.6702821254730225,
  "0x7220": 6.69910192489624,
  "0x7221": 2.9992079734802246,
  "0x2f54": 4.298947334289551,
  "0x2f55": 3.4002087116241455,
  "0x3c2a": 6.50145149230957,
  "0x3c2b": 3.699197292327881,
  "0x4792": 5.809880256652832,
  "0x4793": 3.992497444152832,
  "0x520a": 8.483010292053223,
  "0x520b": 2.581742525100708,
  "0x5a98": 5.798305988311768,
  "0x5a99": 2.1014404296875,
  "0x6236": 6.802820205688477,
  "0x6237": 1.5985755920410156,
  "0x67ea": 4.697470188140869,
  "0x67eb": 1.5639047622680664,
  "0x6cac": 10.78660774230957,
  "0x6cad": 3.6702821254730225,
  "0x7222": 6.69910192489624,
  "0x7223": 2.9992079734802246,
  "0x2f56": 4.298947334289551,
  "0x2f57": 3.4002087116241455,
  "0x3c2c": 6.50145149230957,
  "0x3c2d": 3.699197292327881,
  "0x4794": 5.809880256652832,
  "0x4795": 3.992497444152832,
  "0x520c": 8.482996940612793,
  "0x520d": 2.582465171813965,
  "0x5a9a": 5.798305988311768,
  "0x5a9b": 2.1014404296875,
  "0x6238": 6.802820205688477,
  "0x6239": 1.5985755920410156,
  "0x67ec": 4.697470188140869,
  "0x67ed": 1.5639047622680664,
  "0x6cae": 10.78660774230957,
  "0x6caf": 3.6702821254730225,
  "0x7224": 6.69910192489624,
  "0x7225": 2.9992079734802246,
  "0x2f58": 4.298947334289551,
  "0x2f59": 3.4002087116241455,
  "0x3c2e": 6.50145149230957,
  "0x3c2f": 3.699197292327881,
  "0x4796": 5.809880256652832,
  "0x4797": 3.992497444152832,
  "0x520e": 8.482996940612793,
  "0x520f": 2.582465171813965,
  "0x5a9c": 5.798305988311768,
  "0x5a9d": 2.1014404296875,
  "0x623a": 6.802820205688477,
  "0x623b": 1.5985755920410156,
  "0x67ee": 4.697470188140869,
  "0x67ef": 1.5639047622680664,
  "0x6cb0": 10.80059814453125,
  "0x6cb1": 3.8999269008636475,
  "0x7226": 6.69910192489624,
  "0x7227": 2.9992079734802246,
  "0x2f5a": 4.298947334289551,
  "0x2f5b": 3.4002087116241455,
  "0x3c30": 6.50145149230957,
  "0x3c31": 3.699197292327881,
  "0x4798": 5.809880256652832,
  "0x4799": 3.992497444152832,
  "0x5210": 8.482996940612793,
  "0x5211": 2.582465171813965,
  "0x5a9e": 5.798305988311768,
  "0x5a9f": 2.1014404296875,
  "0x623c": 6.802820205688477,
  "0x623d": 1.5985755920410156,
  "0x67f0": 4.697470188140869,
  "0x67f1": 1.5639047622680664,
  "0x6cb2": 10.80059814453125,
  "0x6cb3": 3.8999269008636475,
  "0x7228": 6.69910192489624,
  "0x7229": 2.9992079734802246,
  "0x2f5c": 4.298947334289551,
  "0x2f5d": 3.4002087116241455,
  "0x3c32": 6.50145149230957,
  "0x3c33": 3.699197292327881,
  "0x479a": 5.809880256652832,
  "0x479b": 3.992497444152832,
  "0x5212": 8.482996940612793,
  "0x5213": 2.582465171813965,
  "0x5aa0": 5.798305988311768,
  "0x5aa1": 2.1014404296875,
  "0x623e": 6.802820205688477,
  "0x623f": 1.5985755920410156,
  "0x67f2": 4.697470188140869,
  "0x67f3": 1.5639047622680664,
  "0x6cb4": 10.80059814453125,
  "0x6cb5": 3.8999269008636475,
  "0x722a": 6.69910192489624,
  "0x722b": 2.9992079734802246,
  "0x2f5e": 4.298947334289551,
  "0x2f5f": 3.4002087116241455,
  "0x3c34": 6.50145149230957,
  "0x3c35": 3.699197292327881,
  "0x479c": 5.809880256652832,
  "0x479d": 3.992497444152832,
  "0x5214": 8.482996940612793,
  "0x5215": 2.582465171813965,
  "0x5aa2": 5.798305988311768,
  "0x5aa3": 2.1014404296875,
  "0x6240": 6.802820205688477,
  "0x6241": 1.5985755920410156,
  "0x67f4": 4.697470188140869,
  "0x67f5": 1.5639047622680664,
  "0x6cb6": 10.80059814453125,
  "0x6cb7": 3.8999269008636475,
  "0x722c": 6.69910192489624,
  "0x722d": 2.9992079734802246
}