{
  "0x304e": 5.69990873336792,
  "0x304f": 0.6215739250183105,
  "0x3d24": 9.985918045043945,
  "0x3d25": 1.7070374488830566,
  "0x488c": 4.200362205505371,
  "0x488d": 1.9006417989730835,
  "0x5304": 5.811263561248779,
  "0x5305": 2.388638973236084,
  "0x5b92": 5.598097324371338,
  "0x5b93": 2.0971100330352783,
  "0x6330": 3.093350887298584,
  "0x6331": -0.06756285578012466,
  "0x68e4": 4.212445259094238,
  "0x68e5": 2.8948686122894287,
  "0x6da6": 10.099170684814453,
  "0x6da7": 3.496056079864502,
  "0x731c": 3.4848599433898926,
  "0x731d": -0.434138685464859,
  "0x77a0": 8.010273933410645,
  "0x77a1": 4.29112434387207,
  "0x3050": 5.69990873336792,
  "0x3051": 0.6215739250183105,
  "0x3d26": 9.985918045043945,
  "0x3d27": 1.7070374488830566,
  "0x488e": 4.200362205505371,
  "0x488f": 1.9006417989730835,
  "0x5306": 5.811263561248779,
  "0x5307": 2.388638973236084,
  "0x5b94": 5.598097324371338,
  "0x5b95": 2.0971100330352783,
  "0x6332": 3.093350887298584,
  "0x6333": 2.803894281387329,
  "0x68e6": 4.212445259094238,
  "0x68e7": 2.8948686122894287,
  "0x6da8": 10.099170684814453,
  "0x6da9": 3.496056079864502,
  "0x731e": 3.4848599433898926,
  "0x731f": 2.2136709690093994,
  "0x77a2": 8.010273933410645,
  "0x77a3": 4.29112434387207,
  "0x3052": 5.69990873336792,
  "0x3053": 0.6215739250183105,
  "0x3d28": 9.985918045043945,
  "0x3d29": 1.7070374488830566,
  "0x4890": 4.200362205505371,
  "0x4891": 1.9006417989730835,
  "0x5308": 5.811263561248779,
  "0x5309": 2.388638973236084,
  "0x5b96": 5.598097324371338,
  "0x5b97": 2.0971100330352783,
  "0x6334": 3.093350887298584,
  "0x6335": 2.803894281387329,
  "0x68e8": 4.212445259094238,
  "0x68e9": 2.8948686122894287,
  "0x6daa": 10.099170684814453,
  "0x6dab": 3.496056079864502,
  "0x7320": 3.4848599433898926,
  "0x7321": 2.2136709690093994,
  "0x77a4": 8.010273933410645,
  "0x77a5": 4.29112434387207,
  "0x3054": 5.69990873336792,
  "0x3055": 0.6215739250183105,
  "0x3d2a": 9.985918045043945,
  "0x3d2b": 0.024258337914943695,
  "0x4892": 4.200362205505371,
  "0x4893": 1.9006417989730835,
  "0x530a": 5.811263561248779,
  "0x530b": 2.388638973236084,
  "0x5b98": 5.598097324371338,
  "0x5b99": 2.0971100330352783,
  "0x6336": 3.093350887298584,
  "0x6337": 2.803894281387329,
  "0x68ea": 4.212445259094238,
  "0x68eb": 2.8948686122894287,
  "0x6dac": 10.099170684814453,
  "0x6dad": 3.496056079864502,
  "0x7322": 3.4848599433898926,
  "0x7323": -0.434138685464859,
  "0x77a6": 8.010273933410645,
  "0x77a7": 4.29112434387207,
  "0x3056": 5.69990873336792,
  "0x3057": 0.6215739250183105,
  "0x3d2c": 9.985918045043945,
  "0x3d2d": 1.7070374488830566,
  "0x4894": 4.200362205505371,
  "0x4895": 1.9006417989730835,
  "0x530c": 5.811263561248779,
  "0x530d": 2.388638973236084,
  "0x5b9a": 5.598097324371338,
  "0x5b9b": -0.13041043281555176,
  "0x6338": 3.093350887298584,
  "0x6339": 2.803894281387329,
  "0x68ec": 4.212445259094238,
  "0x68ed": 2.8948686122894287,
  "0x6dae": 10.099170684814453,
  "0x6daf": 3.496056079864502,
  "0x7324": 3.4848599433898926,
  "0x7325": 2.2136709690093994,
  "0x77a8": 8.010273933410645,
  "0x77a9": 4.29112434387207,
  "0x3058": 5.217038154602051,
  "0x3059": 0.6215739250183105,
  "0x3d2e": 9.985918045043945,
  "0x3d2f": 1.7070374488830566,
  "0x4896": 4.200362205505371,
  "0x4897": -0.1808236837387085,
  "0x530e": 5.811263561248779,
  "0x530f": 2.388638973236084,
  "0x5b9c": 5.598097324371338,
  "0x5b9d": 2.0971100330352783,
  "0x633a": 8.387514390051365e-05,
  "0x633b": 2.803894281387329,
  "0x68ee": 3.780973196029663,
  "0x68ef": 2.8948686122894287,
  "0x6db0": 10.099170684814453,
  "0x6db1": 3.496056079864502,
  "0x7326": 3.4848599433898926,
  "0x7327": 2.2136709690093994,
  "0x77aa": 8.010273933410645,
  "0x77ab": 4.29112434387207,
  "0x305a": 5.69990873336792,
  "0x305b": 0.6215739250183105,
  "0x3d30": 9.985918045043945,
  "0x3d31": 1.7070374488830566,
  "0x4898": 4.200362205505371,
  "0x4899": 1.9006417989730835,
  "0x5310": 5.811263561248779,
  "0x5311": 2.388638973236084,
  "0x5b9e": 5.598097324371338,
  "0x5b9f": 2.0971100330352783,
  "0x633c": 3.093350887298584,
  "0x633d": -0.06756285578012466,
  "0x68f0": 4.212445259094238,
  "0x68f1": 2.8948686122894287,
  "0x6db2": 10.099170684814453,
  "0x6db3": 3.496056079864502,
  "0x7328": 3.4848599433898926,
  "0x7329": 2.2136709690093994,
  "0x77ac": 8.010273933410645,
  "0x77ad": 4.29112434387207
}