{
  "0x2d4c": 8.701338768005371,
  "0x2d4d": 4.297680854797363,
  "0x3a22": 11.497174263000488,
  "0x3a23": 4.202361106872559,
  "0x458a": 9.302730560302734,
  "0x458b": 4.398585319519043,
  "0x5002": 9.098925590515137,
  "0x5003": 4.199644565582275,
  "0x5890": 6.637986660003662,
  "0x5891": 3.5365543365478516,
  "0x602e": 6.89677095413208,
  "0x602f": 2.6022636890411377,
  "0x2d4e": 8.701338768005371,
  "0x2d4f": 4.297680854797363,
  "0x3a24": 11.497174263000488,
  "0x3a25": 4.202361106872559,
  "0x458c": 9.302730560302734,
  "0x458d": 4.398585319519043,
  "0x5004": 9.098925590515137,
  "0x5005": 4.199644565582275,
  "0x5892": 6.637986660003662,
  "0x5893": 3.5365543365478516,
  "0x6030": 6.89677095413208,
  "0x6031": 2.6022636890411377,
  "0x2d50": 8.701338768005371,
  "0x2d51": 4.297680854797363,
  "0x3a26": 11.497174263000488,
  "0x3a27": 4.202361106872559,
  "0x458e": 9.302730560302734,
  "0x458f": 4.398585319519043,
  "0x5006": 9.098925590515137,
  "0x5007": 4.199644565582275,
  "0x5894": 6.637986660003662,
  "0x5895": 3.5365543365478516,
  "0x6032": 6.89677095413208,
  "0x6033": 2.6022636890411377,
  "0x2d52": 8.701338768005371,
  "0x2d53": 4.297680854797363,
  "0x3a28": 11.497174263000488,
  "0x3a29": 4.202361106872559,
  "0x4590": 9.302730560302734,
  "0x4591": 4.398585319519043,
  "0x5008": 9.098925590515137,
  "0x5009": 4.199644565582275,
  "0x5896": 6.637986660003662,
  "0x5897": 3.5365543365478516,
  "0x6034": 6.89677095413208,
  "0x6035": 2.6022636890411377,
  "0x2d54": 8.701338768005371,
  "0x2d55": 4.297680854797363,
  "0x3a2a": 11.497174263000488,
  "0x3a2b": 4.202361106872559,
  "0x4592": 9.302730560302734,
  "0x4593": 4.398585319519043,
  "0x500a": 9.098925590515137,
  "0x500b": 4.199644565582275,
  "0x5898": 6.637986660003662,
  "0x5899": 3.5365543365478516,
  "0x6036": 6.89677095413208,
  "0x6037": 2.6022636890411377,
  "0x2d56": 8.701338768005371,
  "0x2d57": 4.297680854797363,
  "0x3a2c": 11.497174263000488,
  "0x3a2d": 4.202361106872559,
  "0x4594": 9.302730560302734,
  "0x4595": 4.398585319519043,
  "0x500c": 9.098925590515137,
  "0x500d": 4.199644565582275,
  "0x589a": 6.637986660003662,
  "0x589b": 3.5365543365478516,
  "0x6038": 6.89677095413208,
  "0x6039": 2.6022636890411377,
  "0x2d58": 8.701338768005371,
  "0x2d59": 4.297680854797363,
  "0x3a2e": 11.497174263000488,
  "0x3a2f": 4.202361106872559,
  "0x4596": 9.302730560302734,
  "0x4597": 4.398585319519043,
  "0x500e": 9.098925590515137,
  "0x500f": 4.199644565582275,
  "0x589c": 6.637986660003662,
  "0x589d": 3.5365543365478516,
  "0x603a": 6.89677095413208,
  "0x603b": 2.6022636890411377
}