{
  "0x2e2c": 4.600961685180664,
  "0x2e2d": 2.9972641468048096,
  "0x3b02": 7.898683547973633,
  "0x3b03": 3.503974676132202,
  "0x466a": 7.100854873657227,
  "0x466b": 3.8968214988708496,
  "0x50e2": 7.296967029571533,
  "0x50e3": 3.2017037868499756,
  "0x5970": 4.905433654785156,
  "0x5971": 3.2974894046783447,
  "0x610e": 4.799261093139648,
  "0x610f": 3.0005061626434326,
  "0x2e2e": 4.600961685180664,
  "0x2e2f": 2.9972641468048096,
  "0x3b04": 7.898683547973633,
  "0x3b05": 3.503974676132202,
  "0x466c": 7.100854873657227,
  "0x466d": 3.8968214988708496,
  "0x50e4": 7.296967029571533,
  "0x50e5": 3.2017037868499756,
  "0x5972": 4.905433654785156,
  "0x5973": 3.2974894046783447,
  "0x6110": 4.799261093139648,
  "0x6111": 3.0005061626434326,
  "0x2e30": 4.617524147033691,
  "0x2e31": 3.3428494930267334,
  "0x3b06": 7.406713485717773,
  "0x3b07": 3.8348495960235596,
  "0x466e": 6.374783515930176,
  "0x466f": 3.8869359493255615,
  "0x50e6": 6.520340442657471,
  "0x50e7": 3.492530584335327,
  "0x5974": 4.475172519683838,
  "0x5975": 2.9373865127563477,
  "0x6112": 5.226789474487305,
  "0x6113": 3.038024663925171,
  "0x2e32": 4.600961685180664,
  "0x2e33": 2.9972641468048096,
  "0x3b08": 7.898683547973633,
  "0x3b09": 3.503974676132202,
  "0x4670": 7.100854873657227,
  "0x4671": 3.8968214988708496,
  "0x50e8": 7.296967029571533,
  "0x50e9": 3.2017037868499756,
  "0x5976": 4.905433654785156,
  "0x5977": 3.2974894046783447,
  "0x6114": 4.799261093139648,
  "0x6115": 3.0005061626434326,
  "0x66c8": 7.921792030334473,
  "0x66c9": 3.3546016216278076,
  "0x2e34": 4.600961685180664,
  "0x2e35": 2.9972641468048096,
  "0x3b0a": 7.898683547973633,
  "0x3b0b": 3.503974676132202,
  "0x4672": 7.100854873657227,
  "0x4673": 3.8968214988708496,
  "0x50ea": 7.296967029571533,
  "0x50eb": 3.2017037868499756,
  "0x5978": 4.905433654785156,
  "0x5979": 3.2974894046783447,
  "0x6116": 4.799261093139648,
  "0x6117": 3.0005061626434326,
  "0x66ca": 7.898683547973633,
  "0x66cb": 2.9972641468048096,
  "0x2e36": 4.600961685180664,
  "0x2e37": 2.9972641468048096,
  "0x3b0c": 7.898683547973633,
  "0x3b0d": 3.503974676132202,
  "0x4674": 7.100854873657227,
  "0x4675": 3.8968214988708496,
  "0x50ec": 7.296967029571533,
  "0x50ed": 3.2017037868499756,
  "0x597a": 4.905433654785156,
  "0x597b": 3.2974894046783447,
  "0x6118": 4.799261093139648,
  "0x6119": 3.0005061626434326,
  "0x66cc": 7.421326637268066,
  "0x66cd": 3.2454679012298584,
  "0x2e38": 4.600961685180664,
  "0x2e39": 2.9972641468048096,
  "0x3b0e": 7.898683547973633,
  "0x3b0f": 3.503974676132202,
  "0x4676": 7.100854873657227,
  "0x4677": 3.8968214988708496,
  "0x50ee": 7.296967029571533,
  "0x50ef": 3.2017037868499756,
  "0x597c": 4.905433654785156,
  "0x597d": 3.2974894046783447,
  "0x611a": 4.799261093139648,
  "0x611b": 3.0005061626434326,
  "0x66ce": 7.102518081665039,
  "0x66cf": 3.2017037868499756
}