{
  "0x4391": 7.518892765045166,
  "0x4e08": 2.973054885864258,
  "0x4e09": 6.17833137512207
}