{
  "0x2bd2": 6.799420356750488,
  "0x2bd3": 3.2004833221435547,
  "0x38a8": 9.231524467468262,
  "0x38a9": 3.68704891204834,
  "0x4410": 9.000190734863281,
  "0x4411": 3.600508213043213,
  "0x4e88": 8.890181541442871,
  "0x4e89": 3.1966559886932373,
  "0x5716": 5.161375999450684,
  "0x5717": 3.2464306354522705,
  "0x2bd4": 6.799420356750488,
  "0x2bd5": 3.2004833221435547,
  "0x38aa": 9.231524467468262,
  "0x38ab": 3.68704891204834,
  "0x4412": 9.000190734863281,
  "0x4413": 3.600508213043213,
  "0x4e8a": 8.890181541442871,
  "0x4e8b": 3.1966559886932373,
  "0x5718": 5.161375999450684,
  "0x5719": 3.2464306354522705,
  "0x2bd6": 6.799420356750488,
  "0x2bd7": 3.2004833221435547,
  "0x38ac": 9.231524467468262,
  "0x38ad": 3.68704891204834,
  "0x4414": 9.000190734863281,
  "0x4415": 3.600508213043213,
  "0x4e8c": 8.890181541442871,
  "0x4e8d": 3.1966559886932373,
  "0x571a": 5.161375999450684,
  "0x571b": 3.2464306354522705,
  "0x2bd8": 6.799420356750488,
  "0x2bd9": 3.2004833221435547,
  "0x38ae": 9.231524467468262,
  "0x38af": 3.68704891204834,
  "0x4416": 9.000190734863281,
  "0x4417": 3.600508213043213,
  "0x4e8e": 8.890181541442871,
  "0x4e8f": 3.1966559886932373,
  "0x571c": 5.161375999450684,
  "0x571d": 3.2464306354522705,
  "0x2bda": 6.799420356750488,
  "0x2bdb": 3.2004833221435547,
  "0x38b0": 9.231524467468262,
  "0x38b1": 3.68704891204834,
  "0x4418": 9.000190734863281,
  "0x4419": 3.600508213043213,
  "0x4e90": 8.890181541442871,
  "0x4e91": 3.1966559886932373,
  "0x571e": 5.161375999450684,
  "0x571f": 3.2464306354522705,
  "0x2bdc": 6.799420356750488,
  "0x2bdd": 3.2004833221435547,
  "0x38b2": 9.231524467468262,
  "0x38b3": 3.68704891204834,
  "0x441a": 9.000190734863281,
  "0x441b": 3.600508213043213,
  "0x4e92": 8.890181541442871,
  "0x4e93": 3.1966559886932373,
  "0x5720": 5.161375999450684,
  "0x5721": 3.2464306354522705,
  "0x2bde": 6.799420356750488,
  "0x2bdf": 3.2004833221435547,
  "0x38b4": 9.231524467468262,
  "0x38b5": 3.68704891204834,
  "0x441c": 9.000190734863281,
  "0x441d": 3.600508213043213,
  "0x4e94": 8.890181541442871,
  "0x4e95": 3.1966559886932373,
  "0x5722": 5.161375999450684,
  "0x5723": 3.2464306354522705
}