{
  "0x2e9c": 7.800168514251709,
  "0x2e9d": 3.399977684020996,
  "0x3b72": 9.898845672607422,
  "0x3b73": 3.6023285388946533,
  "0x46da": 8.098919868469238,
  "0x46db": 3.500457525253296,
  "0x5152": 6.60951042175293,
  "0x5153": 3.19189190864563,
  "0x59e0": 5.795331954956055,
  "0x59e1": 2.803370475769043,
  "0x617e": 6.100802898406982,
  "0x617f": 2.99876070022583,
  "0x6732": 5.20369815826416,
  "0x6733": 2.994528293609619,
  "0x716a": 8.299044609069824,
  "0x716b": 3.412785530090332,
  "0x2e9e": 7.800168514251709,
  "0x2e9f": 3.399977684020996,
  "0x3b74": 9.898845672607422,
  "0x3b75": 3.6023285388946533,
  "0x46dc": 8.098919868469238,
  "0x46dd": 3.500457525253296,
  "0x5154": 6.60951042175293,
  "0x5155": 3.19189190864563,
  "0x59e2": 5.795331954956055,
  "0x59e3": 2.803370475769043,
  "0x6180": 6.100802898406982,
  "0x6181": 2.99876070022583,
  "0x6734": 5.20369815826416,
  "0x6735": 2.994528293609619,
  "0x716c": 8.299044609069824,
  "0x716d": 3.412785530090332,
  "0x2ea0": 7.800168514251709,
  "0x2ea1": 3.399977684020996,
  "0x3b76": 9.898845672607422,
  "0x3b77": 3.6023285388946533,
  "0x46de": 8.098919868469238,
  "0x46df": 3.500457525253296,
  "0x5156": 6.60951042175293,
  "0x5157": 3.19189190864563,
  "0x59e4": 5.795331954956055,
  "0x59e5": 2.803370475769043,
  "0x6182": 6.100802898406982,
  "0x6183": 2.99876070022583,
  "0x6736": 5.20369815826416,
  "0x6737": 2.994528293609619,
  "0x716e": 8.299044609069824,
  "0x716f": 3.412785530090332,
  "0x2ea2": 7.800168514251709,
  "0x2ea3": 3.399977684020996,
  "0x3b78": 9.898845672607422,
  "0x3b79": 3.6023285388946533,
  "0x46e0": 8.098919868469238,
  "0x46e1": 3.500457525253296,
  "0x5158": 6.60951042175293,
  "0x5159": 3.19189190864563,
  "0x59e6": 5.795331954956055,
  "0x59e7": 2.803370475769043,
  "0x6184": 6.100802898406982,
  "0x6185": 2.99876070022583,
  "0x6738": 5.20369815826416,
  "0x6739": 2.994528293609619,
  "0x7170": 8.299044609069824,
  "0x7171": 3.412785530090332,
  "0x2ea4": 7.800168514251709,
  "0x2ea5": 3.399977684020996,
  "0x3b7a": 9.898845672607422,
  "0x3b7b": 3.6023285388946533,
  "0x46e2": 8.098919868469238,
  "0x46e3": 3.500457525253296,
  "0x515a": 6.60951042175293,
  "0x515b": 3.19189190864563,
  "0x59e8": 5.795331954956055,
  "0x59e9": 2.803370475769043,
  "0x6186": 6.100802898406982,
  "0x6187": 2.99876070022583,
  "0x673a": 5.20369815826416,
  "0x673b": 2.994528293609619,
  "0x7172": 8.299044609069824,
  "0x7173": 3.412785530090332,
  "0x2ea6": 7.800168514251709,
  "0x2ea7": 3.399977684020996,
  "0x3b7c": 9.898845672607422,
  "0x3b7d": 3.6023285388946533,
  "0x46e4": 8.098919868469238,
  "0x46e5": 3.500457525253296,
  "0x515c": 6.60951042175293,
  "0x515d": 3.19189190864563,
  "0x59ea": 5.795331954956055,
  "0x59eb": 2.803370475769043,
  "0x6188": 6.100802898406982,
  "0x6189": 2.99876070022583,
  "0x673c": 5.20369815826416,
  "0x673d": 2.994528293609619,
  "0x7174": 8.299044609069824,
  "0x7175": 3.412785530090332,
  "0x2ea8": 7.801367282867432,
  "0x2ea9": 3.3635647296905518,
  "0x3b7e": 9.892602920532227,
  "0x3b7f": 3.5582022666931152,
  "0x46e6": 8.138629913330078,
  "0x46e7": 3.4858474731445312,
  "0x515e": 6.46913480758667,
  "0x515f": 3.210942506790161,
  "0x59ec": 5.4152374267578125,
  "0x59ed": 2.849947214126587,
  "0x618a": 5.818484306335449,
  "0x618b": 3.022749423980713,
  "0x673e": 5.217091083526611,
  "0x673f": 3.1277589797973633,
  "0x7176": 8.267614364624023,
  "0x7177": 3.584350109100342
}