{
  "0x2dca": 8.600805282592773,
  "0x2dcb": 3.3001012802124023,
  "0x3aa0": 10.098875045776367,
  "0x3aa1": 4.199801921844482,
  "0x4608": 9.9979887008667,
  "0x4609": 3.9031143188476562,
  "0x5080": 8.40152645111084,
  "0x5081": 3.6982388496398926,
  "0x590e": 7.3002543449401855,
  "0x590f": 3.299243927001953,
  "0x60ac": 7.200070858001709,
  "0x60ad": 2.901000499725342,
  "0x2dcc": 8.600805282592773,
  "0x2dcd": 3.3001012802124023,
  "0x3aa2": 10.098875045776367,
  "0x3aa3": 4.199801921844482,
  "0x460a": 9.9979887008667,
  "0x460b": 3.9031143188476562,
  "0x5082": 8.40152645111084,
  "0x5083": 3.6982388496398926,
  "0x5910": 7.3002543449401855,
  "0x5911": 3.299243927001953,
  "0x60ae": 7.200070858001709,
  "0x60af": 2.901000499725342,
  "0x2dce": 8.600805282592773,
  "0x2dcf": 3.3001012802124023,
  "0x3aa4": 10.098875045776367,
  "0x3aa5": 4.199801921844482,
  "0x460c": 9.9979887008667,
  "0x460d": 3.9031143188476562,
  "0x5084": 8.40152645111084,
  "0x5085": 3.6982388496398926,
  "0x5912": 7.3002543449401855,
  "0x5913": 3.299243927001953,
  "0x60b0": 7.200070858001709,
  "0x60b1": 2.901000499725342,
  "0x2dd0": 8.600805282592773,
  "0x2dd1": 3.3001012802124023,
  "0x3aa6": 10.098875045776367,
  "0x3aa7": 4.199801921844482,
  "0x460e": 9.9979887008667,
  "0x460f": 3.9031143188476562,
  "0x5086": 8.40152645111084,
  "0x5087": 3.6982388496398926,
  "0x5914": 7.3002543449401855,
  "0x5915": 3.299243927001953,
  "0x60b2": 7.200070858001709,
  "0x60b3": 2.901000499725342,
  "0x2dd2": 8.600805282592773,
  "0x2dd3": 3.3001012802124023,
  "0x3aa8": 10.098875045776367,
  "0x3aa9": 4.199801921844482,
  "0x4610": 9.9979887008667,
  "0x4611": 3.9031143188476562,
  "0x5088": 8.40152645111084,
  "0x5089": 3.6982388496398926,
  "0x5916": 7.3002543449401855,
  "0x5917": 3.299243927001953,
  "0x60b4": 7.200070858001709,
  "0x60b5": 2.901000499725342,
  "0x2dd4": 8.600805282592773,
  "0x2dd5": 3.3001012802124023,
  "0x3aaa": 10.098875045776367,
  "0x3aab": 4.199801921844482,
  "0x4612": 9.9979887008667,
  "0x4613": 3.9031143188476562,
  "0x508a": 8.40152645111084,
  "0x508b": 3.6982388496398926,
  "0x5918": 7.3002543449401855,
  "0x5919": 3.299243927001953,
  "0x60b6": 7.200070858001709,
  "0x60b7": 2.901000499725342,
  "0x2dd6": 8.600805282592773,
  "0x2dd7": 3.3001012802124023,
  "0x3aac": 10.098875045776367,
  "0x3aad": 4.199801921844482,
  "0x4614": 9.9979887008667,
  "0x4615": 3.9031143188476562,
  "0x508c": 8.40152645111084,
  "0x508d": 3.6982388496398926,
  "0x591a": 7.3002543449401855,
  "0x591b": 3.299243927001953,
  "0x60b8": 7.200070858001709,
  "0x60b9": 2.901000499725342
}