{
  "0x304e": 5.700226306915283,
  "0x304f": 1.3126075267791748,
  "0x3d24": 9.998558044433594,
  "0x3d25": 1.704718828201294,
  "0x488c": 4.197146415710449,
  "0x488d": 1.901092767715454,
  "0x5304": 5.440810203552246,
  "0x5305": 2.4071178436279297,
  "0x5b92": 5.595818519592285,
  "0x5b93": 2.1028060913085938,
  "0x6330": 1.2446341514587402,
  "0x6331": 0.003393701510503888,
  "0x68e4": 4.153192043304443,
  "0x68e5": 2.7939610481262207,
  "0x6da6": 10.097691535949707,
  "0x6da7": 3.499210834503174,
  "0x731c": 3.4904634952545166,
  "0x731d": -0.1076347604393959,
  "0x77a0": 8.003478050231934,
  "0x77a1": 4.292481899261475,
  "0x3050": 5.700226306915283,
  "0x3051": 1.3126075267791748,
  "0x3d26": 9.998558044433594,
  "0x3d27": 1.704718828201294,
  "0x488e": 4.197146415710449,
  "0x488f": 1.901092767715454,
  "0x5306": 6.2692365646362305,
  "0x5307": 2.294072389602661,
  "0x5b94": 5.595818519592285,
  "0x5b95": 2.1028060913085938,
  "0x6332": 1.2446341514587402,
  "0x6333": 2.8009257316589355,
  "0x68e6": 4.153192043304443,
  "0x68e7": 2.7939610481262207,
  "0x6da8": 10.097691535949707,
  "0x6da9": 3.499210834503174,
  "0x731e": 3.4904634952545166,
  "0x731f": 2.209871768951416,
  "0x77a2": 8.003478050231934,
  "0x77a3": 4.292481899261475,
  "0x3052": 5.700226306915283,
  "0x3053": 1.3126075267791748,
  "0x3d28": 9.998558044433594,
  "0x3d29": 1.704718828201294,
  "0x4890": 4.197146415710449,
  "0x4891": 1.901092767715454,
  "0x5308": 6.445478439331055,
  "0x5309": 2.240173578262329,
  "0x5b96": 5.595818519592285,
  "0x5b97": 2.1028060913085938,
  "0x6334": 1.2446341514587402,
  "0x6335": 2.8009257316589355,
  "0x68e8": 4.153192043304443,
  "0x68e9": 2.7939610481262207,
  "0x6daa": 10.097691535949707,
  "0x6dab": 3.499210834503174,
  "0x7320": 3.4904634952545166,
  "0x7321": 2.209871768951416,
  "0x77a4": 8.003478050231934,
  "0x77a5": 4.292481899261475,
  "0x3054": 5.700226306915283,
  "0x3055": 1.3126075267791748,
  "0x3d2a": 9.998558044433594,
  "0x3d2b": 0.09471768140792847,
  "0x4892": 4.197146415710449,
  "0x4893": 1.901092767715454,
  "0x530a": 6.445478439331055,
  "0x530b": 2.240173578262329,
  "0x5b98": 5.595818519592285,
  "0x5b99": 2.1028060913085938,
  "0x6336": 1.2446341514587402,
  "0x6337": 2.8009257316589355,
  "0x68ea": 4.153192043304443,
  "0x68eb": 2.7939610481262207,
  "0x6dac": 10.097691535949707,
  "0x6dad": 3.499210834503174,
  "0x7322": 3.4904634952545166,
  "0x7323": -0.1076347604393959,
  "0x77a6": 8.003478050231934,
  "0x77a7": 4.292481899261475,
  "0x3056": 5.700226306915283,
  "0x3057": 1.3126075267791748,
  "0x3d2c": 9.998558044433594,
  "0x3d2d": 1.704718828201294,
  "0x4894": 4.197146415710449,
  "0x4895": 1.901092767715454,
  "0x530c": 6.445478439331055,
  "0x530d": 2.240173578262329,
  "0x5b9a": 5.595818519592285,
  "0x5b9b": -0.04884003475308418,
  "0x6338": 1.2446341514587402,
  "0x6339": 2.8009257316589355,
  "0x68ec": 4.153192043304443,
  "0x68ed": 2.7939610481262207,
  "0x6dae": 10.097691535949707,
  "0x6daf": 3.499210834503174,
  "0x7324": 3.4904634952545166,
  "0x7325": 2.209871768951416,
  "0x77a8": 8.003478050231934,
  "0x77a9": 4.292481899261475,
  "0x3058": 5.699954032897949,
  "0x3059": 1.3126075267791748,
  "0x3d2e": 9.998558044433594,
  "0x3d2f": 1.704718828201294,
  "0x4896": 4.197146415710449,
  "0x4897": -0.10955879837274551,
  "0x530e": 6.445478439331055,
  "0x530f": 2.240173578262329,
  "0x5b9c": 5.595818519592285,
  "0x5b9d": 2.1028060913085938,
  "0x633a": 0.46815192699432373,
  "0x633b": 2.9424753189086914,
  "0x68ee": 3.054482936859131,
  "0x68ef": 2.7939610481262207,
  "0x6db0": 10.097691535949707,
  "0x6db1": 3.499210834503174,
  "0x7326": 3.4904634952545166,
  "0x7327": 2.209871768951416,
  "0x77aa": 8.003478050231934,
  "0x77ab": 4.292481899261475,
  "0x305a": 5.700226306915283,
  "0x305b": 1.3126075267791748,
  "0x3d30": 9.998558044433594,
  "0x3d31": 1.704718828201294,
  "0x4898": 4.197146415710449,
  "0x4899": 1.901092767715454,
  "0x5310": 6.445478439331055,
  "0x5311": 2.240173578262329,
  "0x5b9e": 5.595818519592285,
  "0x5b9f": 2.1028060913085938,
  "0x633c": 1.2338802814483643,
  "0x633d": 0.04170454666018486,
  "0x68f0": 4.153192043304443,
  "0x68f1": 2.7939610481262207,
  "0x6db2": 10.097691535949707,
  "0x6db3": 3.499210834503174,
  "0x7328": 3.4904634952545166,
  "0x7329": 2.209871768951416,
  "0x77ac": 8.003478050231934,
  "0x77ad": 4.292481899261475
}