{
  "0x2f60": 6.512513637542725,
  "0x2f61": 1.5935649871826172,
  "0x3c36": 8.821920394897461,
  "0x3c37": 2.8983352184295654,
  "0x479e": 8.445560455322266,
  "0x479f": 3.153907060623169,
  "0x5216": 5.348044395446777,
  "0x5217": 3.5589377880096436,
  "0x5aa4": 4.224937915802002,
  "0x5aa5": 2.2008399963378906,
  "0x6242": 6.479690074920654,
  "0x6243": 1.0554828643798828,
  "0x67f6": 4.683653354644775,
  "0x67f7": 1.5294774770736694,
  "0x6cb8": 9.651884078979492,
  "0x6cb9": 2.6665866374969482,
  "0x722e": 8.585803031921387,
  "0x722f": 2.7982189655303955,
  "0x2f62": 6.512513637542725,
  "0x2f63": 1.5935649871826172,
  "0x3c38": 8.821920394897461,
  "0x3c39": 2.8983352184295654,
  "0x47a0": 8.445560455322266,
  "0x47a1": 3.153907060623169,
  "0x5218": 5.348044395446777,
  "0x5219": 3.5589377880096436,
  "0x5aa6": 4.224937915802002,
  "0x5aa7": 2.2008399963378906,
  "0x6244": 6.479690074920654,
  "0x6245": 1.0554828643798828,
  "0x67f8": 4.683653354644775,
  "0x67f9": 1.5294774770736694,
  "0x6cba": 9.651884078979492,
  "0x6cbb": 2.6665866374969482,
  "0x7230": 8.585803031921387,
  "0x7231": 2.7982189655303955,
  "0x76b4": 9.052364349365234,
  "0x76b5": 2.115405559539795,
  "0x2f64": 6.512513637542725,
  "0x2f65": 1.5935649871826172,
  "0x3c3a": 8.821920394897461,
  "0x3c3b": 2.8983352184295654,
  "0x47a2": 8.445560455322266,
  "0x47a3": 3.153907060623169,
  "0x521a": 5.348044395446777,
  "0x521b": 3.5589377880096436,
  "0x5aa8": 4.224937915802002,
  "0x5aa9": 2.2008399963378906,
  "0x6246": 6.479690074920654,
  "0x6247": 1.0554828643798828,
  "0x67fa": 4.6833648681640625,
  "0x67fb": 1.5268933773040771,
  "0x6cbc": 9.651884078979492,
  "0x6cbd": 2.6665866374969482,
  "0x7232": 8.585803031921387,
  "0x7233": 2.7982189655303955,
  "0x76b6": 9.051687240600586,
  "0x76b7": 1.6007773876190186,
  "0x2f66": 6.512513637542725,
  "0x2f67": 1.5935649871826172,
  "0x3c3c": 8.821920394897461,
  "0x3c3d": 2.8983352184295654,
  "0x47a4": 8.445560455322266,
  "0x47a5": 3.153907060623169,
  "0x521c": 5.290188312530518,
  "0x521d": 3.233614921569824,
  "0x5aaa": 4.224937915802002,
  "0x5aab": 2.2008399963378906,
  "0x6248": 6.479690074920654,
  "0x6249": 1.0554828643798828,
  "0x67fc": 4.683653354644775,
  "0x67fd": 1.5294774770736694,
  "0x6cbe": 9.651884078979492,
  "0x6cbf": 2.6665866374969482,
  "0x7234": 8.585803031921387,
  "0x7235": 2.7982189655303955,
  "0x76b8": 9.044482231140137,
  "0x76b9": 2.115405559539795,
  "0x2f68": 6.512513637542725,
  "0x2f69": 1.5935649871826172,
  "0x3c3e": 8.821920394897461,
  "0x3c3f": 2.8983352184295654,
  "0x47a6": 8.445560455322266,
  "0x47a7": 3.153907060623169,
  "0x521e": 5.290188312530518,
  "0x521f": 3.233614921569824,
  "0x5aac": 4.224937915802002,
  "0x5aad": 2.2008399963378906,
  "0x624a": 6.479690074920654,
  "0x624b": 1.0554828643798828,
  "0x67fe": 4.730346202850342,
  "0x67ff": 1.524278998374939,
  "0x6cc0": 9.651884078979492,
  "0x6cc1": 2.6665866374969482,
  "0x7236": 8.585803031921387,
  "0x7237": 2.7982189655303955,
  "0x76ba": 8.973505973815918,
  "0x76bb": 2.117743968963623,
  "0x2f6a": 6.512513637542725,
  "0x2f6b": 1.5935649871826172,
  "0x3c40": 8.821920394897461,
  "0x3c41": 2.8983352184295654,
  "0x47a8": 8.430200576782227,
  "0x47a9": 3.2116477489471436,
  "0x5220": 5.932705879211426,
  "0x5221": 3.243173599243164,
  "0x5aae": 4.224937915802002,
  "0x5aaf": 2.2008399963378906,
  "0x624c": 6.479690074920654,
  "0x624d": 1.0554828643798828,
  "0x6800": 4.730346202850342,
  "0x6801": 1.524278998374939,
  "0x6cc2": 9.651884078979492,
  "0x6cc3": 2.6665866374969482,
  "0x7238": 8.585803031921387,
  "0x7239": 2.7982189655303955,
  "0x76bc": 8.973505973815918,
  "0x76bd": 2.115405559539795,
  "0x2f6c": 6.512513637542725,
  "0x2f6d": 1.5935649871826172,
  "0x3c42": 8.821920394897461,
  "0x3c43": 2.8983352184295654,
  "0x47aa": 8.14696979522705,
  "0x47ab": 2.9965641498565674,
  "0x5222": 5.932705879211426,
  "0x5223": 3.243173599243164,
  "0x5ab0": 4.224937915802002,
  "0x5ab1": 2.2008399963378906,
  "0x624e": 6.479690074920654,
  "0x624f": 1.0554828643798828,
  "0x6802": 4.730346202850342,
  "0x6803": 1.524278998374939,
  "0x6cc4": 9.651884078979492,
  "0x6cc5": 2.6665866374969482,
  "0x723a": 8.585803031921387,
  "0x723b": 2.7982189655303955,
  "0x76be": 9.044482231140137,
  "0x76bf": 2.115405559539795
}