{
  "0x2d4c": 8.700118064880371,
  "0x2d4d": 4.297788143157959,
  "0x3a22": 11.496829986572266,
  "0x3a23": 4.203037738800049,
  "0x458a": 9.304353713989258,
  "0x458b": 4.396764755249023,
  "0x5002": 9.096710205078125,
  "0x5003": 4.202507019042969,
  "0x5890": 6.006088733673096,
  "0x5891": 3.3981285095214844,
  "0x602e": 6.896152019500732,
  "0x602f": 2.601818561553955,
  "0x2d4e": 8.700118064880371,
  "0x2d4f": 4.297788143157959,
  "0x3a24": 11.496829986572266,
  "0x3a25": 4.203037738800049,
  "0x458c": 9.304353713989258,
  "0x458d": 4.396764755249023,
  "0x5004": 9.096710205078125,
  "0x5005": 4.202507019042969,
  "0x5892": 6.006088733673096,
  "0x5893": 3.3981285095214844,
  "0x6030": 6.896152019500732,
  "0x6031": 2.601818561553955,
  "0x2d50": 8.700118064880371,
  "0x2d51": 4.297788143157959,
  "0x3a26": 11.496829986572266,
  "0x3a27": 4.203037738800049,
  "0x458e": 9.304353713989258,
  "0x458f": 4.396764755249023,
  "0x5006": 9.096710205078125,
  "0x5007": 4.202507019042969,
  "0x5894": 6.006088733673096,
  "0x5895": 3.3981285095214844,
  "0x6032": 6.896152019500732,
  "0x6033": 2.601818561553955,
  "0x2d52": 8.700118064880371,
  "0x2d53": 4.297788143157959,
  "0x3a28": 11.496829986572266,
  "0x3a29": 4.203037738800049,
  "0x4590": 9.304353713989258,
  "0x4591": 4.396764755249023,
  "0x5008": 9.096710205078125,
  "0x5009": 4.202507019042969,
  "0x5896": 6.006088733673096,
  "0x5897": 3.3981285095214844,
  "0x6034": 6.896152019500732,
  "0x6035": 2.601818561553955,
  "0x2d54": 8.700118064880371,
  "0x2d55": 4.297788143157959,
  "0x3a2a": 11.496829986572266,
  "0x3a2b": 4.203037738800049,
  "0x4592": 9.304353713989258,
  "0x4593": 4.396764755249023,
  "0x500a": 9.096710205078125,
  "0x500b": 4.202507019042969,
  "0x5898": 6.006088733673096,
  "0x5899": 3.3981285095214844,
  "0x6036": 6.896152019500732,
  "0x6037": 2.601818561553955,
  "0x2d56": 8.700118064880371,
  "0x2d57": 4.297788143157959,
  "0x3a2c": 11.496829986572266,
  "0x3a2d": 4.203037738800049,
  "0x4594": 9.304353713989258,
  "0x4595": 4.396764755249023,
  "0x500c": 9.096710205078125,
  "0x500d": 4.202507019042969,
  "0x589a": 6.006088733673096,
  "0x589b": 3.3981285095214844,
  "0x6038": 6.896152019500732,
  "0x6039": 2.601818561553955,
  "0x2d58": 8.700118064880371,
  "0x2d59": 4.297788143157959,
  "0x3a2e": 11.496829986572266,
  "0x3a2f": 4.203037738800049,
  "0x4596": 9.304353713989258,
  "0x4597": 4.396764755249023,
  "0x500e": 9.096710205078125,
  "0x500f": 4.202507019042969,
  "0x589c": 6.006088733673096,
  "0x589d": 3.3981285095214844,
  "0x603a": 6.896152019500732,
  "0x603b": 2.601818561553955
}