{
  "0x2cea": 9.8973970413208,
  "0x2ceb": 4.70028829574585,
  "0x39c0": 12.205636978149414,
  "0x39c1": 5.496896266937256,
  "0x4528": 12.590313911437988,
  "0x4529": 4.803773880004883,
  "0x4fa0": 10.901844024658203,
  "0x4fa1": 3.60406494140625,
  "0x582e": 8.901069641113281,
  "0x582f": 4.398924350738525,
  "0x5fcc": 7.700353622436523,
  "0x5fcd": 3.6008267402648926,
  "0x2cec": 9.8973970413208,
  "0x2ced": 4.70028829574585,
  "0x39c2": 12.205636978149414,
  "0x39c3": 5.496896266937256,
  "0x452a": 12.590313911437988,
  "0x452b": 4.803773880004883,
  "0x4fa2": 10.901844024658203,
  "0x4fa3": 3.60406494140625,
  "0x5830": 8.901069641113281,
  "0x5831": 4.398924350738525,
  "0x5fce": 7.700353622436523,
  "0x5fcf": 3.6008267402648926,
  "0x2cee": 9.8973970413208,
  "0x2cef": 4.70028829574585,
  "0x39c4": 12.205636978149414,
  "0x39c5": 5.496896266937256,
  "0x452c": 12.590313911437988,
  "0x452d": 4.803773880004883,
  "0x4fa4": 10.901844024658203,
  "0x4fa5": 3.60406494140625,
  "0x5832": 8.901069641113281,
  "0x5833": 4.398924350738525,
  "0x5fd0": 7.700353622436523,
  "0x5fd1": 3.6008267402648926,
  "0x2cf0": 9.8973970413208,
  "0x2cf1": 4.70028829574585,
  "0x39c6": 12.205636978149414,
  "0x39c7": 5.496896266937256,
  "0x452e": 12.590313911437988,
  "0x452f": 4.803773880004883,
  "0x4fa6": 10.901844024658203,
  "0x4fa7": 3.60406494140625,
  "0x5834": 8.901069641113281,
  "0x5835": 4.398924350738525,
  "0x5fd2": 7.700353622436523,
  "0x5fd3": 3.6008267402648926,
  "0x2cf2": 9.8973970413208,
  "0x2cf3": 4.70028829574585,
  "0x39c8": 12.205636978149414,
  "0x39c9": 5.496896266937256,
  "0x4530": 12.590313911437988,
  "0x4531": 4.803773880004883,
  "0x4fa8": 10.901844024658203,
  "0x4fa9": 3.60406494140625,
  "0x5836": 8.901069641113281,
  "0x5837": 4.398924350738525,
  "0x5fd4": 7.700353622436523,
  "0x5fd5": 3.6008267402648926,
  "0x2cf4": 9.8973970413208,
  "0x2cf5": 4.70028829574585,
  "0x39ca": 12.205636978149414,
  "0x39cb": 5.496896266937256,
  "0x4532": 12.590313911437988,
  "0x4533": 4.803773880004883,
  "0x4faa": 10.901844024658203,
  "0x4fab": 3.60406494140625,
  "0x5838": 8.901069641113281,
  "0x5839": 4.398924350738525,
  "0x5fd6": 7.700353622436523,
  "0x5fd7": 3.6008267402648926,
  "0x2cf6": 9.8973970413208,
  "0x2cf7": 4.70028829574585,
  "0x39cc": 12.205636978149414,
  "0x39cd": 5.496896266937256,
  "0x4534": 12.590313911437988,
  "0x4535": 4.803773880004883,
  "0x4fac": 10.901844024658203,
  "0x4fad": 3.60406494140625,
  "0x583a": 8.901069641113281,
  "0x583b": 4.398924350738525,
  "0x5fd8": 7.700353622436523,
  "0x5fd9": 3.6008267402648926
}