{
  "0x2dbc": 7.62560510635376,
  "0x2dbd": 4.129073619842529,
  "0x3a92": 10.264405250549316,
  "0x3a93": 4.224290370941162,
  "0x45fa": 8.753251075744629,
  "0x45fb": 3.874943494796753,
  "0x5072": 9.279754638671875,
  "0x5073": 3.953965425491333,
  "0x5900": 7.15180778503418,
  "0x5901": 3.067781448364258,
  "0x609e": 7.397912502288818,
  "0x609f": 3.2819619178771973,
  "0x2dbe": 7.544841766357422,
  "0x2dbf": 4.02189302444458,
  "0x3a94": 9.979385375976562,
  "0x3a95": 4.2958879470825195,
  "0x45fc": 8.354825973510742,
  "0x45fd": 3.8432910442352295,
  "0x5074": 8.549897193908691,
  "0x5075": 3.7982325553894043,
  "0x5902": 6.672357559204102,
  "0x5903": 2.8023602962493896,
  "0x60a0": 7.275933742523193,
  "0x60a1": 3.335437774658203,
  "0x2dc0": 7.500966548919678,
  "0x2dc1": 4.296670913696289,
  "0x3a96": 9.999255180358887,
  "0x3a97": 4.3026556968688965,
  "0x45fe": 8.89795970916748,
  "0x45ff": 3.9001107215881348,
  "0x5076": 8.801980972290039,
  "0x5077": 3.7982325553894043,
  "0x5904": 7.302106857299805,
  "0x5905": 2.999924898147583,
  "0x60a2": 7.597559452056885,
  "0x60a3": 3.6017684936523438,
  "0x2dc2": 7.500966548919678,
  "0x2dc3": 4.296670913696289,
  "0x3a98": 9.999255180358887,
  "0x3a99": 4.3026556968688965,
  "0x4600": 8.89795970916748,
  "0x4601": 3.9001107215881348,
  "0x5078": 8.801980972290039,
  "0x5079": 3.7982325553894043,
  "0x5906": 7.302106857299805,
  "0x5907": 2.999924898147583,
  "0x60a4": 7.597559452056885,
  "0x60a5": 3.6017684936523438,
  "0x2dc4": 7.500966548919678,
  "0x2dc5": 4.296670913696289,
  "0x3a9a": 9.999255180358887,
  "0x3a9b": 4.3026556968688965,
  "0x4602": 8.89795970916748,
  "0x4603": 3.9001107215881348,
  "0x507a": 8.801980972290039,
  "0x507b": 3.7982325553894043,
  "0x5908": 7.302106857299805,
  "0x5909": 2.999924898147583,
  "0x60a6": 7.597559452056885,
  "0x60a7": 3.6017684936523438,
  "0x2dc6": 7.500966548919678,
  "0x2dc7": 4.296670913696289,
  "0x3a9c": 9.999255180358887,
  "0x3a9d": 4.3026556968688965,
  "0x4604": 8.89795970916748,
  "0x4605": 3.9001107215881348,
  "0x507c": 8.801980972290039,
  "0x507d": 3.7982325553894043,
  "0x590a": 7.302106857299805,
  "0x590b": 2.999924898147583,
  "0x60a8": 7.597559452056885,
  "0x60a9": 3.6017684936523438,
  "0x2dc8": 7.500966548919678,
  "0x2dc9": 4.296670913696289,
  "0x3a9e": 9.999255180358887,
  "0x3a9f": 4.3026556968688965,
  "0x4606": 8.89795970916748,
  "0x4607": 3.9001107215881348,
  "0x507e": 8.801980972290039,
  "0x507f": 3.7982325553894043,
  "0x590c": 7.302106857299805,
  "0x590d": 2.999924898147583,
  "0x60aa": 7.597559452056885,
  "0x60ab": 3.6017684936523438
}