{
  "0x2f52": 5.9,
  "0x2f53": 3.7,
  "0x3c28": 7.4,
  "0x3c29": 4.5,
  "0x4790": 7.800000000000002,
  "0x4791": 2.4000000000000004,
  "0x5208": 5.199999999999998,
  "0x5209": 2.6,
  "0x5a96": 2.8,
  "0x5a97": 2.3,
  "0x6234": 4.9,
  "0x6235": 2.9,
  "0x67e8": 3.5,
  "0x67e9": 1.2000000000000002,
  "0x6caa": 8.0,
  "0x6cab": 2.9,
  "0x7220": 7.4,
  "0x7221": 2.2,
  "0x2f54": 7.6,
  "0x2f55": 2.5,
  "0x3c2a": 7.6,
  "0x3c2b": 3.8,
  "0x4792": 8.0,
  "0x4793": 2.4000000000000004,
  "0x520a": 4.800000000000002,
  "0x520b": 3.2,
  "0x5a98": 3.4000000000000004,
  "0x5a99": 1.7000000000000002,
  "0x6236": 7.5,
  "0x6237": 2.3,
  "0x67ea": 4.1,
  "0x67eb": 1.2999999999999998,
  "0x6cac": 7.9,
  "0x6cad": 1.7000000000000002,
  "0x7222": 9.4,
  "0x7223": 3.6,
  "0x2f56": 8.0,
  "0x2f57": 3.4000000000000004,
  "0x3c2c": 11.6,
  "0x3c2d": 2.1,
  "0x4794": 9.9,
  "0x4795": 3.0,
  "0x520c": 8.5,
  "0x520d": 2.6,
  "0x5a9a": 5.9,
  "0x5a9b": 3.0,
  "0x6238": 5.4,
  "0x6239": 2.8,
  "0x67ec": 3.6,
  "0x67ed": 2.4,
  "0x6cae": 13.6,
  "0x6caf": 3.1,
  "0x7224": 6.800000000000002,
  "0x7225": 3.0,
  "0x2f58": 7.9,
  "0x2f59": 3.1,
  "0x3c2e": 9.1,
  "0x3c2f": 2.7,
  "0x4796": 10.9,
  "0x4797": 3.7,
  "0x520e": 10.1,
  "0x520f": 2.8,
  "0x5a9c": 6.5,
  "0x5a9d": 2.8,
  "0x623a": 5.9,
  "0x623b": 2.1,
  "0x67ee": 6.0,
  "0x67ef": 2.0,
  "0x6cb0": 10.4,
  "0x6cb1": 4.1,
  "0x7226": 10.5,
  "0x7227": 3.9,
  "0x2f5a": 6.0,
  "0x2f5b": 3.7,
  "0x3c30": 11.2,
  "0x3c31": 5.5,
  "0x4798": 10.8,
  "0x4799": 4.6,
  "0x5210": 6.699999999999998,
  "0x5211": 3.0,
  "0x5a9e": 6.0,
  "0x5a9f": 2.3,
  "0x623c": 7.0,
  "0x623d": 2.5,
  "0x67f0": 3.5,
  "0x67f1": 2.7,
  "0x6cb2": 11.1,
  "0x6cb3": 4.3,
  "0x7228": 8.9,
  "0x7229": 5.7,
  "0x2f5c": 4.699999999999998,
  "0x2f5d": 2.6,
  "0x3c32": 8.0,
  "0x3c33": 3.5,
  "0x479a": 5.9,
  "0x479b": 1.5,
  "0x5212": 6.9,
  "0x5213": 1.0,
  "0x5aa0": 2.2,
  "0x5aa1": 1.2000000000000002,
  "0x623e": 6.6,
  "0x623f": 2.3,
  "0x67f2": 4.8,
  "0x67f3": 1.4,
  "0x6cb4": 8.4,
  "0x6cb5": 1.7999999999999998,
  "0x722a": 9.2,
  "0x722b": 2.3,
  "0x2f5e": 6.6,
  "0x2f5f": 1.6,
  "0x3c34": 8.0,
  "0x3c35": 2.9000000000000004,
  "0x479c": 8.6,
  "0x479d": 3.1,
  "0x5214": 5.300000000000002,
  "0x5215": 3.7,
  "0x5aa2": 4.300000000000002,
  "0x5aa3": 2.2,
  "0x6240": 6.6,
  "0x6241": 1.0,
  "0x67f4": 4.9,
  "0x67f5": 2.1,
  "0x6cb6": 9.8,
  "0x6cb7": 2.5,
  "0x722c": 7.800000000000002,
  "0x722d": 2.8
}