{
  "0x2cf8": 9.398189544677734,
  "0x2cf9": 4.49990177154541,
  "0x39ce": 10.100462913513184,
  "0x39cf": 4.802125930786133,
  "0x4536": 11.405438423156738,
  "0x4537": 5.096675395965576,
  "0x4fae": 11.394686698913574,
  "0x4faf": 5.104342460632324,
  "0x583c": 7.994260311126709,
  "0x583d": 4.273200035095215,
  "0x5fda": 7.998255252838135,
  "0x5fdb": 3.600173234939575,
  "0x2cfa": 9.398189544677734,
  "0x2cfb": 4.49990177154541,
  "0x39d0": 10.100462913513184,
  "0x39d1": 4.802125930786133,
  "0x4538": 11.405438423156738,
  "0x4539": 5.096675395965576,
  "0x4fb0": 11.394686698913574,
  "0x4fb1": 5.104342460632324,
  "0x583e": 7.994260311126709,
  "0x583f": 4.273200035095215,
  "0x5fdc": 7.998255252838135,
  "0x5fdd": 3.600173234939575,
  "0x2cfc": 9.398189544677734,
  "0x2cfd": 4.49990177154541,
  "0x39d2": 10.100462913513184,
  "0x39d3": 4.802125930786133,
  "0x453a": 11.405438423156738,
  "0x453b": 5.096675395965576,
  "0x4fb2": 11.394686698913574,
  "0x4fb3": 5.104342460632324,
  "0x5840": 7.994260311126709,
  "0x5841": 4.273200035095215,
  "0x5fde": 7.998255252838135,
  "0x5fdf": 3.600173234939575,
  "0x2cfe": 9.398189544677734,
  "0x2cff": 4.49990177154541,
  "0x39d4": 10.100462913513184,
  "0x39d5": 4.802125930786133,
  "0x453c": 11.405438423156738,
  "0x453d": 5.096675395965576,
  "0x4fb4": 11.394686698913574,
  "0x4fb5": 5.104342460632324,
  "0x5842": 7.994260311126709,
  "0x5843": 4.273200035095215,
  "0x5fe0": 7.998255252838135,
  "0x5fe1": 3.600173234939575,
  "0x2d00": 9.398189544677734,
  "0x2d01": 4.49990177154541,
  "0x39d6": 10.100462913513184,
  "0x39d7": 4.802125930786133,
  "0x453e": 11.405438423156738,
  "0x453f": 5.096675395965576,
  "0x4fb6": 11.394686698913574,
  "0x4fb7": 5.104342460632324,
  "0x5844": 7.994260311126709,
  "0x5845": 4.273200035095215,
  "0x5fe2": 7.998255252838135,
  "0x5fe3": 3.600173234939575,
  "0x2d02": 9.398189544677734,
  "0x2d03": 4.49990177154541,
  "0x39d8": 10.100462913513184,
  "0x39d9": 4.802125930786133,
  "0x4540": 11.405438423156738,
  "0x4541": 5.096675395965576,
  "0x4fb8": 11.394686698913574,
  "0x4fb9": 5.104342460632324,
  "0x5846": 7.994260311126709,
  "0x5847": 4.273200035095215,
  "0x5fe4": 7.998255252838135,
  "0x5fe5": 3.600173234939575,
  "0x2d04": 9.398189544677734,
  "0x2d05": 4.49990177154541,
  "0x39da": 10.100462913513184,
  "0x39db": 4.802125930786133,
  "0x4542": 11.405438423156738,
  "0x4543": 5.096675395965576,
  "0x4fba": 11.394686698913574,
  "0x4fbb": 5.104342460632324,
  "0x5848": 7.994260311126709,
  "0x5849": 4.273200035095215,
  "0x5fe6": 7.998255252838135,
  "0x5fe7": 3.600173234939575
}