{
  "0x2f28": 4.868844985961914,
  "0x2f29": 2.3342366218566895,
  "0x3bfe": 8.073298454284668,
  "0x3bff": 3.698166847229004,
  "0x4766": 6.224884510040283,
  "0x4767": 2.6949546337127686,
  "0x51de": 6.592674255371094,
  "0x51df": 3.213939905166626,
  "0x5a6c": 5.092150688171387,
  "0x5a6d": 1.4782694578170776,
  "0x620a": 4.49437141418457,
  "0x620b": 2.2136428356170654,
  "0x67be": 4.139735698699951,
  "0x67bf": 1.4333765506744385,
  "0x6c80": 8.122739791870117,
  "0x6c81": 3.5670979022979736,
  "0x71f6": 6.577929496765137,
  "0x71f7": 3.3475379943847656,
  "0x2f2a": 4.87193489074707,
  "0x2f2b": 2.3401803970336914,
  "0x3c00": 8.068652153015137,
  "0x3c01": 3.6825428009033203,
  "0x4768": 6.253380298614502,
  "0x4769": 2.711885452270508,
  "0x51e0": 6.58458137512207,
  "0x51e1": 3.275179862976074,
  "0x5a6e": 5.092150688171387,
  "0x5a6f": 1.479996919631958,
  "0x620c": 4.49437141418457,
  "0x620d": 2.2153704166412354,
  "0x67c0": 4.139735698699951,
  "0x67c1": 1.4333765506744385,
  "0x6c82": 8.122739791870117,
  "0x6c83": 3.5670979022979736,
  "0x71f8": 6.484601020812988,
  "0x71f9": 3.3444979190826416,
  "0x2f2c": 4.898346424102783,
  "0x2f2d": 2.7007668018341064,
  "0x3c02": 8.050756454467773,
  "0x3c03": 3.694624662399292,
  "0x476a": 6.240291118621826,
  "0x476b": 2.7105281352996826,
  "0x51e2": 6.562006950378418,
  "0x51e3": 3.3583829402923584,
  "0x5a70": 5.099144458770752,
  "0x5a71": 1.4017475843429565,
  "0x620e": 4.497511863708496,
  "0x620f": 2.352440118789673,
  "0x67c2": 4.148773670196533,
  "0x67c3": 1.4130150079727173,
  "0x6c84": 8.1317777633667,
  "0x6c85": 3.546736240386963,
  "0x71fa": 6.542418479919434,
  "0x71fb": 3.3537802696228027,
  "0x2f2e": 4.898346424102783,
  "0x2f2f": 2.7007668018341064,
  "0x3c04": 8.050756454467773,
  "0x3c05": 3.694624662399292,
  "0x476c": 6.240291118621826,
  "0x476d": 2.7105281352996826,
  "0x51e4": 6.562006950378418,
  "0x51e5": 3.3583829402923584,
  "0x5a72": 5.099144458770752,
  "0x5a73": 1.4017475843429565,
  "0x6210": 4.497511863708496,
  "0x6211": 2.352440118789673,
  "0x67c4": 4.148773670196533,
  "0x67c5": 1.4130150079727173,
  "0x6c86": 7.890010833740234,
  "0x6c87": 3.546736240386963,
  "0x71fc": 6.542418479919434,
  "0x71fd": 3.3537802696228027,
  "0x2f30": 4.898346424102783,
  "0x2f31": 2.7007668018341064,
  "0x3c06": 8.050756454467773,
  "0x3c07": 3.694624662399292,
  "0x476e": 6.240291118621826,
  "0x476f": 2.7105281352996826,
  "0x51e6": 6.545453071594238,
  "0x51e7": 3.3099796772003174,
  "0x5a74": 5.099144458770752,
  "0x5a75": 1.4017475843429565,
  "0x6212": 4.497511863708496,
  "0x6213": 2.352440118789673,
  "0x67c6": 4.148773670196533,
  "0x67c7": 1.4130150079727173,
  "0x6c88": 7.890010833740234,
  "0x6c89": 3.546736240386963,
  "0x71fe": 6.542418479919434,
  "0x71ff": 3.3537802696228027,
  "0x2f32": 4.897217750549316,
  "0x2f33": 2.6828324794769287,
  "0x3c08": 8.050756454467773,
  "0x3c09": 3.694624662399292,
  "0x4770": 6.240291118621826,
  "0x4771": 2.7105281352996826,
  "0x51e8": 6.545453071594238,
  "0x51e9": 3.3099796772003174,
  "0x5a76": 5.099144458770752,
  "0x5a77": 1.4017475843429565,
  "0x6214": 4.497511863708496,
  "0x6215": 2.352440118789673,
  "0x67c8": 4.148773670196533,
  "0x67c9": 1.4130150079727173,
  "0x6c8a": 7.890010833740234,
  "0x6c8b": 3.546736240386963,
  "0x7200": 6.542418479919434,
  "0x7201": 3.3537802696228027,
  "0x2f34": 4.9117045402526855,
  "0x2f35": 2.4276282787323,
  "0x3c0a": 8.050756454467773,
  "0x3c0b": 3.694624662399292,
  "0x4772": 6.240291118621826,
  "0x4773": 2.7105281352996826,
  "0x51ea": 6.545453071594238,
  "0x51eb": 3.3099796772003174,
  "0x5a78": 5.099144458770752,
  "0x5a79": 1.4017475843429565,
  "0x6216": 4.497511863708496,
  "0x6217": 2.352440118789673,
  "0x67ca": 4.148773670196533,
  "0x67cb": 1.4130150079727173,
  "0x6c8c": 7.918022155761719,
  "0x6c8d": 3.548585891723633,
  "0x7202": 6.542418479919434,
  "0x7203": 3.3537802696228027
}