{
  "0x2f36": 2.9063801765441895,
  "0x2f37": 2.6974472999572754,
  "0x3c0c": 10.392966270446777,
  "0x3c0d": 3.103346824645996,
  "0x4774": 7.105808734893799,
  "0x4775": 3.296609401702881,
  "0x51ec": 8.097577095031738,
  "0x51ed": 2.1007492542266846,
  "0x5a7a": 4.2951436042785645,
  "0x5a7b": 2.3990464210510254,
  "0x6218": 4.293598175048828,
  "0x6219": 2.406129837036133,
  "0x67cc": 5.602422714233398,
  "0x67cd": 2.9973578453063965,
  "0x6c8e": 2.71392822265625,
  "0x6c8f": 3.391418933868408,
  "0x7204": 8.984962463378906,
  "0x7205": 3.031068801879883,
  "0x2f38": 2.9063801765441895,
  "0x2f39": 2.6974472999572754,
  "0x3c0e": 10.392966270446777,
  "0x3c0f": 3.103346824645996,
  "0x4776": 7.105808734893799,
  "0x4777": 3.296609401702881,
  "0x51ee": 8.097577095031738,
  "0x51ef": 2.1007492542266846,
  "0x5a7c": 4.2951436042785645,
  "0x5a7d": 2.3990464210510254,
  "0x621a": 4.293598175048828,
  "0x621b": 2.406129837036133,
  "0x67ce": 5.602422714233398,
  "0x67cf": 2.9973578453063965,
  "0x6c90": 2.71392822265625,
  "0x6c91": 3.391418933868408,
  "0x7206": 8.984962463378906,
  "0x7207": 3.031068801879883,
  "0x2f3a": 2.9063801765441895,
  "0x2f3b": 2.6974472999572754,
  "0x3c10": 10.392966270446777,
  "0x3c11": 3.103346824645996,
  "0x4778": 7.105808734893799,
  "0x4779": 3.296609401702881,
  "0x51f0": 8.097577095031738,
  "0x51f1": 2.1007492542266846,
  "0x5a7e": 4.2951436042785645,
  "0x5a7f": 2.3990464210510254,
  "0x621c": 4.293598175048828,
  "0x621d": 2.406129837036133,
  "0x67d0": 5.602422714233398,
  "0x67d1": 2.9973578453063965,
  "0x6c92": 2.71392822265625,
  "0x6c93": 3.391418933868408,
  "0x7208": 8.984962463378906,
  "0x7209": 3.031068801879883,
  "0x2f3c": 2.9063801765441895,
  "0x2f3d": 2.6974472999572754,
  "0x3c12": 10.392966270446777,
  "0x3c13": 3.103346824645996,
  "0x477a": 7.105808734893799,
  "0x477b": 3.296609401702881,
  "0x51f2": 8.097577095031738,
  "0x51f3": 2.1007492542266846,
  "0x5a80": 4.2951436042785645,
  "0x5a81": 2.3990464210510254,
  "0x621e": 4.293598175048828,
  "0x621f": 2.406129837036133,
  "0x67d2": 5.602422714233398,
  "0x67d3": 2.9973578453063965,
  "0x6c94": 2.71392822265625,
  "0x6c95": 3.391418933868408,
  "0x720a": 8.984962463378906,
  "0x720b": 3.031068801879883,
  "0x2f3e": 2.9063801765441895,
  "0x2f3f": 2.6974472999572754,
  "0x3c14": 10.392966270446777,
  "0x3c15": 3.103346824645996,
  "0x477c": 7.105808734893799,
  "0x477d": 3.296609401702881,
  "0x51f4": 8.097577095031738,
  "0x51f5": 2.1007492542266846,
  "0x5a82": 4.2951436042785645,
  "0x5a83": 2.3990464210510254,
  "0x6220": 4.293598175048828,
  "0x6221": 2.406129837036133,
  "0x67d4": 5.602422714233398,
  "0x67d5": 2.9973578453063965,
  "0x6c96": 2.71392822265625,
  "0x6c97": 3.391418933868408,
  "0x720c": 8.984962463378906,
  "0x720d": 3.031068801879883,
  "0x2f40": 2.9063801765441895,
  "0x2f41": 2.6974472999572754,
  "0x3c16": 10.392966270446777,
  "0x3c17": 3.103346824645996,
  "0x477e": 7.105808734893799,
  "0x477f": 3.296609401702881,
  "0x51f6": 8.097577095031738,
  "0x51f7": 2.1007492542266846,
  "0x5a84": 4.2951436042785645,
  "0x5a85": 2.3990464210510254,
  "0x6222": 4.293598175048828,
  "0x6223": 2.406129837036133,
  "0x67d6": 5.602422714233398,
  "0x67d7": 2.9973578453063965,
  "0x6c98": 2.71392822265625,
  "0x6c99": 3.391418933868408,
  "0x720e": 8.984962463378906,
  "0x720f": 3.031068801879883,
  "0x2f42": 2.9063801765441895,
  "0x2f43": 2.6974472999572754,
  "0x3c18": 10.392966270446777,
  "0x3c19": 3.103346824645996,
  "0x4780": 7.105808734893799,
  "0x4781": 3.296609401702881,
  "0x51f8": 8.097577095031738,
  "0x51f9": 2.1007492542266846,
  "0x5a86": 4.2951436042785645,
  "0x5a87": 2.3990464210510254,
  "0x6224": 4.293598175048828,
  "0x6225": 2.406129837036133,
  "0x67d8": 5.602422714233398,
  "0x67d9": 2.9973578453063965,
  "0x6c9a": 2.71392822265625,
  "0x6c9b": 3.391418933868408,
  "0x7210": 8.984962463378906,
  "0x7211": 3.031068801879883
}