{
  "0x2e02": 6.899270534515381,
  "0x2e03": 3.101562976837158,
  "0x3ad8": 6.402284145355225,
  "0x3ad9": 3.8989925384521484,
  "0x4640": 7.19832706451416,
  "0x4641": 3.6006221771240234,
  "0x50b8": 7.398096084594727,
  "0x50b9": 3.103496551513672,
  "0x5946": 5.2315239906311035,
  "0x5947": 3.291806936264038,
  "0x60e4": 5.90001916885376,
  "0x60e5": 2.8988149166107178,
  "0x2e04": 6.899270534515381,
  "0x2e05": 3.101562976837158,
  "0x3ada": 6.402284145355225,
  "0x3adb": 3.8989925384521484,
  "0x4642": 7.19832706451416,
  "0x4643": 3.6006221771240234,
  "0x50ba": 7.398096084594727,
  "0x50bb": 3.103496551513672,
  "0x5948": 5.2315239906311035,
  "0x5949": 3.291806936264038,
  "0x60e6": 5.90001916885376,
  "0x60e7": 2.8988149166107178,
  "0x2e06": 6.899270534515381,
  "0x2e07": 3.101562976837158,
  "0x3adc": 6.402284145355225,
  "0x3add": 3.8989925384521484,
  "0x4644": 7.19832706451416,
  "0x4645": 3.6006221771240234,
  "0x50bc": 7.398096084594727,
  "0x50bd": 3.103496551513672,
  "0x594a": 5.2315239906311035,
  "0x594b": 3.291806936264038,
  "0x60e8": 5.90001916885376,
  "0x60e9": 2.8988149166107178,
  "0x2e08": 6.899270534515381,
  "0x2e09": 3.101562976837158,
  "0x3ade": 6.402284145355225,
  "0x3adf": 3.8989925384521484,
  "0x4646": 7.19832706451416,
  "0x4647": 3.6006221771240234,
  "0x50be": 7.398096084594727,
  "0x50bf": 3.103496551513672,
  "0x594c": 5.2315239906311035,
  "0x594d": 3.291806936264038,
  "0x60ea": 5.90001916885376,
  "0x60eb": 2.8988149166107178,
  "0x2e0a": 6.899270534515381,
  "0x2e0b": 3.101562976837158,
  "0x3ae0": 6.402284145355225,
  "0x3ae1": 3.8989925384521484,
  "0x4648": 7.19832706451416,
  "0x4649": 3.6006221771240234,
  "0x50c0": 7.398096084594727,
  "0x50c1": 3.103496551513672,
  "0x594e": 5.2315239906311035,
  "0x594f": 3.291806936264038,
  "0x60ec": 5.90001916885376,
  "0x60ed": 2.8988149166107178,
  "0x2e0c": 6.899270534515381,
  "0x2e0d": 3.101562976837158,
  "0x3ae2": 6.402284145355225,
  "0x3ae3": 3.8989925384521484,
  "0x464a": 7.19832706451416,
  "0x464b": 3.6006221771240234,
  "0x50c2": 7.398096084594727,
  "0x50c3": 3.103496551513672,
  "0x5950": 5.2315239906311035,
  "0x5951": 3.291806936264038,
  "0x60ee": 5.90001916885376,
  "0x60ef": 2.8988149166107178,
  "0x2e0e": 6.899270534515381,
  "0x2e0f": 3.101562976837158,
  "0x3ae4": 6.402284145355225,
  "0x3ae5": 3.8989925384521484,
  "0x464c": 7.19832706451416,
  "0x464d": 3.6006221771240234,
  "0x50c4": 7.398096084594727,
  "0x50c5": 3.103496551513672,
  "0x5952": 5.2315239906311035,
  "0x5953": 3.291806936264038,
  "0x60f0": 5.90001916885376,
  "0x60f1": 2.8988149166107178
}