{
  "0x2c42": 8.699867248535156,
  "0x2c43": 4.499716281890869,
  "0x3918": 11.000643730163574,
  "0x3919": 4.1998796463012695,
  "0x4480": 9.001184463500977,
  "0x4481": 3.4995036125183105,
  "0x4ef8": 10.697925567626953,
  "0x4ef9": 3.5990796089172363,
  "0x5786": 7.602785587310791,
  "0x5787": 3.2850117683410645,
  "0x2c44": 8.699867248535156,
  "0x2c45": 4.499716281890869,
  "0x391a": 11.000643730163574,
  "0x391b": 4.1998796463012695,
  "0x4482": 9.001184463500977,
  "0x4483": 3.4995036125183105,
  "0x4efa": 10.697925567626953,
  "0x4efb": 3.5990796089172363,
  "0x5788": 7.602785587310791,
  "0x5789": 3.2850117683410645,
  "0x2c46": 8.699867248535156,
  "0x2c47": 4.499716281890869,
  "0x391c": 11.000643730163574,
  "0x391d": 4.1998796463012695,
  "0x4484": 9.001184463500977,
  "0x4485": 3.4995036125183105,
  "0x4efc": 10.697925567626953,
  "0x4efd": 3.5990796089172363,
  "0x578a": 7.602785587310791,
  "0x578b": 3.2850117683410645,
  "0x2c48": 8.699867248535156,
  "0x2c49": 4.499716281890869,
  "0x391e": 11.000643730163574,
  "0x391f": 4.1998796463012695,
  "0x4486": 9.001184463500977,
  "0x4487": 3.4995036125183105,
  "0x4efe": 10.697925567626953,
  "0x4eff": 3.5990796089172363,
  "0x578c": 7.602785587310791,
  "0x578d": 3.2850117683410645,
  "0x5f2a": 8.028183937072754,
  "0x5f2b": 3.2022550106048584,
  "0x2c4a": 8.699867248535156,
  "0x2c4b": 4.499716281890869,
  "0x3920": 11.000643730163574,
  "0x3921": 4.1998796463012695,
  "0x4488": 9.001184463500977,
  "0x4489": 3.4995036125183105,
  "0x4f00": 10.697925567626953,
  "0x4f01": 3.5990796089172363,
  "0x578e": 7.602785587310791,
  "0x578f": 3.2850117683410645,
  "0x5f2c": 7.973146438598633,
  "0x5f2d": 3.2022550106048584,
  "0x2c4c": 8.699867248535156,
  "0x2c4d": 4.499716281890869,
  "0x3922": 11.000643730163574,
  "0x3923": 4.1998796463012695,
  "0x448a": 9.001184463500977,
  "0x448b": 3.4995036125183105,
  "0x4f02": 10.697925567626953,
  "0x4f03": 3.5990796089172363,
  "0x5790": 7.602785587310791,
  "0x5791": 3.2850117683410645,
  "0x5f2e": 7.973146438598633,
  "0x5f2f": 3.2005462646484375,
  "0x2c4e": 8.699867248535156,
  "0x2c4f": 4.499716281890869,
  "0x3924": 11.000643730163574,
  "0x3925": 4.1998796463012695,
  "0x448c": 9.001184463500977,
  "0x448d": 3.4995036125183105,
  "0x4f04": 10.697925567626953,
  "0x4f05": 3.5990796089172363,
  "0x5792": 7.602785587310791,
  "0x5793": 3.2850117683410645,
  "0x5f30": 7.3143792152404785,
  "0x5f31": 3.0446174144744873
}