{
  "0x2d84": 7.59958028793335,
  "0x2d85": 3.20015287399292,
  "0x3a5a": 10.200469970703125,
  "0x3a5b": 4.897872447967529,
  "0x45c2": 8.801718711853027,
  "0x45c3": 3.699263572692871,
  "0x503a": 10.196627616882324,
  "0x503b": 4.202922821044922,
  "0x58c8": 6.410828590393066,
  "0x58c9": 3.196129083633423,
  "0x6066": 6.79907751083374,
  "0x6067": 3.200711965560913,
  "0x2d86": 7.59958028793335,
  "0x2d87": 3.20015287399292,
  "0x3a5c": 10.200469970703125,
  "0x3a5d": 4.897872447967529,
  "0x45c4": 8.801718711853027,
  "0x45c5": 3.699263572692871,
  "0x503c": 10.196627616882324,
  "0x503d": 4.202922821044922,
  "0x58ca": 6.410828590393066,
  "0x58cb": 3.196129083633423,
  "0x6068": 6.79907751083374,
  "0x6069": 3.200711965560913,
  "0x2d88": 7.59958028793335,
  "0x2d89": 3.20015287399292,
  "0x3a5e": 10.200469970703125,
  "0x3a5f": 4.897872447967529,
  "0x45c6": 8.801718711853027,
  "0x45c7": 3.699263572692871,
  "0x503e": 10.196627616882324,
  "0x503f": 4.202922821044922,
  "0x58cc": 6.410828590393066,
  "0x58cd": 3.196129083633423,
  "0x606a": 6.79907751083374,
  "0x606b": 3.200711965560913,
  "0x2d8a": 7.59958028793335,
  "0x2d8b": 3.20015287399292,
  "0x3a60": 10.200469970703125,
  "0x3a61": 4.897872447967529,
  "0x45c8": 8.801718711853027,
  "0x45c9": 3.699263572692871,
  "0x5040": 10.196627616882324,
  "0x5041": 4.202922821044922,
  "0x58ce": 6.410828590393066,
  "0x58cf": 3.196129083633423,
  "0x606c": 6.79907751083374,
  "0x606d": 3.200711965560913,
  "0x2d8c": 7.59958028793335,
  "0x2d8d": 3.20015287399292,
  "0x3a62": 10.200469970703125,
  "0x3a63": 4.897872447967529,
  "0x45ca": 8.801718711853027,
  "0x45cb": 3.699263572692871,
  "0x5042": 10.196627616882324,
  "0x5043": 4.202922821044922,
  "0x58d0": 6.410828590393066,
  "0x58d1": 3.196129083633423,
  "0x606e": 6.79907751083374,
  "0x606f": 3.200711965560913,
  "0x2d8e": 7.59958028793335,
  "0x2d8f": 3.20015287399292,
  "0x3a64": 10.200469970703125,
  "0x3a65": 4.897872447967529,
  "0x45cc": 8.801718711853027,
  "0x45cd": 3.699263572692871,
  "0x5044": 10.196627616882324,
  "0x5045": 4.202922821044922,
  "0x58d2": 6.410828590393066,
  "0x58d3": 3.196129083633423,
  "0x6070": 6.79907751083374,
  "0x6071": 3.200711965560913,
  "0x2d90": 7.59958028793335,
  "0x2d91": 3.20015287399292,
  "0x3a66": 10.200469970703125,
  "0x3a67": 4.897872447967529,
  "0x45ce": 8.801718711853027,
  "0x45cf": 3.699263572692871,
  "0x5046": 10.196627616882324,
  "0x5047": 4.202922821044922,
  "0x58d4": 6.410828590393066,
  "0x58d5": 3.196129083633423,
  "0x6072": 6.79907751083374,
  "0x6073": 3.200711965560913
}