{
  "0x2da0": 7.800348281860352,
  "0x2da1": 3.9017105102539062,
  "0x3a76": 10.098304748535156,
  "0x3a77": 4.699433326721191,
  "0x45de": 9.002286911010742,
  "0x45df": 4.399026870727539,
  "0x5056": 8.095345497131348,
  "0x5057": 3.703763484954834,
  "0x58e4": 5.104883193969727,
  "0x58e5": 2.595266580581665,
  "0x6082": 6.398829936981201,
  "0x6083": 3.500535249710083,
  "0x2da2": 7.800348281860352,
  "0x2da3": 3.9017105102539062,
  "0x3a78": 10.098304748535156,
  "0x3a79": 4.699433326721191,
  "0x45e0": 9.002286911010742,
  "0x45e1": 4.399026870727539,
  "0x5058": 8.095345497131348,
  "0x5059": 3.703763484954834,
  "0x58e6": 5.104883193969727,
  "0x58e7": 2.595266580581665,
  "0x6084": 6.398829936981201,
  "0x6085": 3.500535249710083,
  "0x2da4": 7.800348281860352,
  "0x2da5": 3.9017105102539062,
  "0x3a7a": 10.098304748535156,
  "0x3a7b": 4.699433326721191,
  "0x45e2": 9.002286911010742,
  "0x45e3": 4.399026870727539,
  "0x505a": 8.095345497131348,
  "0x505b": 3.703763484954834,
  "0x58e8": 5.104883193969727,
  "0x58e9": 2.595266580581665,
  "0x6086": 6.398829936981201,
  "0x6087": 3.500535249710083,
  "0x2da6": 7.800348281860352,
  "0x2da7": 3.9017105102539062,
  "0x3a7c": 10.098304748535156,
  "0x3a7d": 4.699433326721191,
  "0x45e4": 9.002286911010742,
  "0x45e5": 4.399026870727539,
  "0x505c": 8.095345497131348,
  "0x505d": 3.703763484954834,
  "0x58ea": 5.104883193969727,
  "0x58eb": 2.595266580581665,
  "0x6088": 6.398829936981201,
  "0x6089": 3.500535249710083,
  "0x2da8": 7.800348281860352,
  "0x2da9": 3.9017105102539062,
  "0x3a7e": 10.098304748535156,
  "0x3a7f": 4.699433326721191,
  "0x45e6": 9.002286911010742,
  "0x45e7": 4.399026870727539,
  "0x505e": 8.095345497131348,
  "0x505f": 3.703763484954834,
  "0x58ec": 5.104883193969727,
  "0x58ed": 2.595266580581665,
  "0x608a": 6.398829936981201,
  "0x608b": 3.500535249710083,
  "0x2daa": 7.800348281860352,
  "0x2dab": 3.9017105102539062,
  "0x3a80": 10.098304748535156,
  "0x3a81": 4.699433326721191,
  "0x45e8": 9.002286911010742,
  "0x45e9": 4.399026870727539,
  "0x5060": 8.095345497131348,
  "0x5061": 3.703763484954834,
  "0x58ee": 5.104883193969727,
  "0x58ef": 2.595266580581665,
  "0x608c": 6.398829936981201,
  "0x608d": 3.500535249710083,
  "0x2dac": 7.800348281860352,
  "0x2dad": 3.9017105102539062,
  "0x3a82": 10.098304748535156,
  "0x3a83": 4.699433326721191,
  "0x45ea": 9.002286911010742,
  "0x45eb": 4.399026870727539,
  "0x5062": 8.095345497131348,
  "0x5063": 3.703763484954834,
  "0x58f0": 5.104883193969727,
  "0x58f1": 2.595266580581665,
  "0x608e": 6.398829936981201,
  "0x608f": 3.500535249710083
}