{
  "0x2c50": 7.824697017669678,
  "0x2c51": 4.099661350250244,
  "0x3926": 13.099589347839355,
  "0x3927": 4.39975643157959,
  "0x448e": 9.486095428466797,
  "0x448f": 4.8321709632873535,
  "0x4f06": 9.682311058044434,
  "0x4f07": 3.790005683898926,
  "0x5794": 7.870239734649658,
  "0x5795": 3.31241774559021,
  "0x5f32": 7.776713848114014,
  "0x5f33": 4.200821399688721,
  "0x2c52": 7.899580955505371,
  "0x2c53": 4.299960136413574,
  "0x3928": 13.099604606628418,
  "0x3929": 4.4001898765563965,
  "0x4490": 9.560599327087402,
  "0x4491": 4.897822380065918,
  "0x4f08": 9.756507873535156,
  "0x4f09": 3.802490234375,
  "0x5796": 7.862319469451904,
  "0x5797": 3.410862684249878,
  "0x5f34": 7.847966194152832,
  "0x5f35": 4.15191650390625,
  "0x2c54": 7.899580955505371,
  "0x2c55": 4.299960136413574,
  "0x392a": 13.099604606628418,
  "0x392b": 4.4001898765563965,
  "0x4492": 9.560599327087402,
  "0x4493": 4.897822380065918,
  "0x4f0a": 9.756507873535156,
  "0x4f0b": 3.802490234375,
  "0x5798": 7.862319469451904,
  "0x5799": 3.410862684249878,
  "0x5f36": 7.847966194152832,
  "0x5f37": 4.149322032928467,
  "0x2c56": 7.899580955505371,
  "0x2c57": 4.299960136413574,
  "0x392c": 13.099604606628418,
  "0x392d": 4.4001898765563965,
  "0x4494": 9.560599327087402,
  "0x4495": 4.897822380065918,
  "0x4f0c": 9.756507873535156,
  "0x4f0d": 3.802490234375,
  "0x579a": 7.862319469451904,
  "0x579b": 3.410862684249878,
  "0x5f38": 7.849133491516113,
  "0x5f39": 4.1650776863098145,
  "0x2c58": 7.899580955505371,
  "0x2c59": 4.299960136413574,
  "0x392e": 13.099604606628418,
  "0x392f": 4.4001898765563965,
  "0x4496": 9.600812911987305,
  "0x4497": 4.897822380065918,
  "0x4f0e": 9.796721458435059,
  "0x4f0f": 3.802490234375,
  "0x579c": 7.9042649269104,
  "0x579d": 3.410862684249878,
  "0x5f3a": 7.862113952636719,
  "0x5f3b": 4.1650776863098145,
  "0x2c5a": 7.899580955505371,
  "0x2c5b": 4.299960136413574,
  "0x3930": 13.099604606628418,
  "0x3931": 4.4001898765563965,
  "0x4498": 9.600812911987305,
  "0x4499": 4.897822380065918,
  "0x4f10": 9.796721458435059,
  "0x4f11": 3.802490234375,
  "0x579e": 7.9042649269104,
  "0x579f": 3.410862684249878,
  "0x5f3c": 7.862113952636719,
  "0x5f3d": 4.1650776863098145,
  "0x2c5c": 7.899580955505371,
  "0x2c5d": 4.299960136413574,
  "0x3932": 13.099604606628418,
  "0x3933": 4.4001898765563965,
  "0x449a": 9.600812911987305,
  "0x449b": 4.897822380065918,
  "0x4f12": 9.796721458435059,
  "0x4f13": 3.802490234375,
  "0x57a0": 7.9042649269104,
  "0x57a1": 3.410862684249878,
  "0x5f3e": 7.862113952636719,
  "0x5f3f": 4.1650776863098145
}