{
  "0x2e8e": 5.802427768707275,
  "0x2e8f": 3.699880599975586,
  "0x3b64": 10.09639835357666,
  "0x3b65": 3.801520824432373,
  "0x46cc": 8.000825881958008,
  "0x46cd": 4.397315979003906,
  "0x5144": 6.204177379608154,
  "0x5145": 3.898341178894043,
  "0x59d2": 5.3976054191589355,
  "0x59d3": 3.1060802936553955,
  "0x6170": 6.000135898590088,
  "0x6171": 2.9971492290496826,
  "0x6724": 4.998913764953613,
  "0x6725": 3.201842784881592,
  "0x715c": 7.499519348144531,
  "0x715d": 3.599431276321411,
  "0x2e90": 5.802427768707275,
  "0x2e91": 3.699880599975586,
  "0x3b66": 10.09639835357666,
  "0x3b67": 3.801520824432373,
  "0x46ce": 8.000825881958008,
  "0x46cf": 4.397315979003906,
  "0x5146": 6.204177379608154,
  "0x5147": 3.898341178894043,
  "0x59d4": 5.3976054191589355,
  "0x59d5": 3.1060802936553955,
  "0x6172": 6.000135898590088,
  "0x6173": 2.9971492290496826,
  "0x6726": 4.998913764953613,
  "0x6727": 3.201842784881592,
  "0x715e": 7.499519348144531,
  "0x715f": 3.599431276321411,
  "0x2e92": 5.802427768707275,
  "0x2e93": 3.699880599975586,
  "0x3b68": 10.09639835357666,
  "0x3b69": 3.801520824432373,
  "0x46d0": 8.000825881958008,
  "0x46d1": 4.397315979003906,
  "0x5148": 6.204177379608154,
  "0x5149": 3.898341178894043,
  "0x59d6": 5.3976054191589355,
  "0x59d7": 3.1060802936553955,
  "0x6174": 6.000135898590088,
  "0x6175": 2.9971492290496826,
  "0x6728": 4.998913764953613,
  "0x6729": 3.201842784881592,
  "0x7160": 7.499519348144531,
  "0x7161": 3.599431276321411,
  "0x2e94": 5.802427768707275,
  "0x2e95": 3.699880599975586,
  "0x3b6a": 10.09639835357666,
  "0x3b6b": 3.801520824432373,
  "0x46d2": 8.000825881958008,
  "0x46d3": 4.397315979003906,
  "0x514a": 6.204177379608154,
  "0x514b": 3.898341178894043,
  "0x59d8": 5.3976054191589355,
  "0x59d9": 3.1060802936553955,
  "0x6176": 6.000135898590088,
  "0x6177": 2.9971492290496826,
  "0x672a": 4.998913764953613,
  "0x672b": 3.201842784881592,
  "0x7162": 7.499519348144531,
  "0x7163": 3.599431276321411,
  "0x2e96": 5.802427768707275,
  "0x2e97": 3.699880599975586,
  "0x3b6c": 10.09639835357666,
  "0x3b6d": 3.801520824432373,
  "0x46d4": 8.000825881958008,
  "0x46d5": 4.397315979003906,
  "0x514c": 6.204177379608154,
  "0x514d": 3.898341178894043,
  "0x59da": 5.3976054191589355,
  "0x59db": 3.1060802936553955,
  "0x6178": 6.000135898590088,
  "0x6179": 2.9971492290496826,
  "0x672c": 4.998913764953613,
  "0x672d": 3.201842784881592,
  "0x7164": 7.499519348144531,
  "0x7165": 3.599431276321411,
  "0x2e98": 5.802427768707275,
  "0x2e99": 3.699880599975586,
  "0x3b6e": 10.09639835357666,
  "0x3b6f": 3.801520824432373,
  "0x46d6": 8.000825881958008,
  "0x46d7": 4.397315979003906,
  "0x514e": 6.204177379608154,
  "0x514f": 3.898341178894043,
  "0x59dc": 5.3976054191589355,
  "0x59dd": 3.1060802936553955,
  "0x617a": 6.000135898590088,
  "0x617b": 2.9971492290496826,
  "0x672e": 4.998913764953613,
  "0x672f": 3.201842784881592,
  "0x7166": 7.499519348144531,
  "0x7167": 3.599431276321411,
  "0x2e9a": 5.802427768707275,
  "0x2e9b": 3.699880599975586,
  "0x3b70": 10.09639835357666,
  "0x3b71": 3.801520824432373,
  "0x46d8": 8.000825881958008,
  "0x46d9": 4.397315979003906,
  "0x5150": 6.204177379608154,
  "0x5151": 3.898341178894043,
  "0x59de": 5.3976054191589355,
  "0x59df": 3.1060802936553955,
  "0x617c": 6.000135898590088,
  "0x617d": 2.9971492290496826,
  "0x6730": 4.998913764953613,
  "0x6731": 3.201842784881592,
  "0x7168": 7.499519348144531,
  "0x7169": 3.599431276321411
}