{
  "0x2d68": 6.102515697479248,
  "0x2d69": 3.7994754314422607,
  "0x3a3e": 9.690558433532715,
  "0x3a3f": 4.306993007659912,
  "0x45a6": 8.209501266479492,
  "0x45a7": 4.791613578796387,
  "0x501e": 9.594050407409668,
  "0x501f": 3.9997575283050537,
  "0x58ac": 6.509581089019775,
  "0x58ad": 3.2001469135284424,
  "0x604a": 7.294236660003662,
  "0x604b": 4.000441074371338,
  "0x2d6a": 6.102515697479248,
  "0x2d6b": 3.7994754314422607,
  "0x3a40": 9.690558433532715,
  "0x3a41": 4.306993007659912,
  "0x45a8": 8.209501266479492,
  "0x45a9": 4.791613578796387,
  "0x5020": 9.594050407409668,
  "0x5021": 3.9997575283050537,
  "0x58ae": 6.509581089019775,
  "0x58af": 3.2001469135284424,
  "0x604c": 7.294236660003662,
  "0x604d": 4.000441074371338,
  "0x2d6c": 6.102515697479248,
  "0x2d6d": 3.7994754314422607,
  "0x3a42": 9.690558433532715,
  "0x3a43": 4.306993007659912,
  "0x45aa": 8.209501266479492,
  "0x45ab": 4.791613578796387,
  "0x5022": 9.594050407409668,
  "0x5023": 3.9997575283050537,
  "0x58b0": 6.509581089019775,
  "0x58b1": 3.2001469135284424,
  "0x604e": 7.294236660003662,
  "0x604f": 4.000441074371338,
  "0x2d6e": 6.102515697479248,
  "0x2d6f": 3.7994754314422607,
  "0x3a44": 9.690558433532715,
  "0x3a45": 4.306993007659912,
  "0x45ac": 8.209501266479492,
  "0x45ad": 4.791613578796387,
  "0x5024": 9.594050407409668,
  "0x5025": 3.9997575283050537,
  "0x58b2": 6.509581089019775,
  "0x58b3": 3.2001469135284424,
  "0x6050": 7.294236660003662,
  "0x6051": 4.000441074371338,
  "0x2d70": 6.102515697479248,
  "0x2d71": 3.7994754314422607,
  "0x3a46": 9.690558433532715,
  "0x3a47": 4.306993007659912,
  "0x45ae": 8.209501266479492,
  "0x45af": 4.791613578796387,
  "0x5026": 9.594050407409668,
  "0x5027": 3.9997575283050537,
  "0x58b4": 6.509581089019775,
  "0x58b5": 3.2001469135284424,
  "0x6052": 7.294236660003662,
  "0x6053": 4.000441074371338,
  "0x2d72": 6.102515697479248,
  "0x2d73": 3.7994754314422607,
  "0x3a48": 9.690558433532715,
  "0x3a49": 4.306993007659912,
  "0x45b0": 8.209501266479492,
  "0x45b1": 4.791613578796387,
  "0x5028": 9.594050407409668,
  "0x5029": 3.9997575283050537,
  "0x58b6": 6.509581089019775,
  "0x58b7": 3.2001469135284424,
  "0x6054": 7.294236660003662,
  "0x6055": 4.000441074371338,
  "0x2d74": 6.102515697479248,
  "0x2d75": 3.7994754314422607,
  "0x3a4a": 9.690558433532715,
  "0x3a4b": 4.306993007659912,
  "0x45b2": 8.209501266479492,
  "0x45b3": 4.791613578796387,
  "0x502a": 9.594050407409668,
  "0x502b": 3.9997575283050537,
  "0x58b8": 6.509581089019775,
  "0x58b9": 3.2001469135284424,
  "0x6056": 7.294236660003662,
  "0x6057": 4.000441074371338
}