{
  "0x2b54": 3.001384735107422,
  "0x2b55": 8.098949432373047,
  "0x382a": 3.0996646881103516,
  "0x382b": 8.098949432373047,
  "0x4392": 3.001384735107422,
  "0x4393": 8.098949432373047,
  "0x4e0a": 3.0996646881103516,
  "0x4e0b": 8.098949432373047,
  "0x2b56": 3.0996646881103516,
  "0x2b57": 8.098949432373047,
  "0x382c": 3.0996646881103516,
  "0x382d": 8.098949432373047,
  "0x4394": 3.001384735107422,
  "0x4395": 8.098949432373047,
  "0x4e0c": 3.0996646881103516,
  "0x4e0d": 8.098949432373047,
  "0x2b58": 3.001384735107422,
  "0x2b59": 8.098949432373047,
  "0x382e": 3.001384735107422,
  "0x382f": 8.098949432373047,
  "0x4396": 3.001384735107422,
  "0x4397": 8.098949432373047,
  "0x4e0e": 3.0996646881103516,
  "0x4e0f": 8.098949432373047,
  "0x569c": 3.0996646881103516,
  "0x569d": 8.098949432373047,
  "0x2b5a": 3.001384735107422,
  "0x2b5b": 8.098949432373047,
  "0x3830": 3.001384735107422,
  "0x3831": 8.098949432373047,
  "0x4398": 3.001384735107422,
  "0x4399": 8.098949432373047,
  "0x4e10": 3.0996646881103516,
  "0x4e11": 8.098949432373047,
  "0x569e": 3.0996646881103516,
  "0x569f": 8.098949432373047,
  "0x2b5c": 3.001384735107422,
  "0x2b5d": 8.098949432373047,
  "0x3832": 3.0996646881103516,
  "0x3833": 8.098949432373047,
  "0x439a": 3.001384735107422,
  "0x439b": 8.098949432373047,
  "0x4e12": 3.0996646881103516,
  "0x4e13": 8.098949432373047,
  "0x56a0": 3.001384735107422,
  "0x56a1": 8.098949432373047,
  "0x2b5e": 3.001384735107422,
  "0x2b5f": 8.098949432373047,
  "0x3834": 3.001384735107422,
  "0x3835": 8.098949432373047,
  "0x439c": 3.001384735107422,
  "0x439d": 8.098949432373047,
  "0x4e14": 3.0996646881103516,
  "0x4e15": 8.098949432373047,
  "0x56a2": 3.001384735107422,
  "0x56a3": 8.098949432373047,
  "0x2b60": 3.001384735107422,
  "0x2b61": 8.098949432373047,
  "0x3836": 3.001384735107422,
  "0x3837": 8.098949432373047,
  "0x439e": 3.001384735107422,
  "0x439f": 8.098949432373047,
  "0x4e16": 3.0996646881103516,
  "0x4e17": 8.098949432373047,
  "0x56a4": 3.001384735107422,
  "0x56a5": 8.098949432373047
}