{
  "0x2e72": 6.500473976135254,
  "0x2e73": 3.4005379676818848,
  "0x3b48": 9.8976411819458,
  "0x3b49": 3.8001084327697754,
  "0x46b0": 8.803841590881348,
  "0x46b1": 4.197634696960449,
  "0x5128": 7.391924858093262,
  "0x5129": 3.505817174911499,
  "0x59b6": 4.205793857574463,
  "0x59b7": 3.300311326980591,
  "0x6154": 5.996030807495117,
  "0x6155": 3.100982666015625,
  "0x6708": 5.703156471252441,
  "0x6709": 3.0979387760162354,
  "0x7140": 5.703156471252441,
  "0x7141": 3.0979387760162354,
  "0x2e74": 6.500473976135254,
  "0x2e75": 3.4005379676818848,
  "0x3b4a": 9.8976411819458,
  "0x3b4b": 3.8001084327697754,
  "0x46b2": 8.803841590881348,
  "0x46b3": 4.197634696960449,
  "0x512a": 7.391924858093262,
  "0x512b": 3.505817174911499,
  "0x59b8": 4.205793857574463,
  "0x59b9": 3.300311326980591,
  "0x6156": 5.996030807495117,
  "0x6157": 3.100982666015625,
  "0x670a": 5.703156471252441,
  "0x670b": 3.0979387760162354,
  "0x7142": 5.703156471252441,
  "0x7143": 3.0979387760162354,
  "0x2e76": 6.500473976135254,
  "0x2e77": 3.4005379676818848,
  "0x3b4c": 9.8976411819458,
  "0x3b4d": 3.8001084327697754,
  "0x46b4": 8.803841590881348,
  "0x46b5": 4.197634696960449,
  "0x512c": 7.391924858093262,
  "0x512d": 3.505817174911499,
  "0x59ba": 4.205793857574463,
  "0x59bb": 3.300311326980591,
  "0x6158": 5.996030807495117,
  "0x6159": 3.100982666015625,
  "0x670c": 5.703156471252441,
  "0x670d": 3.0979387760162354,
  "0x7144": 5.703156471252441,
  "0x7145": 3.0979387760162354,
  "0x2e78": 6.500473976135254,
  "0x2e79": 3.4005379676818848,
  "0x3b4e": 9.8976411819458,
  "0x3b4f": 3.8001084327697754,
  "0x46b6": 8.803841590881348,
  "0x46b7": 4.197634696960449,
  "0x512e": 7.391924858093262,
  "0x512f": 3.505817174911499,
  "0x59bc": 4.205793857574463,
  "0x59bd": 3.300311326980591,
  "0x615a": 5.996030807495117,
  "0x615b": 3.100982666015625,
  "0x670e": 5.703156471252441,
  "0x670f": 3.0979387760162354,
  "0x7146": 5.703156471252441,
  "0x7147": 3.0979387760162354,
  "0x2e7a": 6.500473976135254,
  "0x2e7b": 3.4005379676818848,
  "0x3b50": 9.8976411819458,
  "0x3b51": 3.8001084327697754,
  "0x46b8": 8.803841590881348,
  "0x46b9": 4.197634696960449,
  "0x5130": 7.391924858093262,
  "0x5131": 3.505817174911499,
  "0x59be": 4.205793857574463,
  "0x59bf": 3.300311326980591,
  "0x615c": 5.996030807495117,
  "0x615d": 3.100982666015625,
  "0x6710": 5.703156471252441,
  "0x6711": 3.0979387760162354,
  "0x7148": 5.703156471252441,
  "0x7149": 3.0979387760162354,
  "0x2e7c": 6.500473976135254,
  "0x2e7d": 3.4005379676818848,
  "0x3b52": 9.8976411819458,
  "0x3b53": 3.8001084327697754,
  "0x46ba": 8.803841590881348,
  "0x46bb": 4.197634696960449,
  "0x5132": 7.391924858093262,
  "0x5133": 3.505817174911499,
  "0x59c0": 4.205793857574463,
  "0x59c1": 3.300311326980591,
  "0x615e": 5.996030807495117,
  "0x615f": 3.100982666015625,
  "0x6712": 5.703156471252441,
  "0x6713": 3.0979387760162354,
  "0x714a": 5.703156471252441,
  "0x714b": 3.0979387760162354,
  "0x2e7e": 6.500473976135254,
  "0x2e7f": 3.4005379676818848,
  "0x3b54": 9.8976411819458,
  "0x3b55": 3.8001084327697754,
  "0x46bc": 8.803841590881348,
  "0x46bd": 4.197634696960449,
  "0x5134": 7.391924858093262,
  "0x5135": 3.505817174911499,
  "0x59c2": 4.205793857574463,
  "0x59c3": 3.300311326980591,
  "0x6160": 5.996030807495117,
  "0x6161": 3.100982666015625,
  "0x6714": 5.703156471252441,
  "0x6715": 3.0979387760162354,
  "0x714c": 5.703156471252441,
  "0x714d": 3.0979387760162354
}