{
  "0x2c50": 7.8264360427856445,
  "0x2c51": 4.1137542724609375,
  "0x3926": 13.099406242370605,
  "0x3927": 4.3824357986450195,
  "0x448e": 9.524267196655273,
  "0x448f": 4.768144130706787,
  "0x4f06": 9.73600959777832,
  "0x4f07": 3.745387554168701,
  "0x5794": 7.917300701141357,
  "0x5795": 3.336676836013794,
  "0x5f32": 7.776625633239746,
  "0x5f33": 4.105020046234131,
  "0x2c52": 7.90106201171875,
  "0x2c53": 4.299194812774658,
  "0x3928": 13.099105834960938,
  "0x3929": 4.400490760803223,
  "0x4490": 9.60101318359375,
  "0x4491": 4.89824104309082,
  "0x4f08": 9.796483993530273,
  "0x4f09": 3.801753044128418,
  "0x5796": 7.899567127227783,
  "0x5797": 3.398820400238037,
  "0x5f34": 7.766580581665039,
  "0x5f35": 4.0339789390563965,
  "0x2c54": 7.90106201171875,
  "0x2c55": 4.299194812774658,
  "0x392a": 13.099105834960938,
  "0x392b": 4.400490760803223,
  "0x4492": 9.60101318359375,
  "0x4493": 4.89824104309082,
  "0x4f0a": 9.796483993530273,
  "0x4f0b": 3.801753044128418,
  "0x5798": 7.899567127227783,
  "0x5799": 3.398820400238037,
  "0x5f36": 7.766580581665039,
  "0x5f37": 4.0339789390563965,
  "0x2c56": 7.90106201171875,
  "0x2c57": 4.299194812774658,
  "0x392c": 13.099105834960938,
  "0x392d": 4.400490760803223,
  "0x4494": 9.60101318359375,
  "0x4495": 4.89824104309082,
  "0x4f0c": 9.796483993530273,
  "0x4f0d": 3.801753044128418,
  "0x579a": 7.899567127227783,
  "0x579b": 3.398820400238037,
  "0x5f38": 7.766580581665039,
  "0x5f39": 4.0339789390563965,
  "0x2c58": 7.90106201171875,
  "0x2c59": 4.299194812774658,
  "0x392e": 13.099105834960938,
  "0x392f": 4.400490760803223,
  "0x4496": 9.60101318359375,
  "0x4497": 4.89824104309082,
  "0x4f0e": 9.796483993530273,
  "0x4f0f": 3.801753044128418,
  "0x579c": 7.899567127227783,
  "0x579d": 3.398820400238037,
  "0x5f3a": 7.766580581665039,
  "0x5f3b": 4.0339789390563965,
  "0x2c5a": 7.90106201171875,
  "0x2c5b": 4.299194812774658,
  "0x3930": 13.099105834960938,
  "0x3931": 4.400490760803223,
  "0x4498": 9.60101318359375,
  "0x4499": 4.89824104309082,
  "0x4f10": 9.796483993530273,
  "0x4f11": 3.801753044128418,
  "0x579e": 7.899567127227783,
  "0x579f": 3.398820400238037,
  "0x5f3c": 7.766580581665039,
  "0x5f3d": 4.0339789390563965,
  "0x2c5c": 7.90106201171875,
  "0x2c5d": 4.299194812774658,
  "0x3932": 13.099105834960938,
  "0x3933": 4.400490760803223,
  "0x449a": 9.60101318359375,
  "0x449b": 4.89824104309082,
  "0x4f12": 9.796483993530273,
  "0x4f13": 3.801753044128418,
  "0x57a0": 7.899567127227783,
  "0x57a1": 3.398820400238037,
  "0x5f3e": 7.766580581665039,
  "0x5f3f": 4.0339789390563965
}