{
  "0x2dae": 7.301577568054199,
  "0x2daf": 3.5985395908355713,
  "0x3a84": 10.096769332885742,
  "0x3a85": 4.200287818908691,
  "0x45ec": 9.800034523010254,
  "0x45ed": 4.2012152671813965,
  "0x5064": 9.500704765319824,
  "0x5065": 4.09752082824707,
  "0x58f2": 6.798048973083496,
  "0x58f3": 3.2045552730560303,
  "0x6090": 6.300981521606445,
  "0x6091": 3.198579788208008,
  "0x2db0": 7.301577568054199,
  "0x2db1": 3.5985395908355713,
  "0x3a86": 10.096769332885742,
  "0x3a87": 4.200287818908691,
  "0x45ee": 9.800034523010254,
  "0x45ef": 4.2012152671813965,
  "0x5066": 9.500704765319824,
  "0x5067": 4.09752082824707,
  "0x58f4": 6.798048973083496,
  "0x58f5": 3.2045552730560303,
  "0x6092": 6.300981521606445,
  "0x6093": 3.198579788208008,
  "0x2db2": 7.301577568054199,
  "0x2db3": 3.5985395908355713,
  "0x3a88": 10.096769332885742,
  "0x3a89": 4.200287818908691,
  "0x45f0": 9.800034523010254,
  "0x45f1": 4.2012152671813965,
  "0x5068": 9.500704765319824,
  "0x5069": 4.09752082824707,
  "0x58f6": 6.798048973083496,
  "0x58f7": 3.2045552730560303,
  "0x6094": 6.300981521606445,
  "0x6095": 3.198579788208008,
  "0x2db4": 7.301577568054199,
  "0x2db5": 3.5985395908355713,
  "0x3a8a": 10.096769332885742,
  "0x3a8b": 4.200287818908691,
  "0x45f2": 9.800034523010254,
  "0x45f3": 4.2012152671813965,
  "0x506a": 9.500704765319824,
  "0x506b": 4.09752082824707,
  "0x58f8": 6.798048973083496,
  "0x58f9": 3.2045552730560303,
  "0x6096": 6.300981521606445,
  "0x6097": 3.198579788208008,
  "0x2db6": 7.301577568054199,
  "0x2db7": 3.5985395908355713,
  "0x3a8c": 10.096769332885742,
  "0x3a8d": 4.200287818908691,
  "0x45f4": 9.800034523010254,
  "0x45f5": 4.2012152671813965,
  "0x506c": 9.500704765319824,
  "0x506d": 4.09752082824707,
  "0x58fa": 6.798048973083496,
  "0x58fb": 3.2045552730560303,
  "0x6098": 6.300981521606445,
  "0x6099": 3.198579788208008,
  "0x2db8": 7.301577568054199,
  "0x2db9": 3.5985395908355713,
  "0x3a8e": 10.096769332885742,
  "0x3a8f": 4.200287818908691,
  "0x45f6": 9.800034523010254,
  "0x45f7": 4.2012152671813965,
  "0x506e": 9.500704765319824,
  "0x506f": 4.09752082824707,
  "0x58fc": 6.798048973083496,
  "0x58fd": 3.2045552730560303,
  "0x609a": 6.300981521606445,
  "0x609b": 3.198579788208008,
  "0x2dba": 7.301577568054199,
  "0x2dbb": 3.5985395908355713,
  "0x3a90": 10.096769332885742,
  "0x3a91": 4.200287818908691,
  "0x45f8": 9.800034523010254,
  "0x45f9": 4.2012152671813965,
  "0x5070": 9.500704765319824,
  "0x5071": 4.09752082824707,
  "0x58fe": 6.798048973083496,
  "0x58ff": 3.2045552730560303,
  "0x609c": 6.300981521606445,
  "0x609d": 3.198579788208008
}