{
  "0x2e56": 6.388166427612305,
  "0x2e57": 3.4989264011383057,
  "0x3b2c": 8.106485366821289,
  "0x3b2d": 3.2137362957000732,
  "0x4694": 7.485424995422363,
  "0x4695": 3.797116279602051,
  "0x510c": 6.922685623168945,
  "0x510d": 3.292074203491211,
  "0x599a": 5.892130374908447,
  "0x599b": 2.998688220977783,
  "0x6138": 4.907635688781738,
  "0x6139": 2.9979870319366455,
  "0x66ec": 4.993732929229736,
  "0x66ed": 2.5023653507232666,
  "0x2e58": 6.388166427612305,
  "0x2e59": 3.4989264011383057,
  "0x3b2e": 8.106485366821289,
  "0x3b2f": 3.2137362957000732,
  "0x4696": 7.485424995422363,
  "0x4697": 3.797116279602051,
  "0x510e": 6.922685623168945,
  "0x510f": 3.292074203491211,
  "0x599c": 5.892130374908447,
  "0x599d": 2.998688220977783,
  "0x613a": 4.907635688781738,
  "0x613b": 2.9979870319366455,
  "0x66ee": 4.993732929229736,
  "0x66ef": 2.5023653507232666,
  "0x2e5a": 6.388166427612305,
  "0x2e5b": 3.4989264011383057,
  "0x3b30": 8.106485366821289,
  "0x3b31": 3.2137362957000732,
  "0x4698": 7.485424995422363,
  "0x4699": 3.797116279602051,
  "0x5110": 6.922685623168945,
  "0x5111": 3.292074203491211,
  "0x599e": 5.892130374908447,
  "0x599f": 2.998688220977783,
  "0x613c": 4.907635688781738,
  "0x613d": 2.9979870319366455,
  "0x66f0": 4.993732929229736,
  "0x66f1": 2.5023653507232666,
  "0x2e5c": 6.388166427612305,
  "0x2e5d": 3.4989264011383057,
  "0x3b32": 8.106485366821289,
  "0x3b33": 3.2137362957000732,
  "0x469a": 7.485424995422363,
  "0x469b": 3.797116279602051,
  "0x5112": 6.922685623168945,
  "0x5113": 3.292074203491211,
  "0x59a0": 5.892130374908447,
  "0x59a1": 2.998688220977783,
  "0x613e": 4.907635688781738,
  "0x613f": 2.9979870319366455,
  "0x66f2": 4.993732929229736,
  "0x66f3": 2.5023653507232666,
  "0x2e5e": 6.388166427612305,
  "0x2e5f": 3.4989264011383057,
  "0x3b34": 8.106485366821289,
  "0x3b35": 3.2137362957000732,
  "0x469c": 7.485424995422363,
  "0x469d": 3.797116279602051,
  "0x5114": 6.922685623168945,
  "0x5115": 3.292074203491211,
  "0x59a2": 5.892130374908447,
  "0x59a3": 2.998688220977783,
  "0x6140": 4.907635688781738,
  "0x6141": 2.9979870319366455,
  "0x66f4": 4.993732929229736,
  "0x66f5": 2.5023653507232666,
  "0x2e60": 6.388166427612305,
  "0x2e61": 3.4989264011383057,
  "0x3b36": 8.106485366821289,
  "0x3b37": 3.2137362957000732,
  "0x469e": 7.485424995422363,
  "0x469f": 3.797116279602051,
  "0x5116": 6.922685623168945,
  "0x5117": 3.292074203491211,
  "0x59a4": 5.892130374908447,
  "0x59a5": 2.998688220977783,
  "0x6142": 4.907635688781738,
  "0x6143": 2.9979870319366455,
  "0x66f6": 4.993732929229736,
  "0x66f7": 2.5023653507232666,
  "0x2e62": 6.388166427612305,
  "0x2e63": 3.4989264011383057,
  "0x3b38": 8.106485366821289,
  "0x3b39": 3.2137362957000732,
  "0x46a0": 7.485424995422363,
  "0x46a1": 3.797116279602051,
  "0x5118": 6.922685623168945,
  "0x5119": 3.292074203491211,
  "0x59a6": 5.892130374908447,
  "0x59a7": 2.998688220977783,
  "0x6144": 4.907635688781738,
  "0x6145": 2.9979870319366455,
  "0x66f8": 4.993732929229736,
  "0x66f9": 2.5023653507232666
}