{
  "0x2fd0": 7.4,
  "0x2fd1": 1.5999999999999996,
  "0x3ca6": 6.9,
  "0x3ca7": 3.1,
  "0x480e": 11.0,
  "0x480f": 1.5,
  "0x5286": 10.4,
  "0x5287": 4.3,
  "0x5b14": 5.300000000000002,
  "0x5b15": 1.7000000000000002,
  "0x62b2": 3.5,
  "0x62b3": 0.7000000000000002,
  "0x6866": 6.300000000000002,
  "0x6867": 1.9,
  "0x6d28": 8.8,
  "0x6d29": 2.4000000000000004,
  "0x729e": 10.7,
  "0x729f": 2.7,
  "0x7722": 10.6,
  "0x7723": 1.5999999999999996,
  "0x2fd2": 4.0,
  "0x2fd3": 3.8,
  "0x3ca8": 10.3,
  "0x3ca9": 4.0,
  "0x4810": 8.8,
  "0x4811": 3.9,
  "0x5288": 9.7,
  "0x5289": 4.7,
  "0x5b16": 4.6,
  "0x5b17": 2.9,
  "0x62b4": 5.1,
  "0x62b5": 3.3,
  "0x6868": 3.0,
  "0x6869": 3.8,
  "0x6d2a": 9.7,
  "0x6d2b": 1.7000000000000002,
  "0x72a0": 10.0,
  "0x72a1": 1.0999999999999996,
  "0x7724": 7.6,
  "0x7725": 3.4000000000000004,
  "0x2fd4": 6.1,
  "0x2fd5": 2.8,
  "0x3caa": 11.7,
  "0x3cab": 3.4000000000000004,
  "0x4812": 8.4,
  "0x4813": 2.6,
  "0x528a": 7.699999999999998,
  "0x528b": 1.2999999999999998,
  "0x5b18": 9.7,
  "0x5b19": 4.3,
  "0x62b6": 5.699999999999998,
  "0x62b7": 1.5,
  "0x686a": 5.300000000000002,
  "0x686b": 2.1,
  "0x6d2c": 7.199999999999998,
  "0x6d2d": 1.4000000000000004,
  "0x72a2": 6.800000000000002,
  "0x72a3": 2.4000000000000004,
  "0x7726": 12.3,
  "0x7727": 2.2,
  "0x2fd6": 5.4,
  "0x2fd7": 3.6,
  "0x3cac": 13.9,
  "0x3cad": 3.7,
  "0x4814": 11.0,
  "0x4815": 2.9000000000000004,
  "0x528c": 13.6,
  "0x528d": 3.8,
  "0x5b1a": 6.699999999999998,
  "0x5b1b": 3.8,
  "0x62b8": 8.6,
  "0x62b9": 1.4,
  "0x686c": 5.4,
  "0x686d": 0.0,
  "0x6d2e": 10.6,
  "0x6d2f": 4.5,
  "0x72a4": 13.3,
  "0x72a5": 5.6,
  "0x7728": 10.3,
  "0x7729": 4.8,
  "0x2fd8": 6.300000000000002,
  "0x2fd9": 2.9000000000000004,
  "0x3cae": 11.9,
  "0x3caf": 4.8,
  "0x4816": 14.8,
  "0x4817": 4.0,
  "0x528e": 9.4,
  "0x528f": 4.2,
  "0x5b1c": 8.2,
  "0x5b1d": 1.7000000000000002,
  "0x62ba": 7.1,
  "0x62bb": 2.3,
  "0x686e": 4.0,
  "0x686f": 0.7999999999999998,
  "0x6d30": 11.1,
  "0x6d31": 2.9000000000000004,
  "0x72a6": 9.6,
  "0x72a7": 4.8,
  "0x772a": 8.7,
  "0x772b": 5.6,
  "0x2fda": 2.1,
  "0x2fdb": 0.0,
  "0x3cb0": 9.4,
  "0x3cb1": 2.8,
  "0x4818": 8.8,
  "0x4819": 2.1,
  "0x5290": 7.1,
  "0x5291": 1.7000000000000002,
  "0x5b1e": 0.2000000000000001,
  "0x5b1f": 1.7000000000000002,
  "0x62bc": 0.7999999999999998,
  "0x62bd": 2.4,
  "0x6870": 4.4,
  "0x6871": 0.0,
  "0x6d32": 5.199999999999998,
  "0x6d33": 2.6,
  "0x72a8": 2.3000000000000007,
  "0x72a9": 0.2000000000000001,
  "0x772c": 4.4,
  "0x772d": 1.0,
  "0x2fdc": 4.800000000000002,
  "0x2fdd": 0.0,
  "0x3cb2": 7.1,
  "0x3cb3": 2.0,
  "0x481a": 10.7,
  "0x481b": 0.0,
  "0x5292": 5.6,
  "0x5293": 1.4000000000000004,
  "0x5b20": 5.6,
  "0x5b21": 1.5,
  "0x62be": 7.4,
  "0x62bf": 0.0,
  "0x6872": 2.4000000000000004,
  "0x6873": 1.5,
  "0x6d34": 5.1,
  "0x6d35": 4.2,
  "0x72aa": 10.6,
  "0x72ab": 4.4,
  "0x772e": 10.3,
  "0x772f": 2.7
}