{
  "0x2f6e": 3.400277853012085,
  "0x2f6f": 0.9997435212135315,
  "0x3c44": 5.599874019622803,
  "0x3c45": 3.802591562271118,
  "0x47ac": 9.109648704528809,
  "0x47ad": 3.007270574569702,
  "0x5224": 8.387931823730469,
  "0x5225": 2.199887990951538,
  "0x5ab2": 4.607644557952881,
  "0x5ab3": 0.99305260181427,
  "0x6250": 2.994947910308838,
  "0x6251": 0.7027856707572937,
  "0x6804": 0.89188152551651,
  "0x6805": 1.783371090888977,
  "0x6cc6": 8.987932205200195,
  "0x6cc7": 3.160581350326538,
  "0x723c": 10.705439567565918,
  "0x723d": 2.278201103210449,
  "0x76c0": 6.983522415161133,
  "0x76c1": 1.8585259914398193,
  "0x2f70": 3.400277853012085,
  "0x2f71": 0.9997435212135315,
  "0x3c46": 5.599874019622803,
  "0x3c47": 3.802591562271118,
  "0x47ae": 9.032221794128418,
  "0x47af": 2.9588866233825684,
  "0x5226": 8.387931823730469,
  "0x5227": 2.199887990951538,
  "0x5ab4": 4.607644557952881,
  "0x5ab5": 0.99305260181427,
  "0x6252": 2.994947910308838,
  "0x6253": 0.7027856707572937,
  "0x6806": 0.347072035074234,
  "0x6807": 1.7796109914779663,
  "0x6cc8": 8.987932205200195,
  "0x6cc9": 3.160581350326538,
  "0x723e": 10.705439567565918,
  "0x723f": 2.278201103210449,
  "0x76c2": 6.983522415161133,
  "0x76c3": 1.8585259914398193,
  "0x2f72": 3.400277853012085,
  "0x2f73": 0.9997435212135315,
  "0x3c48": 5.599874019622803,
  "0x3c49": 3.802591562271118,
  "0x47b0": 9.032221794128418,
  "0x47b1": 2.9588866233825684,
  "0x5228": 8.357573509216309,
  "0x5229": 2.199887990951538,
  "0x5ab6": 4.607644557952881,
  "0x5ab7": 0.99305260181427,
  "0x6254": 2.994947910308838,
  "0x6255": 0.7027856707572937,
  "0x6808": 0.347072035074234,
  "0x6809": 1.7796109914779663,
  "0x6cca": 8.987932205200195,
  "0x6ccb": 3.160581350326538,
  "0x7240": 10.705439567565918,
  "0x7241": 2.278201103210449,
  "0x76c4": 6.983522415161133,
  "0x76c5": 1.8585259914398193,
  "0x2f74": 3.400277853012085,
  "0x2f75": 0.9997435212135315,
  "0x3c4a": 5.599874019622803,
  "0x3c4b": 3.802591562271118,
  "0x47b2": 9.032221794128418,
  "0x47b3": 2.9588866233825684,
  "0x522a": 8.357573509216309,
  "0x522b": 2.199887990951538,
  "0x5ab8": 4.607644557952881,
  "0x5ab9": 0.99305260181427,
  "0x6256": 2.994947910308838,
  "0x6257": 0.7027856707572937,
  "0x680a": 0.347072035074234,
  "0x680b": 1.7796109914779663,
  "0x6ccc": 8.987932205200195,
  "0x6ccd": 3.160581350326538,
  "0x7242": 10.705439567565918,
  "0x7243": 2.278201103210449,
  "0x76c6": 6.983522415161133,
  "0x76c7": 1.8585259914398193,
  "0x2f76": 3.400277853012085,
  "0x2f77": 0.9997435212135315,
  "0x3c4c": 5.599874019622803,
  "0x3c4d": 3.802591562271118,
  "0x47b4": 9.032221794128418,
  "0x47b5": 2.9588866233825684,
  "0x522c": 8.38013744354248,
  "0x522d": 2.199887990951538,
  "0x5aba": 4.607644557952881,
  "0x5abb": 0.99305260181427,
  "0x6258": 2.994947910308838,
  "0x6259": 0.7027856707572937,
  "0x680c": 0.347072035074234,
  "0x680d": 1.7796109914779663,
  "0x6cce": 8.987932205200195,
  "0x6ccf": 3.160581350326538,
  "0x7244": 10.705439567565918,
  "0x7245": 2.278201103210449,
  "0x76c8": 6.983522415161133,
  "0x76c9": 1.8585259914398193,
  "0x2f78": 3.400277853012085,
  "0x2f79": 0.9997435212135315,
  "0x3c4e": 5.599874019622803,
  "0x3c4f": 3.802591562271118,
  "0x47b6": 9.032221794128418,
  "0x47b7": 2.9588866233825684,
  "0x522e": 8.38013744354248,
  "0x522f": 2.199887990951538,
  "0x5abc": 4.607644557952881,
  "0x5abd": 0.99305260181427,
  "0x625a": 2.994947910308838,
  "0x625b": 0.7027856707572937,
  "0x680e": 0.347072035074234,
  "0x680f": 1.7796109914779663,
  "0x6cd0": 8.987932205200195,
  "0x6cd1": 3.160581350326538,
  "0x7246": 10.705439567565918,
  "0x7247": 2.278201103210449,
  "0x76ca": 6.983522415161133,
  "0x76cb": 1.8585259914398193,
  "0x2f7a": 3.400277853012085,
  "0x2f7b": 0.9997435212135315,
  "0x3c50": 5.599874019622803,
  "0x3c51": 3.802591562271118,
  "0x47b8": 9.032221794128418,
  "0x47b9": 2.9588866233825684,
  "0x5230": 8.357431411743164,
  "0x5231": 2.199915885925293,
  "0x5abe": 4.607644557952881,
  "0x5abf": 0.99305260181427,
  "0x625c": 2.996159791946411,
  "0x625d": 0.6724199056625366,
  "0x6810": 0.347072035074234,
  "0x6811": 1.7796109914779663,
  "0x6cd2": 8.987932205200195,
  "0x6cd3": 3.160581350326538,
  "0x7248": 10.705439567565918,
  "0x7249": 2.278201103210449,
  "0x76cc": 6.983522415161133,
  "0x76cd": 1.8585259914398193
}