{
  "0x2f0c": 5.4,
  "0x2f0d": 1.6,
  "0x3be2": 8.3,
  "0x3be3": 3.0,
  "0x474a": 9.9,
  "0x474b": 2.7,
  "0x51c2": 8.0,
  "0x51c3": 3.2,
  "0x5a50": 2.2,
  "0x5a51": 2.3,
  "0x61ee": 6.4,
  "0x61ef": 3.4000000000000004,
  "0x67a2": 1.9000000000000004,
  "0x67a3": 2.1,
  "0x71da": 8.8,
  "0x71db": 2.0,
  "0x2f0e": 5.0,
  "0x2f0f": 2.8,
  "0x3be4": 6.300000000000002,
  "0x3be5": 4.5,
  "0x474c": 7.300000000000002,
  "0x474d": 4.1,
  "0x51c4": 6.9,
  "0x51c5": 3.7,
  "0x5a52": 4.0,
  "0x5a53": 1.4,
  "0x61f0": 1.7000000000000002,
  "0x61f1": 1.5,
  "0x67a4": 5.2,
  "0x67a5": 1.5,
  "0x71dc": 11.6,
  "0x71dd": 2.7,
  "0x2f10": 8.9,
  "0x2f11": 2.0,
  "0x3be6": 10.3,
  "0x3be7": 2.9000000000000004,
  "0x474e": 8.5,
  "0x474f": 3.9,
  "0x51c6": 8.5,
  "0x51c7": 4.0,
  "0x5a54": 2.9000000000000004,
  "0x5a55": 2.5,
  "0x61f2": 4.8,
  "0x61f3": 2.9,
  "0x67a6": 5.6,
  "0x67a7": 2.8,
  "0x71de": 9.5,
  "0x71df": 2.6,
  "0x2f12": 6.4,
  "0x2f13": 2.1,
  "0x3be8": 13.3,
  "0x3be9": 3.4000000000000004,
  "0x4750": 7.6,
  "0x4751": 4.7,
  "0x51c8": 6.6,
  "0x51c9": 2.4000000000000004,
  "0x5a56": 6.4,
  "0x5a57": 3.1,
  "0x61f4": 4.7,
  "0x61f5": 3.0,
  "0x67a8": 3.6999999999999993,
  "0x67a9": 1.7999999999999998,
  "0x71e0": 8.8,
  "0x71e1": 2.8,
  "0x2f14": 6.4,
  "0x2f15": 2.4000000000000004,
  "0x3bea": 14.9,
  "0x3beb": 5.1,
  "0x4752": 10.3,
  "0x4753": 3.6,
  "0x51ca": 8.2,
  "0x51cb": 3.5,
  "0x5a58": 8.2,
  "0x5a59": 2.2,
  "0x61f6": 6.800000000000002,
  "0x61f7": 2.0,
  "0x67aa": 7.0,
  "0x67ab": 3.4000000000000004,
  "0x71e2": 8.3,
  "0x71e3": 3.2,
  "0x2f16": 3.3000000000000007,
  "0x2f17": 1.2999999999999998,
  "0x3bec": 4.6,
  "0x3bed": 4.1,
  "0x4754": 5.300000000000002,
  "0x4755": 2.4000000000000004,
  "0x51cc": 5.9,
  "0x51cd": 2.9,
  "0x5a5a": 2.9000000000000004,
  "0x5a5b": 0.7999999999999998,
  "0x61f8": 5.2,
  "0x61f9": 1.5,
  "0x67ac": 3.5,
  "0x67ad": 2.1,
  "0x71e4": 7.6,
  "0x71e5": 2.5,
  "0x2f18": 5.300000000000002,
  "0x2f19": 1.7999999999999998,
  "0x3bee": 7.0,
  "0x3bef": 2.9000000000000004,
  "0x4756": 9.5,
  "0x4757": 2.0,
  "0x51ce": 8.6,
  "0x51cf": 2.8,
  "0x5a5c": 4.1,
  "0x5a5d": 2.6,
  "0x61fa": 2.7,
  "0x61fb": 2.9,
  "0x67ae": 4.6,
  "0x67af": 1.5,
  "0x71e6": 5.4,
  "0x71e7": 3.1
}