{
  "0x2ec6": 3.8,
  "0x2ec7": 2.1,
  "0x3b9c": 6.1,
  "0x3b9d": 3.4000000000000004,
  "0x4704": 3.5,
  "0x4705": 2.3,
  "0x517c": 5.9,
  "0x517d": 3.2,
  "0x5a0a": 1.2000000000000002,
  "0x5a0b": 1.0,
  "0x61a8": 4.9,
  "0x61a9": 2.4000000000000004,
  "0x675c": 3.5,
  "0x675d": 1.0,
  "0x7194": 3.8,
  "0x7195": 2.8,
  "0x2ec8": 3.4000000000000004,
  "0x2ec9": 2.7,
  "0x3b9e": 5.5,
  "0x3b9f": 2.6,
  "0x4706": 8.1,
  "0x4707": 2.7,
  "0x517e": 6.0,
  "0x517f": 1.7999999999999998,
  "0x5a0c": 2.4000000000000004,
  "0x5a0d": 2.0,
  "0x61aa": 5.5,
  "0x61ab": 2.1,
  "0x675e": 3.4000000000000004,
  "0x675f": 1.9,
  "0x7196": 6.199999999999998,
  "0x7197": 2.4000000000000004,
  "0x2eca": 3.2,
  "0x2ecb": 1.9,
  "0x3ba0": 8.8,
  "0x3ba1": 3.6,
  "0x4708": 7.9,
  "0x4709": 2.0,
  "0x5180": 5.800000000000002,
  "0x5181": 2.3,
  "0x5a0e": 5.1,
  "0x5a0f": 1.9,
  "0x61ac": 1.0999999999999996,
  "0x61ad": 1.9,
  "0x6760": 5.1,
  "0x6761": 2.7,
  "0x7198": 6.5,
  "0x7199": 3.1,
  "0x2ecc": 3.6999999999999993,
  "0x2ecd": 2.3,
  "0x3ba2": 7.699999999999998,
  "0x3ba3": 2.7,
  "0x470a": 9.9,
  "0x470b": 3.2,
  "0x5182": 4.699999999999998,
  "0x5183": 3.6,
  "0x5a10": 3.6999999999999993,
  "0x5a11": 2.2,
  "0x61ae": 6.2,
  "0x61af": 2.7,
  "0x6762": 2.8,
  "0x6763": 1.2999999999999998,
  "0x719a": 4.6,
  "0x719b": 3.7,
  "0x2ece": 8.0,
  "0x2ecf": 3.3,
  "0x3ba4": 7.800000000000002,
  "0x3ba5": 3.5,
  "0x470c": 9.9,
  "0x470d": 1.5,
  "0x5184": 6.9,
  "0x5185": 2.5,
  "0x5a12": 4.5,
  "0x5a13": 1.2999999999999998,
  "0x61b0": 5.0,
  "0x61b1": 2.6,
  "0x6764": 5.9,
  "0x6765": 2.7,
  "0x719c": 7.699999999999998,
  "0x719d": 2.5,
  "0x2ed0": 3.5,
  "0x2ed1": 2.0,
  "0x3ba6": 6.699999999999998,
  "0x3ba7": 2.1,
  "0x470e": 6.800000000000002,
  "0x470f": 2.0,
  "0x5186": 5.0,
  "0x5187": 2.5,
  "0x5a14": 1.2000000000000002,
  "0x5a15": 1.7999999999999998,
  "0x61b2": 0.7000000000000002,
  "0x61b3": 1.9,
  "0x6766": 0.0,
  "0x6767": 1.2999999999999998,
  "0x719e": 3.5,
  "0x719f": 2.5,
  "0x2ed2": 5.3,
  "0x2ed3": 1.5,
  "0x3ba8": 8.0,
  "0x3ba9": 3.7,
  "0x4710": 5.5,
  "0x4711": 1.7000000000000002,
  "0x5188": 4.6,
  "0x5189": 2.5,
  "0x5a16": 4.199999999999998,
  "0x5a17": 1.7000000000000002,
  "0x61b4": 2.0,
  "0x61b5": 2.3,
  "0x6768": 0.5,
  "0x6769": 0.8999999999999999,
  "0x71a0": 6.0,
  "0x71a1": 2.9
}