{
  "0x2ec6": 3.2010419368743896,
  "0x2ec7": 1.9001048803329468,
  "0x3b9c": 5.106339931488037,
  "0x3b9d": 2.597569465637207,
  "0x4704": 7.597369194030762,
  "0x4705": 2.198288917541504,
  "0x517c": 3.405496597290039,
  "0x517d": 2.1978588104248047,
  "0x5a0a": 4.1867265701293945,
  "0x5a0b": 1.6067426204681396,
  "0x61a8": 0.8064060211181641,
  "0x61a9": 2.6968960762023926,
  "0x675c": 0.8946125507354736,
  "0x675d": 1.6022984981536865,
  "0x7194": 3.8027827739715576,
  "0x7195": 2.998183488845825,
  "0x2ec8": 3.2010419368743896,
  "0x2ec9": 1.9001048803329468,
  "0x3b9e": 5.106339931488037,
  "0x3b9f": 2.597569465637207,
  "0x4706": 7.597369194030762,
  "0x4707": 2.198288917541504,
  "0x517e": 3.405496597290039,
  "0x517f": 2.1978588104248047,
  "0x5a0c": 4.1867265701293945,
  "0x5a0d": 1.6067426204681396,
  "0x61aa": 0.8064060211181641,
  "0x61ab": 2.6968960762023926,
  "0x675e": 0.8946125507354736,
  "0x675f": 1.6022984981536865,
  "0x7196": 3.8027827739715576,
  "0x7197": 2.998183488845825,
  "0x2eca": 3.2010419368743896,
  "0x2ecb": 1.9001048803329468,
  "0x3ba0": 5.106339931488037,
  "0x3ba1": 2.597569465637207,
  "0x4708": 7.597369194030762,
  "0x4709": 2.198288917541504,
  "0x5180": 3.405496597290039,
  "0x5181": 2.1978588104248047,
  "0x5a0e": 4.1867265701293945,
  "0x5a0f": 1.6067426204681396,
  "0x61ac": 0.8064060211181641,
  "0x61ad": 2.6968960762023926,
  "0x6760": 0.8946125507354736,
  "0x6761": 1.6022984981536865,
  "0x7198": 3.8027827739715576,
  "0x7199": 2.998183488845825,
  "0x2ecc": 3.2010419368743896,
  "0x2ecd": 1.9001048803329468,
  "0x3ba2": 5.106339931488037,
  "0x3ba3": 2.597569465637207,
  "0x470a": 7.597369194030762,
  "0x470b": 2.198288917541504,
  "0x5182": 3.405496597290039,
  "0x5183": 2.1978588104248047,
  "0x5a10": 4.1867265701293945,
  "0x5a11": 1.6067426204681396,
  "0x61ae": 0.8064060211181641,
  "0x61af": 2.6968960762023926,
  "0x6762": 0.8946125507354736,
  "0x6763": 1.6022984981536865,
  "0x719a": 3.8027827739715576,
  "0x719b": 2.998183488845825,
  "0x2ece": 3.2010419368743896,
  "0x2ecf": 1.9001048803329468,
  "0x3ba4": 5.106339931488037,
  "0x3ba5": 2.597569465637207,
  "0x470c": 7.597369194030762,
  "0x470d": 2.198288917541504,
  "0x5184": 3.405496597290039,
  "0x5185": 2.1978588104248047,
  "0x5a12": 4.1867265701293945,
  "0x5a13": 1.6067426204681396,
  "0x61b0": 0.8064060211181641,
  "0x61b1": 2.6968960762023926,
  "0x6764": 0.8946125507354736,
  "0x6765": 1.6022984981536865,
  "0x719c": 3.8027827739715576,
  "0x719d": 2.998183488845825,
  "0x2ed0": 3.2010419368743896,
  "0x2ed1": 1.9001048803329468,
  "0x3ba6": 5.106339931488037,
  "0x3ba7": 2.597569465637207,
  "0x470e": 7.597369194030762,
  "0x470f": 2.198288917541504,
  "0x5186": 3.405496597290039,
  "0x5187": 2.1978588104248047,
  "0x5a14": 4.1867265701293945,
  "0x5a15": 1.6067426204681396,
  "0x61b2": 0.8064060211181641,
  "0x61b3": 2.6968960762023926,
  "0x6766": 0.8946125507354736,
  "0x6767": 1.6022984981536865,
  "0x719e": 3.8027827739715576,
  "0x719f": 2.998183488845825,
  "0x2ed2": 3.2010419368743896,
  "0x2ed3": 1.9001048803329468,
  "0x3ba8": 5.106339931488037,
  "0x3ba9": 2.597569465637207,
  "0x4710": 7.597369194030762,
  "0x4711": 2.198288917541504,
  "0x5188": 3.405496597290039,
  "0x5189": 2.1978588104248047,
  "0x5a16": 4.1867265701293945,
  "0x5a17": 1.6067426204681396,
  "0x61b4": 0.8064060211181641,
  "0x61b5": 2.6968960762023926,
  "0x6768": 0.8946125507354736,
  "0x6769": 1.6022984981536865,
  "0x71a0": 3.8027827739715576,
  "0x71a1": 2.998183488845825
}