{
  "0x305c": 5.401191234588623,
  "0x305d": 0.6063563227653503,
  "0x3d32": 5.587837219238281,
  "0x3d33": 2.1948885917663574,
  "0x489a": 3.1068689823150635,
  "0x489b": 1.0048059225082397,
  "0x5312": 5.709482669830322,
  "0x5313": 2.6890363693237305,
  "0x5ba0": 2.009401559829712,
  "0x5ba1": 0.4264962375164032,
  "0x633e": 5.3922834396362305,
  "0x633f": 3.042712688446045,
  "0x68f2": 4.910053253173828,
  "0x68f3": 2.389906644821167,
  "0x6db4": 7.2999653816223145,
  "0x6db5": 1.5031764507293701,
  "0x732a": 8.862565040588379,
  "0x732b": 3.0232598781585693,
  "0x77ae": 3.504138708114624,
  "0x77af": 0.495150625705719,
  "0x305e": 5.401191234588623,
  "0x305f": 0.6063563227653503,
  "0x3d34": 5.587837219238281,
  "0x3d35": 2.1948885917663574,
  "0x489c": 3.1068689823150635,
  "0x489d": 1.0048059225082397,
  "0x5314": 5.709482669830322,
  "0x5315": 2.6890363693237305,
  "0x5ba2": 2.009401559829712,
  "0x5ba3": 2.493842601776123,
  "0x6340": 5.3922834396362305,
  "0x6341": 3.042712688446045,
  "0x68f4": 4.910053253173828,
  "0x68f5": 2.389906644821167,
  "0x6db6": 7.2999653816223145,
  "0x6db7": -0.39200538396835327,
  "0x732c": 8.862565040588379,
  "0x732d": 3.0232598781585693,
  "0x77b0": 3.504138708114624,
  "0x77b1": 0.495150625705719,
  "0x3060": 5.401191234588623,
  "0x3061": 0.6063563227653503,
  "0x3d36": 5.587837219238281,
  "0x3d37": 2.1948885917663574,
  "0x489e": 3.1068689823150635,
  "0x489f": 1.0048059225082397,
  "0x5316": 5.709482669830322,
  "0x5317": 2.6890363693237305,
  "0x5ba4": 2.009401559829712,
  "0x5ba5": 2.493842601776123,
  "0x6342": 5.3922834396362305,
  "0x6343": 0.0027119263540953398,
  "0x68f6": 4.910053253173828,
  "0x68f7": 0.47440195083618164,
  "0x6db8": 7.2999653816223145,
  "0x6db9": 1.5031764507293701,
  "0x732e": 8.862565040588379,
  "0x732f": 3.0232598781585693,
  "0x77b2": 3.504138708114624,
  "0x77b3": 0.495150625705719,
  "0x3062": 5.401191234588623,
  "0x3063": 0.6063563227653503,
  "0x3d38": 5.587837219238281,
  "0x3d39": 2.1948885917663574,
  "0x48a0": 3.1068689823150635,
  "0x48a1": 1.0048059225082397,
  "0x5318": 5.709482669830322,
  "0x5319": 2.6890363693237305,
  "0x5ba6": 2.009401559829712,
  "0x5ba7": 2.493842601776123,
  "0x6344": 5.3922834396362305,
  "0x6345": 3.042712688446045,
  "0x68f8": 4.910053253173828,
  "0x68f9": 2.389906644821167,
  "0x6dba": 7.2999653816223145,
  "0x6dbb": 1.5031764507293701,
  "0x7330": 8.862565040588379,
  "0x7331": 3.0232598781585693,
  "0x77b4": 3.504138708114624,
  "0x77b5": 0.495150625705719,
  "0x3064": 5.401191234588623,
  "0x3065": 0.6063563227653503,
  "0x3d3a": 5.587837219238281,
  "0x3d3b": 2.1948885917663574,
  "0x48a2": 3.1068689823150635,
  "0x48a3": 1.0048059225082397,
  "0x531a": 5.709482669830322,
  "0x531b": 2.6890363693237305,
  "0x5ba8": 2.009401559829712,
  "0x5ba9": 2.493842601776123,
  "0x6346": 5.3922834396362305,
  "0x6347": 3.042712688446045,
  "0x68fa": 4.910053253173828,
  "0x68fb": 0.47440195083618164,
  "0x6dbc": 7.2999653816223145,
  "0x6dbd": 1.5031764507293701,
  "0x7332": 8.862565040588379,
  "0x7333": 1.184424638748169,
  "0x77b6": 3.504138708114624,
  "0x77b7": 0.495150625705719,
  "0x3066": 5.401191234588623,
  "0x3067": 0.6063563227653503,
  "0x3d3c": 5.587837219238281,
  "0x3d3d": 0.12910936772823334,
  "0x48a4": 3.1068689823150635,
  "0x48a5": 1.0048059225082397,
  "0x531c": 5.709482669830322,
  "0x531d": 2.6890363693237305,
  "0x5baa": 2.009401559829712,
  "0x5bab": 2.493842601776123,
  "0x6348": 5.3922834396362305,
  "0x6349": 0.0027119263540953398,
  "0x68fc": 0.3358606696128845,
  "0x68fd": 2.389906644821167,
  "0x6dbe": 7.2999653816223145,
  "0x6dbf": 1.5031764507293701,
  "0x7334": 8.862565040588379,
  "0x7335": 1.184424638748169,
  "0x77b8": 3.504138708114624,
  "0x77b9": 0.495150625705719,
  "0x3068": 5.401191234588623,
  "0x3069": 0.6063563227653503,
  "0x3d3e": 5.587837219238281,
  "0x3d3f": 2.1948885917663574,
  "0x48a6": 3.1068689823150635,
  "0x48a7": 1.0048059225082397,
  "0x531e": 5.709482669830322,
  "0x531f": 2.6890363693237305,
  "0x5bac": 2.009401559829712,
  "0x5bad": 0.4264962375164032,
  "0x634a": 5.3922834396362305,
  "0x634b": 3.042712688446045,
  "0x68fe": 4.910053253173828,
  "0x68ff": 2.389906644821167,
  "0x6dc0": 7.2999653816223145,
  "0x6dc1": 1.5031764507293701,
  "0x7336": 8.862565040588379,
  "0x7337": 3.0232598781585693,
  "0x77ba": 3.504138708114624,
  "0x77bb": 0.495150625705719
}