{
  "0x2fd0": 5.609593868255615,
  "0x2fd1": 1.1870743036270142,
  "0x3ca6": 12.165806770324707,
  "0x3ca7": 3.533254623413086,
  "0x480e": 8.122926712036133,
  "0x480f": 1.5762815475463867,
  "0x5286": 7.793205738067627,
  "0x5287": 3.102942705154419,
  "0x5b14": 3.205934524536133,
  "0x5b15": 1.1882950067520142,
  "0x62b2": 3.300676107406616,
  "0x62b3": 2.678957223892212,
  "0x6866": 2.002164125442505,
  "0x6867": 2.716714382171631,
  "0x6d28": 6.1996636390686035,
  "0x6d29": 2.991089105606079,
  "0x729e": 8.67440414428711,
  "0x729f": 0.9208028316497803,
  "0x7722": 10.611518859863281,
  "0x7723": 3.2944982051849365,
  "0x2fd2": 5.609593868255615,
  "0x2fd3": 1.1870743036270142,
  "0x3ca8": 12.165806770324707,
  "0x3ca9": 3.533254623413086,
  "0x4810": 8.122926712036133,
  "0x4811": 1.5762815475463867,
  "0x5288": 7.793205738067627,
  "0x5289": 3.102942705154419,
  "0x5b16": 3.205934524536133,
  "0x5b17": 1.1882950067520142,
  "0x62b4": 3.300676107406616,
  "0x62b5": 2.678957223892212,
  "0x6868": 2.002164125442505,
  "0x6869": 2.716714382171631,
  "0x6d2a": 6.1996636390686035,
  "0x6d2b": 2.991089105606079,
  "0x72a0": 8.67440414428711,
  "0x72a1": 0.9208028316497803,
  "0x7724": 10.611518859863281,
  "0x7725": 3.2944982051849365,
  "0x2fd4": 5.609593868255615,
  "0x2fd5": 1.1870743036270142,
  "0x3caa": 12.165806770324707,
  "0x3cab": 3.533254623413086,
  "0x4812": 8.122926712036133,
  "0x4813": 1.5762815475463867,
  "0x528a": 7.793205738067627,
  "0x528b": 3.102942705154419,
  "0x5b18": 3.205934524536133,
  "0x5b19": 1.1882950067520142,
  "0x62b6": 3.300676107406616,
  "0x62b7": 2.678957223892212,
  "0x686a": 2.002164125442505,
  "0x686b": 2.716714382171631,
  "0x6d2c": 6.1996636390686035,
  "0x6d2d": 2.991089105606079,
  "0x72a2": 8.67440414428711,
  "0x72a3": 0.9208028316497803,
  "0x7726": 10.611518859863281,
  "0x7727": 3.2944982051849365,
  "0x2fd6": 5.609593868255615,
  "0x2fd7": 1.1870743036270142,
  "0x3cac": 12.165806770324707,
  "0x3cad": 3.533254623413086,
  "0x4814": 8.122926712036133,
  "0x4815": 1.5762815475463867,
  "0x528c": 7.793205738067627,
  "0x528d": 3.102942705154419,
  "0x5b1a": 3.205934524536133,
  "0x5b1b": 1.1882950067520142,
  "0x62b8": 3.300676107406616,
  "0x62b9": 2.678957223892212,
  "0x686c": 2.002164125442505,
  "0x686d": 0.19355860352516174,
  "0x6d2e": 6.1996636390686035,
  "0x6d2f": 2.991089105606079,
  "0x72a4": 8.67440414428711,
  "0x72a5": 0.9208028316497803,
  "0x7728": 10.611518859863281,
  "0x7729": 3.2944982051849365,
  "0x2fd8": 5.609593868255615,
  "0x2fd9": 1.1870743036270142,
  "0x3cae": 12.165806770324707,
  "0x3caf": 3.533254623413086,
  "0x4816": 8.122926712036133,
  "0x4817": 1.5762815475463867,
  "0x528e": 7.793205738067627,
  "0x528f": 3.102942705154419,
  "0x5b1c": 3.205934524536133,
  "0x5b1d": 1.1882950067520142,
  "0x62ba": 3.300676107406616,
  "0x62bb": 2.678957223892212,
  "0x686e": 2.002164125442505,
  "0x686f": 2.716714382171631,
  "0x6d30": 6.1996636390686035,
  "0x6d31": 2.991089105606079,
  "0x72a6": 8.67440414428711,
  "0x72a7": 0.9208028316497803,
  "0x772a": 10.611518859863281,
  "0x772b": 3.2944982051849365,
  "0x2fda": 5.609593868255615,
  "0x2fdb": -0.5312293767929077,
  "0x3cb0": 12.165806770324707,
  "0x3cb1": 3.533254623413086,
  "0x4818": 8.122926712036133,
  "0x4819": 1.5762815475463867,
  "0x5290": 7.793205738067627,
  "0x5291": 3.102942705154419,
  "0x5b1e": 3.205934524536133,
  "0x5b1f": 1.1882950067520142,
  "0x62bc": 3.300676107406616,
  "0x62bd": 2.678957223892212,
  "0x6870": 2.002164125442505,
  "0x6871": 0.19355860352516174,
  "0x6d32": 6.1996636390686035,
  "0x6d33": 2.991089105606079,
  "0x72a8": 8.67440414428711,
  "0x72a9": 0.9208028316497803,
  "0x772c": 10.611518859863281,
  "0x772d": 3.2944982051849365,
  "0x2fdc": 5.609593868255615,
  "0x2fdd": -0.5312293767929077,
  "0x3cb2": 12.165806770324707,
  "0x3cb3": 3.533254623413086,
  "0x481a": 8.122926712036133,
  "0x481b": -0.6305676102638245,
  "0x5292": 7.793205738067627,
  "0x5293": 3.102942705154419,
  "0x5b20": 3.205934524536133,
  "0x5b21": 1.1882950067520142,
  "0x62be": 3.300676107406616,
  "0x62bf": 0.3244874179363251,
  "0x6872": 2.002164125442505,
  "0x6873": 2.716714382171631,
  "0x6d34": 6.1996636390686035,
  "0x6d35": 2.991089105606079,
  "0x72aa": 8.67440414428711,
  "0x72ab": 0.9208028316497803,
  "0x772e": 10.611518859863281,
  "0x772f": 3.2944982051849365
}